<?xml version="1.0" encoding="UTF-8"?>
<summary xmlns="http://www.hec.usace.army.mil/software/hec-hms">
  <HMS:run xmlns:HMS="http://www.hec.usace.army.mil/software/hec-hms" name="C1000000_0.2%">
    <HMS:description>Basin: C100-00-00  &amp;  Met: 0.2%_24HR  &amp;  Control: CONTROL15</HMS:description>
    <HMS:basin>C100-00-00</HMS:basin>
    <HMS:meteorology>0.2%_24HR</HMS:meteorology>
    <HMS:control>CONTROL15</HMS:control>
    <HMS:start>31May2007, 24:00</HMS:start>
    <HMS:end>02Jun2007, 24:00</HMS:end>
    <HMS:compute>11Mar2011, 12:08:27</HMS:compute>
  </HMS:run>
  <HMS:element xmlns:HMS="http://www.hec.usace.army.mil/software/hec-hms" type="junction" name="C1000000_0001_J">
    <HMS:area units="MI2">93.51</HMS:area>
    <HMS:peak_outflow units="CFS">53323.0</HMS:peak_outflow>
    <HMS:peak_time>01Jun2007, 21:30</HMS:peak_time>
    <HMS:outflow_depth units="IN">16.30</HMS:outflow_depth>
    <HMS:outflow_volume units="ACRE-FT">81266.6</HMS:outflow_volume>
  </HMS:element>
  <HMS:element xmlns:HMS="http://www.hec.usace.army.mil/software/hec-hms" type="subbasin" name="C102B">
    <HMS:area units="MI2">1.09</HMS:area>
    <HMS:peak_outflow units="CFS">2400.3</HMS:peak_outflow>
    <HMS:peak_time>01Jun2007, 16:45</HMS:peak_time>
    <HMS:outflow_depth units="IN">17.73</HMS:outflow_depth>
    <HMS:outflow_volume units="ACRE-FT">1030.6</HMS:outflow_volume>
    <HMS:baseflow_depth units="IN">0.00</HMS:baseflow_depth>
    <HMS:baseflow_volume units="ACRE-FT">0.0</HMS:baseflow_volume>
    <HMS:direct_runoff_depth units="IN">17.73</HMS:direct_runoff_depth>
    <HMS:direct_runoff_volume units="ACRE-FT">1030.6</HMS:direct_runoff_volume>
    <HMS:excess_depth units="IN">17.73</HMS:excess_depth>
    <HMS:excess_volume units="ACRE-FT">1030.6</HMS:excess_volume>
    <HMS:loss_depth units="IN">1.57</HMS:loss_depth>
    <HMS:loss_volume units="ACRE-FT">91.3</HMS:loss_volume>
  </HMS:element>
  <HMS:element xmlns:HMS="http://www.hec.usace.army.mil/software/hec-hms" type="junction" name="C1000000_0066_J">
    <HMS:area units="MI2">91.75</HMS:area>
    <HMS:peak_outflow units="CFS">52255.6</HMS:peak_outflow>
    <HMS:peak_time>01Jun2007, 21:00</HMS:peak_time>
    <HMS:outflow_depth units="IN">16.32</HMS:outflow_depth>
    <HMS:outflow_volume units="ACRE-FT">79861.3</HMS:outflow_volume>
  </HMS:element>
  <HMS:element xmlns:HMS="http://www.hec.usace.army.mil/software/hec-hms" type="subbasin" name="C103">
    <HMS:area units="MI2">1.61</HMS:area>
    <HMS:peak_outflow units="CFS">3230.8</HMS:peak_outflow>
    <HMS:peak_time>01Jun2007, 16:45</HMS:peak_time>
    <HMS:outflow_depth units="IN">17.39</HMS:outflow_depth>
    <HMS:outflow_volume units="ACRE-FT">1493.3</HMS:outflow_volume>
    <HMS:baseflow_depth units="IN">0.00</HMS:baseflow_depth>
    <HMS:baseflow_volume units="ACRE-FT">0.0</HMS:baseflow_volume>
    <HMS:direct_runoff_depth units="IN">17.39</HMS:direct_runoff_depth>
    <HMS:direct_runoff_volume units="ACRE-FT">1493.3</HMS:direct_runoff_volume>
    <HMS:excess_depth units="IN">17.39</HMS:excess_depth>
    <HMS:excess_volume units="ACRE-FT">1493.3</HMS:excess_volume>
    <HMS:loss_depth units="IN">1.91</HMS:loss_depth>
    <HMS:loss_volume units="ACRE-FT">163.9</HMS:loss_volume>
  </HMS:element>
  <HMS:element xmlns:HMS="http://www.hec.usace.army.mil/software/hec-hms" type="junction" name="C1000000_0149_J">
    <HMS:area units="MI2">68.69</HMS:area>
    <HMS:peak_outflow units="CFS">35353.4</HMS:peak_outflow>
    <HMS:peak_time>01Jun2007, 23:30</HMS:peak_time>
    <HMS:outflow_depth units="IN">16.22</HMS:outflow_depth>
    <HMS:outflow_volume units="ACRE-FT">59418.8</HMS:outflow_volume>
  </HMS:element>
  <HMS:element xmlns:HMS="http://www.hec.usace.army.mil/software/hec-hms" type="subbasin" name="C106G">
    <HMS:area units="MI2">3.07</HMS:area>
    <HMS:peak_outflow units="CFS">4348.7</HMS:peak_outflow>
    <HMS:peak_time>01Jun2007, 17:15</HMS:peak_time>
    <HMS:outflow_depth units="IN">16.59</HMS:outflow_depth>
    <HMS:outflow_volume units="ACRE-FT">2716.6</HMS:outflow_volume>
    <HMS:baseflow_depth units="IN">0.00</HMS:baseflow_depth>
    <HMS:baseflow_volume units="ACRE-FT">0.0</HMS:baseflow_volume>
    <HMS:direct_runoff_depth units="IN">16.59</HMS:direct_runoff_depth>
    <HMS:direct_runoff_volume units="ACRE-FT">2716.6</HMS:direct_runoff_volume>
    <HMS:excess_depth units="IN">16.59</HMS:excess_depth>
    <HMS:excess_volume units="ACRE-FT">2716.6</HMS:excess_volume>
    <HMS:loss_depth units="IN">2.71</HMS:loss_depth>
    <HMS:loss_volume units="ACRE-FT">443.4</HMS:loss_volume>
  </HMS:element>
  <HMS:element xmlns:HMS="http://www.hec.usace.army.mil/software/hec-hms" type="junction" name="C1000000_0274_J">
    <HMS:area units="MI2">63.55</HMS:area>
    <HMS:peak_outflow units="CFS">33163.8</HMS:peak_outflow>
    <HMS:peak_time>01Jun2007, 22:30</HMS:peak_time>
    <HMS:outflow_depth units="IN">16.29</HMS:outflow_depth>
    <HMS:outflow_volume units="ACRE-FT">55226.2</HMS:outflow_volume>
  </HMS:element>
  <HMS:element xmlns:HMS="http://www.hec.usace.army.mil/software/hec-hms" type="subbasin" name="C100J">
    <HMS:area units="MI2">6.27</HMS:area>
    <HMS:peak_outflow units="CFS">3006.7</HMS:peak_outflow>
    <HMS:peak_time>01Jun2007, 19:45</HMS:peak_time>
    <HMS:outflow_depth units="IN">14.40</HMS:outflow_depth>
    <HMS:outflow_volume units="ACRE-FT">4815.5</HMS:outflow_volume>
    <HMS:baseflow_depth units="IN">0.00</HMS:baseflow_depth>
    <HMS:baseflow_volume units="ACRE-FT">0.0</HMS:baseflow_volume>
    <HMS:direct_runoff_depth units="IN">14.40</HMS:direct_runoff_depth>
    <HMS:direct_runoff_volume units="ACRE-FT">4815.5</HMS:direct_runoff_volume>
    <HMS:excess_depth units="IN">16.55</HMS:excess_depth>
    <HMS:excess_volume units="ACRE-FT">5533.2</HMS:excess_volume>
    <HMS:loss_depth units="IN">2.75</HMS:loss_depth>
    <HMS:loss_volume units="ACRE-FT">920.6</HMS:loss_volume>
  </HMS:element>
  <HMS:element xmlns:HMS="http://www.hec.usace.army.mil/software/hec-hms" type="junction" name="C1060000_0078_J">
    <HMS:area units="MI2">14.39</HMS:area>
    <HMS:peak_outflow units="CFS">15757.5</HMS:peak_outflow>
    <HMS:peak_time>01Jun2007, 18:15</HMS:peak_time>
    <HMS:outflow_depth units="IN">16.89</HMS:outflow_depth>
    <HMS:outflow_volume units="ACRE-FT">12965.2</HMS:outflow_volume>
  </HMS:element>
  <HMS:element xmlns:HMS="http://www.hec.usace.army.mil/software/hec-hms" type="subbasin" name="C106C">
    <HMS:area units="MI2">1.89</HMS:area>
    <HMS:peak_outflow units="CFS">3497.2</HMS:peak_outflow>
    <HMS:peak_time>01Jun2007, 16:45</HMS:peak_time>
    <HMS:outflow_depth units="IN">17.03</HMS:outflow_depth>
    <HMS:outflow_volume units="ACRE-FT">1717.1</HMS:outflow_volume>
    <HMS:baseflow_depth units="IN">0.00</HMS:baseflow_depth>
    <HMS:baseflow_volume units="ACRE-FT">0.0</HMS:baseflow_volume>
    <HMS:direct_runoff_depth units="IN">17.03</HMS:direct_runoff_depth>
    <HMS:direct_runoff_volume units="ACRE-FT">1717.1</HMS:direct_runoff_volume>
    <HMS:excess_depth units="IN">17.03</HMS:excess_depth>
    <HMS:excess_volume units="ACRE-FT">1717.1</HMS:excess_volume>
    <HMS:loss_depth units="IN">2.27</HMS:loss_depth>
    <HMS:loss_volume units="ACRE-FT">228.4</HMS:loss_volume>
  </HMS:element>
  <HMS:element xmlns:HMS="http://www.hec.usace.army.mil/software/hec-hms" type="junction" name="C1000000_0429_J">
    <HMS:area units="MI2">55.05</HMS:area>
    <HMS:peak_outflow units="CFS">29051.8</HMS:peak_outflow>
    <HMS:peak_time>02Jun2007, 00:45</HMS:peak_time>
    <HMS:outflow_depth units="IN">16.70</HMS:outflow_depth>
    <HMS:outflow_volume units="ACRE-FT">49041.0</HMS:outflow_volume>
  </HMS:element>
  <HMS:element xmlns:HMS="http://www.hec.usace.army.mil/software/hec-hms" type="subbasin" name="C118">
    <HMS:area units="MI2">3.87</HMS:area>
    <HMS:peak_outflow units="CFS">4344.3</HMS:peak_outflow>
    <HMS:peak_time>01Jun2007, 17:30</HMS:peak_time>
    <HMS:outflow_depth units="IN">16.95</HMS:outflow_depth>
    <HMS:outflow_volume units="ACRE-FT">3498.6</HMS:outflow_volume>
    <HMS:baseflow_depth units="IN">0.00</HMS:baseflow_depth>
    <HMS:baseflow_volume units="ACRE-FT">0.0</HMS:baseflow_volume>
    <HMS:direct_runoff_depth units="IN">16.95</HMS:direct_runoff_depth>
    <HMS:direct_runoff_volume units="ACRE-FT">3498.6</HMS:direct_runoff_volume>
    <HMS:excess_depth units="IN">16.95</HMS:excess_depth>
    <HMS:excess_volume units="ACRE-FT">3498.6</HMS:excess_volume>
    <HMS:loss_depth units="IN">2.35</HMS:loss_depth>
    <HMS:loss_volume units="ACRE-FT">484.9</HMS:loss_volume>
  </HMS:element>
  <HMS:element xmlns:HMS="http://www.hec.usace.army.mil/software/hec-hms" type="subbasin" name="C100L">
    <HMS:area units="MI2">3.38</HMS:area>
    <HMS:peak_outflow units="CFS">4970.3</HMS:peak_outflow>
    <HMS:peak_time>01Jun2007, 17:15</HMS:peak_time>
    <HMS:outflow_depth units="IN">17.00</HMS:outflow_depth>
    <HMS:outflow_volume units="ACRE-FT">3064.1</HMS:outflow_volume>
    <HMS:baseflow_depth units="IN">0.00</HMS:baseflow_depth>
    <HMS:baseflow_volume units="ACRE-FT">0.0</HMS:baseflow_volume>
    <HMS:direct_runoff_depth units="IN">17.00</HMS:direct_runoff_depth>
    <HMS:direct_runoff_volume units="ACRE-FT">3064.1</HMS:direct_runoff_volume>
    <HMS:excess_depth units="IN">17.00</HMS:excess_depth>
    <HMS:excess_volume units="ACRE-FT">3064.1</HMS:excess_volume>
    <HMS:loss_depth units="IN">2.30</HMS:loss_depth>
    <HMS:loss_volume units="ACRE-FT">415.0</HMS:loss_volume>
  </HMS:element>
  <HMS:element xmlns:HMS="http://www.hec.usace.army.mil/software/hec-hms" type="subbasin" name="C106F">
    <HMS:area units="MI2">2.02</HMS:area>
    <HMS:peak_outflow units="CFS">2079.0</HMS:peak_outflow>
    <HMS:peak_time>01Jun2007, 17:45</HMS:peak_time>
    <HMS:outflow_depth units="IN">16.97</HMS:outflow_depth>
    <HMS:outflow_volume units="ACRE-FT">1827.7</HMS:outflow_volume>
    <HMS:baseflow_depth units="IN">0.00</HMS:baseflow_depth>
    <HMS:baseflow_volume units="ACRE-FT">0.0</HMS:baseflow_volume>
    <HMS:direct_runoff_depth units="IN">16.97</HMS:direct_runoff_depth>
    <HMS:direct_runoff_volume units="ACRE-FT">1827.7</HMS:direct_runoff_volume>
    <HMS:excess_depth units="IN">16.97</HMS:excess_depth>
    <HMS:excess_volume units="ACRE-FT">1828.1</HMS:excess_volume>
    <HMS:loss_depth units="IN">2.33</HMS:loss_depth>
    <HMS:loss_volume units="ACRE-FT">251.1</HMS:loss_volume>
  </HMS:element>
  <HMS:element xmlns:HMS="http://www.hec.usace.army.mil/software/hec-hms" type="junction" name="C1000000_0755_J">
    <HMS:area units="MI2">32.50</HMS:area>
    <HMS:peak_outflow units="CFS">28166.8</HMS:peak_outflow>
    <HMS:peak_time>01Jun2007, 20:15</HMS:peak_time>
    <HMS:outflow_depth units="IN">18.30</HMS:outflow_depth>
    <HMS:outflow_volume units="ACRE-FT">31728.6</HMS:outflow_volume>
  </HMS:element>
  <HMS:element xmlns:HMS="http://www.hec.usace.army.mil/software/hec-hms" type="subbasin" name="C137">
    <HMS:area units="MI2">1.56</HMS:area>
    <HMS:peak_outflow units="CFS">1608.0</HMS:peak_outflow>
    <HMS:peak_time>01Jun2007, 17:30</HMS:peak_time>
    <HMS:outflow_depth units="IN">15.78</HMS:outflow_depth>
    <HMS:outflow_volume units="ACRE-FT">1313.1</HMS:outflow_volume>
    <HMS:baseflow_depth units="IN">0.00</HMS:baseflow_depth>
    <HMS:baseflow_volume units="ACRE-FT">0.0</HMS:baseflow_volume>
    <HMS:direct_runoff_depth units="IN">15.78</HMS:direct_runoff_depth>
    <HMS:direct_runoff_volume units="ACRE-FT">1313.1</HMS:direct_runoff_volume>
    <HMS:excess_depth units="IN">15.78</HMS:excess_depth>
    <HMS:excess_volume units="ACRE-FT">1313.2</HMS:excess_volume>
    <HMS:loss_depth units="IN">3.52</HMS:loss_depth>
    <HMS:loss_volume units="ACRE-FT">292.5</HMS:loss_volume>
  </HMS:element>
  <HMS:element xmlns:HMS="http://www.hec.usace.army.mil/software/hec-hms" type="subbasin" name="C123">
    <HMS:area units="MI2">2.44</HMS:area>
    <HMS:peak_outflow units="CFS">2541.1</HMS:peak_outflow>
    <HMS:peak_time>01Jun2007, 17:45</HMS:peak_time>
    <HMS:outflow_depth units="IN">15.54</HMS:outflow_depth>
    <HMS:outflow_volume units="ACRE-FT">2022.4</HMS:outflow_volume>
    <HMS:baseflow_depth units="IN">0.00</HMS:baseflow_depth>
    <HMS:baseflow_volume units="ACRE-FT">0.0</HMS:baseflow_volume>
    <HMS:direct_runoff_depth units="IN">15.54</HMS:direct_runoff_depth>
    <HMS:direct_runoff_volume units="ACRE-FT">2022.4</HMS:direct_runoff_volume>
    <HMS:excess_depth units="IN">15.54</HMS:excess_depth>
    <HMS:excess_volume units="ACRE-FT">2022.5</HMS:excess_volume>
    <HMS:loss_depth units="IN">3.76</HMS:loss_depth>
    <HMS:loss_volume units="ACRE-FT">489.0</HMS:loss_volume>
  </HMS:element>
  <HMS:element xmlns:HMS="http://www.hec.usace.army.mil/software/hec-hms" type="junction" name="C1060000_0138_J">
    <HMS:area units="MI2">9.59</HMS:area>
    <HMS:peak_outflow units="CFS">11907.0</HMS:peak_outflow>
    <HMS:peak_time>01Jun2007, 17:30</HMS:peak_time>
    <HMS:outflow_depth units="IN">16.98</HMS:outflow_depth>
    <HMS:outflow_volume units="ACRE-FT">8683.9</HMS:outflow_volume>
  </HMS:element>
  <HMS:element xmlns:HMS="http://www.hec.usace.army.mil/software/hec-hms" type="subbasin" name="C106D">
    <HMS:area units="MI2">2.86</HMS:area>
    <HMS:peak_outflow units="CFS">3205.1</HMS:peak_outflow>
    <HMS:peak_time>01Jun2007, 17:30</HMS:peak_time>
    <HMS:outflow_depth units="IN">17.04</HMS:outflow_depth>
    <HMS:outflow_volume units="ACRE-FT">2599.8</HMS:outflow_volume>
    <HMS:baseflow_depth units="IN">0.00</HMS:baseflow_depth>
    <HMS:baseflow_volume units="ACRE-FT">0.0</HMS:baseflow_volume>
    <HMS:direct_runoff_depth units="IN">17.04</HMS:direct_runoff_depth>
    <HMS:direct_runoff_volume units="ACRE-FT">2599.8</HMS:direct_runoff_volume>
    <HMS:excess_depth units="IN">17.04</HMS:excess_depth>
    <HMS:excess_volume units="ACRE-FT">2599.8</HMS:excess_volume>
    <HMS:loss_depth units="IN">2.26</HMS:loss_depth>
    <HMS:loss_volume units="ACRE-FT">344.0</HMS:loss_volume>
  </HMS:element>
  <HMS:element xmlns:HMS="http://www.hec.usace.army.mil/software/hec-hms" type="subbasin" name="C120">
    <HMS:area units="MI2">2.23</HMS:area>
    <HMS:peak_outflow units="CFS">2258.8</HMS:peak_outflow>
    <HMS:peak_time>01Jun2007, 17:45</HMS:peak_time>
    <HMS:outflow_depth units="IN">15.44</HMS:outflow_depth>
    <HMS:outflow_volume units="ACRE-FT">1835.9</HMS:outflow_volume>
    <HMS:baseflow_depth units="IN">0.00</HMS:baseflow_depth>
    <HMS:baseflow_volume units="ACRE-FT">0.0</HMS:baseflow_volume>
    <HMS:direct_runoff_depth units="IN">15.44</HMS:direct_runoff_depth>
    <HMS:direct_runoff_volume units="ACRE-FT">1835.9</HMS:direct_runoff_volume>
    <HMS:excess_depth units="IN">15.44</HMS:excess_depth>
    <HMS:excess_volume units="ACRE-FT">1836.1</HMS:excess_volume>
    <HMS:loss_depth units="IN">3.86</HMS:loss_depth>
    <HMS:loss_volume units="ACRE-FT">459.3</HMS:loss_volume>
  </HMS:element>
  <HMS:element xmlns:HMS="http://www.hec.usace.army.mil/software/hec-hms" type="junction" name="C1000000_0478_J">
    <HMS:area units="MI2">48.74</HMS:area>
    <HMS:peak_outflow units="CFS">27775.8</HMS:peak_outflow>
    <HMS:peak_time>02Jun2007, 04:00</HMS:peak_time>
    <HMS:outflow_depth units="IN">16.81</HMS:outflow_depth>
    <HMS:outflow_volume units="ACRE-FT">43691.6</HMS:outflow_volume>
  </HMS:element>
  <HMS:element xmlns:HMS="http://www.hec.usace.army.mil/software/hec-hms" type="subbasin" name="C100I">
    <HMS:area units="MI2">3.79</HMS:area>
    <HMS:peak_outflow units="CFS">4565.8</HMS:peak_outflow>
    <HMS:peak_time>01Jun2007, 17:15</HMS:peak_time>
    <HMS:outflow_depth units="IN">16.33</HMS:outflow_depth>
    <HMS:outflow_volume units="ACRE-FT">3300.9</HMS:outflow_volume>
    <HMS:baseflow_depth units="IN">0.00</HMS:baseflow_depth>
    <HMS:baseflow_volume units="ACRE-FT">0.0</HMS:baseflow_volume>
    <HMS:direct_runoff_depth units="IN">16.33</HMS:direct_runoff_depth>
    <HMS:direct_runoff_volume units="ACRE-FT">3300.9</HMS:direct_runoff_volume>
    <HMS:excess_depth units="IN">16.33</HMS:excess_depth>
    <HMS:excess_volume units="ACRE-FT">3300.9</HMS:excess_volume>
    <HMS:loss_depth units="IN">2.97</HMS:loss_depth>
    <HMS:loss_volume units="ACRE-FT">600.2</HMS:loss_volume>
  </HMS:element>
  <HMS:element xmlns:HMS="http://www.hec.usace.army.mil/software/hec-hms" type="junction" name="C1000000_0696_J">
    <HMS:area units="MI2">34.73</HMS:area>
    <HMS:peak_outflow units="CFS">28542.0</HMS:peak_outflow>
    <HMS:peak_time>01Jun2007, 21:45</HMS:peak_time>
    <HMS:outflow_depth units="IN">17.99</HMS:outflow_depth>
    <HMS:outflow_volume units="ACRE-FT">33328.7</HMS:outflow_volume>
  </HMS:element>
  <HMS:element xmlns:HMS="http://www.hec.usace.army.mil/software/hec-hms" type="subbasin" name="C100G">
    <HMS:area units="MI2">2.23</HMS:area>
    <HMS:peak_outflow units="CFS">1792.4</HMS:peak_outflow>
    <HMS:peak_time>01Jun2007, 18:00</HMS:peak_time>
    <HMS:outflow_depth units="IN">14.73</HMS:outflow_depth>
    <HMS:outflow_volume units="ACRE-FT">1751.3</HMS:outflow_volume>
    <HMS:baseflow_depth units="IN">0.00</HMS:baseflow_depth>
    <HMS:baseflow_volume units="ACRE-FT">0.0</HMS:baseflow_volume>
    <HMS:direct_runoff_depth units="IN">14.73</HMS:direct_runoff_depth>
    <HMS:direct_runoff_volume units="ACRE-FT">1751.3</HMS:direct_runoff_volume>
    <HMS:excess_depth units="IN">14.83</HMS:excess_depth>
    <HMS:excess_volume units="ACRE-FT">1763.3</HMS:excess_volume>
    <HMS:loss_depth units="IN">4.47</HMS:loss_depth>
    <HMS:loss_volume units="ACRE-FT">532.1</HMS:loss_volume>
  </HMS:element>
  <HMS:element xmlns:HMS="http://www.hec.usace.army.mil/software/hec-hms" type="subbasin" name="C132">
    <HMS:area units="MI2">4.07</HMS:area>
    <HMS:peak_outflow units="CFS">2294.7</HMS:peak_outflow>
    <HMS:peak_time>01Jun2007, 19:15</HMS:peak_time>
    <HMS:outflow_depth units="IN">14.39</HMS:outflow_depth>
    <HMS:outflow_volume units="ACRE-FT">3124.5</HMS:outflow_volume>
    <HMS:baseflow_depth units="IN">0.00</HMS:baseflow_depth>
    <HMS:baseflow_volume units="ACRE-FT">0.0</HMS:baseflow_volume>
    <HMS:direct_runoff_depth units="IN">14.39</HMS:direct_runoff_depth>
    <HMS:direct_runoff_volume units="ACRE-FT">3124.5</HMS:direct_runoff_volume>
    <HMS:excess_depth units="IN">15.43</HMS:excess_depth>
    <HMS:excess_volume units="ACRE-FT">3349.2</HMS:excess_volume>
    <HMS:loss_depth units="IN">3.87</HMS:loss_depth>
    <HMS:loss_volume units="ACRE-FT">840.2</HMS:loss_volume>
  </HMS:element>
  <HMS:element xmlns:HMS="http://www.hec.usace.army.mil/software/hec-hms" type="junction" name="C1060000_0210_J">
    <HMS:area units="MI2">4.84</HMS:area>
    <HMS:peak_outflow units="CFS">5566.8</HMS:peak_outflow>
    <HMS:peak_time>01Jun2007, 17:30</HMS:peak_time>
    <HMS:outflow_depth units="IN">16.92</HMS:outflow_depth>
    <HMS:outflow_volume units="ACRE-FT">4367.1</HMS:outflow_volume>
  </HMS:element>
  <HMS:element xmlns:HMS="http://www.hec.usace.army.mil/software/hec-hms" type="subbasin" name="C106B">
    <HMS:area units="MI2">3.02</HMS:area>
    <HMS:peak_outflow units="CFS">3208.9</HMS:peak_outflow>
    <HMS:peak_time>01Jun2007, 17:45</HMS:peak_time>
    <HMS:outflow_depth units="IN">16.85</HMS:outflow_depth>
    <HMS:outflow_volume units="ACRE-FT">2714.7</HMS:outflow_volume>
    <HMS:baseflow_depth units="IN">0.00</HMS:baseflow_depth>
    <HMS:baseflow_volume units="ACRE-FT">0.0</HMS:baseflow_volume>
    <HMS:direct_runoff_depth units="IN">16.85</HMS:direct_runoff_depth>
    <HMS:direct_runoff_volume units="ACRE-FT">2714.7</HMS:direct_runoff_volume>
    <HMS:excess_depth units="IN">16.86</HMS:excess_depth>
    <HMS:excess_volume units="ACRE-FT">2714.9</HMS:excess_volume>
    <HMS:loss_depth units="IN">2.44</HMS:loss_depth>
    <HMS:loss_volume units="ACRE-FT">393.6</HMS:loss_volume>
  </HMS:element>
  <HMS:element xmlns:HMS="http://www.hec.usace.army.mil/software/hec-hms" type="subbasin" name="C106A">
    <HMS:area units="MI2">1.82</HMS:area>
    <HMS:peak_outflow units="CFS">2383.7</HMS:peak_outflow>
    <HMS:peak_time>01Jun2007, 17:15</HMS:peak_time>
    <HMS:outflow_depth units="IN">17.02</HMS:outflow_depth>
    <HMS:outflow_volume units="ACRE-FT">1652.4</HMS:outflow_volume>
    <HMS:baseflow_depth units="IN">0.00</HMS:baseflow_depth>
    <HMS:baseflow_volume units="ACRE-FT">0.0</HMS:baseflow_volume>
    <HMS:direct_runoff_depth units="IN">17.02</HMS:direct_runoff_depth>
    <HMS:direct_runoff_volume units="ACRE-FT">1652.4</HMS:direct_runoff_volume>
    <HMS:excess_depth units="IN">17.02</HMS:excess_depth>
    <HMS:excess_volume units="ACRE-FT">1652.4</HMS:excess_volume>
    <HMS:loss_depth units="IN">2.28</HMS:loss_depth>
    <HMS:loss_volume units="ACRE-FT">221.0</HMS:loss_volume>
  </HMS:element>
  <HMS:element xmlns:HMS="http://www.hec.usace.army.mil/software/hec-hms" type="junction" name="C1060100_0166_J">
    <HMS:area units="MI2">2.78</HMS:area>
    <HMS:peak_outflow units="CFS">2677.2</HMS:peak_outflow>
    <HMS:peak_time>01Jun2007, 17:45</HMS:peak_time>
    <HMS:outflow_depth units="IN">16.56</HMS:outflow_depth>
    <HMS:outflow_volume units="ACRE-FT">2455.0</HMS:outflow_volume>
  </HMS:element>
  <HMS:element xmlns:HMS="http://www.hec.usace.army.mil/software/hec-hms" type="subbasin" name="C106E">
    <HMS:area units="MI2">2.78</HMS:area>
    <HMS:peak_outflow units="CFS">2677.2</HMS:peak_outflow>
    <HMS:peak_time>01Jun2007, 17:45</HMS:peak_time>
    <HMS:outflow_depth units="IN">16.56</HMS:outflow_depth>
    <HMS:outflow_volume units="ACRE-FT">2455.0</HMS:outflow_volume>
    <HMS:baseflow_depth units="IN">0.00</HMS:baseflow_depth>
    <HMS:baseflow_volume units="ACRE-FT">0.0</HMS:baseflow_volume>
    <HMS:direct_runoff_depth units="IN">16.56</HMS:direct_runoff_depth>
    <HMS:direct_runoff_volume units="ACRE-FT">2455.0</HMS:direct_runoff_volume>
    <HMS:excess_depth units="IN">16.57</HMS:excess_depth>
    <HMS:excess_volume units="ACRE-FT">2456.7</HMS:excess_volume>
    <HMS:loss_depth units="IN">2.73</HMS:loss_depth>
    <HMS:loss_volume units="ACRE-FT">404.8</HMS:loss_volume>
  </HMS:element>
  <HMS:element xmlns:HMS="http://www.hec.usace.army.mil/software/hec-hms" type="subbasin" name="C100E">
    <HMS:area units="MI2">2.24</HMS:area>
    <HMS:peak_outflow units="CFS">2412.9</HMS:peak_outflow>
    <HMS:peak_time>01Jun2007, 18:15</HMS:peak_time>
    <HMS:outflow_depth units="IN">16.65</HMS:outflow_depth>
    <HMS:outflow_volume units="ACRE-FT">1989.7</HMS:outflow_volume>
    <HMS:baseflow_depth units="IN">0.00</HMS:baseflow_depth>
    <HMS:baseflow_volume units="ACRE-FT">0.0</HMS:baseflow_volume>
    <HMS:direct_runoff_depth units="IN">16.65</HMS:direct_runoff_depth>
    <HMS:direct_runoff_volume units="ACRE-FT">1989.7</HMS:direct_runoff_volume>
    <HMS:excess_depth units="IN">16.66</HMS:excess_depth>
    <HMS:excess_volume units="ACRE-FT">1989.8</HMS:excess_volume>
    <HMS:loss_depth units="IN">2.64</HMS:loss_depth>
    <HMS:loss_volume units="ACRE-FT">315.8</HMS:loss_volume>
  </HMS:element>
  <HMS:element xmlns:HMS="http://www.hec.usace.army.mil/software/hec-hms" type="subbasin" name="C100K">
    <HMS:area units="MI2">1.76</HMS:area>
    <HMS:peak_outflow units="CFS">2144.8</HMS:peak_outflow>
    <HMS:peak_time>01Jun2007, 17:30</HMS:peak_time>
    <HMS:outflow_depth units="IN">16.26</HMS:outflow_depth>
    <HMS:outflow_volume units="ACRE-FT">1525.9</HMS:outflow_volume>
    <HMS:baseflow_depth units="IN">0.00</HMS:baseflow_depth>
    <HMS:baseflow_volume units="ACRE-FT">0.0</HMS:baseflow_volume>
    <HMS:direct_runoff_depth units="IN">16.26</HMS:direct_runoff_depth>
    <HMS:direct_runoff_volume units="ACRE-FT">1525.9</HMS:direct_runoff_volume>
    <HMS:excess_depth units="IN">16.26</HMS:excess_depth>
    <HMS:excess_volume units="ACRE-FT">1525.9</HMS:excess_volume>
    <HMS:loss_depth units="IN">3.04</HMS:loss_depth>
    <HMS:loss_volume units="ACRE-FT">285.7</HMS:loss_volume>
  </HMS:element>
  <HMS:element xmlns:HMS="http://www.hec.usace.army.mil/software/hec-hms" type="junction" name="C1000000_0820_J">
    <HMS:area units="MI2">28.36</HMS:area>
    <HMS:peak_outflow units="CFS">24728.7</HMS:peak_outflow>
    <HMS:peak_time>01Jun2007, 20:00</HMS:peak_time>
    <HMS:outflow_depth units="IN">18.75</HMS:outflow_depth>
    <HMS:outflow_volume units="ACRE-FT">28366.2</HMS:outflow_volume>
  </HMS:element>
  <HMS:element xmlns:HMS="http://www.hec.usace.army.mil/software/hec-hms" type="subbasin" name="C161">
    <HMS:area units="MI2">2.39</HMS:area>
    <HMS:peak_outflow units="CFS">1800.1</HMS:peak_outflow>
    <HMS:peak_time>01Jun2007, 18:45</HMS:peak_time>
    <HMS:outflow_depth units="IN">15.11</HMS:outflow_depth>
    <HMS:outflow_volume units="ACRE-FT">1925.9</HMS:outflow_volume>
    <HMS:baseflow_depth units="IN">0.00</HMS:baseflow_depth>
    <HMS:baseflow_volume units="ACRE-FT">0.0</HMS:baseflow_volume>
    <HMS:direct_runoff_depth units="IN">15.11</HMS:direct_runoff_depth>
    <HMS:direct_runoff_volume units="ACRE-FT">1925.9</HMS:direct_runoff_volume>
    <HMS:excess_depth units="IN">15.34</HMS:excess_depth>
    <HMS:excess_volume units="ACRE-FT">1954.7</HMS:excess_volume>
    <HMS:loss_depth units="IN">3.96</HMS:loss_depth>
    <HMS:loss_volume units="ACRE-FT">505.4</HMS:loss_volume>
  </HMS:element>
  <HMS:element xmlns:HMS="http://www.hec.usace.army.mil/software/hec-hms" type="subbasin" name="C134">
    <HMS:area units="MI2">2.03</HMS:area>
    <HMS:peak_outflow units="CFS">1149.1</HMS:peak_outflow>
    <HMS:peak_time>01Jun2007, 20:00</HMS:peak_time>
    <HMS:outflow_depth units="IN">14.08</HMS:outflow_depth>
    <HMS:outflow_volume units="ACRE-FT">1524.5</HMS:outflow_volume>
    <HMS:baseflow_depth units="IN">0.00</HMS:baseflow_depth>
    <HMS:baseflow_volume units="ACRE-FT">0.0</HMS:baseflow_volume>
    <HMS:direct_runoff_depth units="IN">14.08</HMS:direct_runoff_depth>
    <HMS:direct_runoff_volume units="ACRE-FT">1524.5</HMS:direct_runoff_volume>
    <HMS:excess_depth units="IN">15.08</HMS:excess_depth>
    <HMS:excess_volume units="ACRE-FT">1633.0</HMS:excess_volume>
    <HMS:loss_depth units="IN">4.22</HMS:loss_depth>
    <HMS:loss_volume units="ACRE-FT">456.6</HMS:loss_volume>
  </HMS:element>
  <HMS:element xmlns:HMS="http://www.hec.usace.army.mil/software/hec-hms" type="subbasin" name="C143">
    <HMS:area units="MI2">1.98</HMS:area>
    <HMS:peak_outflow units="CFS">1918.1</HMS:peak_outflow>
    <HMS:peak_time>01Jun2007, 17:30</HMS:peak_time>
    <HMS:outflow_depth units="IN">15.93</HMS:outflow_depth>
    <HMS:outflow_volume units="ACRE-FT">1681.8</HMS:outflow_volume>
    <HMS:baseflow_depth units="IN">0.00</HMS:baseflow_depth>
    <HMS:baseflow_volume units="ACRE-FT">0.0</HMS:baseflow_volume>
    <HMS:direct_runoff_depth units="IN">15.93</HMS:direct_runoff_depth>
    <HMS:direct_runoff_volume units="ACRE-FT">1681.8</HMS:direct_runoff_volume>
    <HMS:excess_depth units="IN">15.93</HMS:excess_depth>
    <HMS:excess_volume units="ACRE-FT">1682.4</HMS:excess_volume>
    <HMS:loss_depth units="IN">3.37</HMS:loss_depth>
    <HMS:loss_volume units="ACRE-FT">355.6</HMS:loss_volume>
  </HMS:element>
  <HMS:element xmlns:HMS="http://www.hec.usace.army.mil/software/hec-hms" type="subbasin" name="C144">
    <HMS:area units="MI2">1.02</HMS:area>
    <HMS:peak_outflow units="CFS">1022.7</HMS:peak_outflow>
    <HMS:peak_time>01Jun2007, 17:30</HMS:peak_time>
    <HMS:outflow_depth units="IN">15.74</HMS:outflow_depth>
    <HMS:outflow_volume units="ACRE-FT">856.1</HMS:outflow_volume>
    <HMS:baseflow_depth units="IN">0.00</HMS:baseflow_depth>
    <HMS:baseflow_volume units="ACRE-FT">0.0</HMS:baseflow_volume>
    <HMS:direct_runoff_depth units="IN">15.74</HMS:direct_runoff_depth>
    <HMS:direct_runoff_volume units="ACRE-FT">856.1</HMS:direct_runoff_volume>
    <HMS:excess_depth units="IN">15.74</HMS:excess_depth>
    <HMS:excess_volume units="ACRE-FT">856.2</HMS:excess_volume>
    <HMS:loss_depth units="IN">3.56</HMS:loss_depth>
    <HMS:loss_volume units="ACRE-FT">193.7</HMS:loss_volume>
  </HMS:element>
  <HMS:element xmlns:HMS="http://www.hec.usace.army.mil/software/hec-hms" type="subbasin" name="C147C">
    <HMS:area units="MI2">2.63</HMS:area>
    <HMS:peak_outflow units="CFS">3379.6</HMS:peak_outflow>
    <HMS:peak_time>01Jun2007, 17:30</HMS:peak_time>
    <HMS:outflow_depth units="IN">16.51</HMS:outflow_depth>
    <HMS:outflow_volume units="ACRE-FT">2315.7</HMS:outflow_volume>
    <HMS:baseflow_depth units="IN">0.00</HMS:baseflow_depth>
    <HMS:baseflow_volume units="ACRE-FT">0.0</HMS:baseflow_volume>
    <HMS:direct_runoff_depth units="IN">16.51</HMS:direct_runoff_depth>
    <HMS:direct_runoff_volume units="ACRE-FT">2315.7</HMS:direct_runoff_volume>
    <HMS:excess_depth units="IN">16.51</HMS:excess_depth>
    <HMS:excess_volume units="ACRE-FT">2315.7</HMS:excess_volume>
    <HMS:loss_depth units="IN">2.79</HMS:loss_depth>
    <HMS:loss_volume units="ACRE-FT">391.4</HMS:loss_volume>
  </HMS:element>
  <HMS:element xmlns:HMS="http://www.hec.usace.army.mil/software/hec-hms" type="subbasin" name="C100F">
    <HMS:area units="MI2">2.58</HMS:area>
    <HMS:peak_outflow units="CFS">2793.0</HMS:peak_outflow>
    <HMS:peak_time>01Jun2007, 17:45</HMS:peak_time>
    <HMS:outflow_depth units="IN">15.81</HMS:outflow_depth>
    <HMS:outflow_volume units="ACRE-FT">2174.8</HMS:outflow_volume>
    <HMS:baseflow_depth units="IN">0.00</HMS:baseflow_depth>
    <HMS:baseflow_volume units="ACRE-FT">0.0</HMS:baseflow_volume>
    <HMS:direct_runoff_depth units="IN">15.81</HMS:direct_runoff_depth>
    <HMS:direct_runoff_volume units="ACRE-FT">2174.8</HMS:direct_runoff_volume>
    <HMS:excess_depth units="IN">15.81</HMS:excess_depth>
    <HMS:excess_volume units="ACRE-FT">2174.8</HMS:excess_volume>
    <HMS:loss_depth units="IN">3.49</HMS:loss_depth>
    <HMS:loss_volume units="ACRE-FT">480.8</HMS:loss_volume>
  </HMS:element>
  <HMS:element xmlns:HMS="http://www.hec.usace.army.mil/software/hec-hms" type="junction" name="C1470200_9901_J">
    <HMS:area units="MI2">1.82</HMS:area>
    <HMS:peak_outflow units="CFS">1614.2</HMS:peak_outflow>
    <HMS:peak_time>01Jun2007, 18:00</HMS:peak_time>
    <HMS:outflow_depth units="IN">16.67</HMS:outflow_depth>
    <HMS:outflow_volume units="ACRE-FT">1618.0</HMS:outflow_volume>
  </HMS:element>
  <HMS:element xmlns:HMS="http://www.hec.usace.army.mil/software/hec-hms" type="subbasin" name="C147A">
    <HMS:area units="MI2">1.82</HMS:area>
    <HMS:peak_outflow units="CFS">1614.2</HMS:peak_outflow>
    <HMS:peak_time>01Jun2007, 18:00</HMS:peak_time>
    <HMS:outflow_depth units="IN">16.67</HMS:outflow_depth>
    <HMS:outflow_volume units="ACRE-FT">1618.0</HMS:outflow_volume>
    <HMS:baseflow_depth units="IN">0.00</HMS:baseflow_depth>
    <HMS:baseflow_volume units="ACRE-FT">0.0</HMS:baseflow_volume>
    <HMS:direct_runoff_depth units="IN">16.67</HMS:direct_runoff_depth>
    <HMS:direct_runoff_volume units="ACRE-FT">1618.0</HMS:direct_runoff_volume>
    <HMS:excess_depth units="IN">16.74</HMS:excess_depth>
    <HMS:excess_volume units="ACRE-FT">1624.7</HMS:excess_volume>
    <HMS:loss_depth units="IN">2.56</HMS:loss_depth>
    <HMS:loss_volume units="ACRE-FT">248.7</HMS:loss_volume>
  </HMS:element>
  <HMS:element xmlns:HMS="http://www.hec.usace.army.mil/software/hec-hms" type="junction" name="C1470000_9901_J">
    <HMS:area units="MI2">2.71</HMS:area>
    <HMS:peak_outflow units="CFS">2347.9</HMS:peak_outflow>
    <HMS:peak_time>01Jun2007, 18:15</HMS:peak_time>
    <HMS:outflow_depth units="IN">16.22</HMS:outflow_depth>
    <HMS:outflow_volume units="ACRE-FT">2344.2</HMS:outflow_volume>
  </HMS:element>
  <HMS:element xmlns:HMS="http://www.hec.usace.army.mil/software/hec-hms" type="subbasin" name="C147B">
    <HMS:area units="MI2">2.71</HMS:area>
    <HMS:peak_outflow units="CFS">2347.9</HMS:peak_outflow>
    <HMS:peak_time>01Jun2007, 18:15</HMS:peak_time>
    <HMS:outflow_depth units="IN">16.22</HMS:outflow_depth>
    <HMS:outflow_volume units="ACRE-FT">2344.2</HMS:outflow_volume>
    <HMS:baseflow_depth units="IN">0.00</HMS:baseflow_depth>
    <HMS:baseflow_volume units="ACRE-FT">0.0</HMS:baseflow_volume>
    <HMS:direct_runoff_depth units="IN">16.22</HMS:direct_runoff_depth>
    <HMS:direct_runoff_volume units="ACRE-FT">2344.2</HMS:direct_runoff_volume>
    <HMS:excess_depth units="IN">16.30</HMS:excess_depth>
    <HMS:excess_volume units="ACRE-FT">2355.6</HMS:excess_volume>
    <HMS:loss_depth units="IN">3.00</HMS:loss_depth>
    <HMS:loss_volume units="ACRE-FT">433.9</HMS:loss_volume>
  </HMS:element>
  <HMS:element xmlns:HMS="http://www.hec.usace.army.mil/software/hec-hms" type="junction" name="C1020000_0094_J">
    <HMS:area units="MI2">2.90</HMS:area>
    <HMS:peak_outflow units="CFS">1802.6</HMS:peak_outflow>
    <HMS:peak_time>01Jun2007, 19:15</HMS:peak_time>
    <HMS:outflow_depth units="IN">16.42</HMS:outflow_depth>
    <HMS:outflow_volume units="ACRE-FT">2540.4</HMS:outflow_volume>
  </HMS:element>
  <HMS:element xmlns:HMS="http://www.hec.usace.army.mil/software/hec-hms" type="subbasin" name="C102A">
    <HMS:area units="MI2">2.90</HMS:area>
    <HMS:peak_outflow units="CFS">1802.6</HMS:peak_outflow>
    <HMS:peak_time>01Jun2007, 19:15</HMS:peak_time>
    <HMS:outflow_depth units="IN">16.42</HMS:outflow_depth>
    <HMS:outflow_volume units="ACRE-FT">2540.4</HMS:outflow_volume>
    <HMS:baseflow_depth units="IN">0.00</HMS:baseflow_depth>
    <HMS:baseflow_volume units="ACRE-FT">0.0</HMS:baseflow_volume>
    <HMS:direct_runoff_depth units="IN">16.42</HMS:direct_runoff_depth>
    <HMS:direct_runoff_volume units="ACRE-FT">2540.4</HMS:direct_runoff_volume>
    <HMS:excess_depth units="IN">17.46</HMS:excess_depth>
    <HMS:excess_volume units="ACRE-FT">2700.2</HMS:excess_volume>
    <HMS:loss_depth units="IN">1.84</HMS:loss_depth>
    <HMS:loss_volume units="ACRE-FT">284.8</HMS:loss_volume>
  </HMS:element>
  <HMS:element xmlns:HMS="http://www.hec.usace.army.mil/software/hec-hms" type="junction" name="C1000000_1131_J">
    <HMS:area units="MI2">2.26</HMS:area>
    <HMS:peak_outflow units="CFS">1896.8</HMS:peak_outflow>
    <HMS:peak_time>01Jun2007, 18:00</HMS:peak_time>
    <HMS:outflow_depth units="IN">15.98</HMS:outflow_depth>
    <HMS:outflow_volume units="ACRE-FT">1926.0</HMS:outflow_volume>
  </HMS:element>
  <HMS:element xmlns:HMS="http://www.hec.usace.army.mil/software/hec-hms" type="junction" name="C1000000_1042_J">
    <HMS:area units="MI2">5.07</HMS:area>
    <HMS:peak_outflow units="CFS">4694.8</HMS:peak_outflow>
    <HMS:peak_time>01Jun2007, 18:15</HMS:peak_time>
    <HMS:outflow_depth units="IN">16.26</HMS:outflow_depth>
    <HMS:outflow_volume units="ACRE-FT">4397.6</HMS:outflow_volume>
  </HMS:element>
  <HMS:element xmlns:HMS="http://www.hec.usace.army.mil/software/hec-hms" type="subbasin" name="C100B">
    <HMS:area units="MI2">1.84</HMS:area>
    <HMS:peak_outflow units="CFS">2381.2</HMS:peak_outflow>
    <HMS:peak_time>01Jun2007, 17:00</HMS:peak_time>
    <HMS:outflow_depth units="IN">16.60</HMS:outflow_depth>
    <HMS:outflow_volume units="ACRE-FT">1628.6</HMS:outflow_volume>
    <HMS:baseflow_depth units="IN">0.00</HMS:baseflow_depth>
    <HMS:baseflow_volume units="ACRE-FT">0.0</HMS:baseflow_volume>
    <HMS:direct_runoff_depth units="IN">16.60</HMS:direct_runoff_depth>
    <HMS:direct_runoff_volume units="ACRE-FT">1628.6</HMS:direct_runoff_volume>
    <HMS:excess_depth units="IN">16.60</HMS:excess_depth>
    <HMS:excess_volume units="ACRE-FT">1628.6</HMS:excess_volume>
    <HMS:loss_depth units="IN">2.70</HMS:loss_depth>
    <HMS:loss_volume units="ACRE-FT">265.3</HMS:loss_volume>
  </HMS:element>
  <HMS:element xmlns:HMS="http://www.hec.usace.army.mil/software/hec-hms" type="junction" name="C1000000_0907_J">
    <HMS:area units="MI2">20.73</HMS:area>
    <HMS:peak_outflow units="CFS">19169.6</HMS:peak_outflow>
    <HMS:peak_time>01Jun2007, 19:15</HMS:peak_time>
    <HMS:outflow_depth units="IN">16.27</HMS:outflow_depth>
    <HMS:outflow_volume units="ACRE-FT">17983.4</HMS:outflow_volume>
  </HMS:element>
  <HMS:element xmlns:HMS="http://www.hec.usace.army.mil/software/hec-hms" type="junction" name="C1000000_0950_J">
    <HMS:area units="MI2">15.07</HMS:area>
    <HMS:peak_outflow units="CFS">14027.7</HMS:peak_outflow>
    <HMS:peak_time>01Jun2007, 18:45</HMS:peak_time>
    <HMS:outflow_depth units="IN">16.10</HMS:outflow_depth>
    <HMS:outflow_volume units="ACRE-FT">12943.1</HMS:outflow_volume>
  </HMS:element>
  <HMS:element xmlns:HMS="http://www.hec.usace.army.mil/software/hec-hms" type="subbasin" name="C100C">
    <HMS:area units="MI2">2.84</HMS:area>
    <HMS:peak_outflow units="CFS">2465.6</HMS:peak_outflow>
    <HMS:peak_time>01Jun2007, 18:00</HMS:peak_time>
    <HMS:outflow_depth units="IN">16.09</HMS:outflow_depth>
    <HMS:outflow_volume units="ACRE-FT">2437.2</HMS:outflow_volume>
    <HMS:baseflow_depth units="IN">0.00</HMS:baseflow_depth>
    <HMS:baseflow_volume units="ACRE-FT">0.0</HMS:baseflow_volume>
    <HMS:direct_runoff_depth units="IN">16.09</HMS:direct_runoff_depth>
    <HMS:direct_runoff_volume units="ACRE-FT">2437.2</HMS:direct_runoff_volume>
    <HMS:excess_depth units="IN">16.16</HMS:excess_depth>
    <HMS:excess_volume units="ACRE-FT">2448.1</HMS:excess_volume>
    <HMS:loss_depth units="IN">3.14</HMS:loss_depth>
    <HMS:loss_volume units="ACRE-FT">475.1</HMS:loss_volume>
  </HMS:element>
  <HMS:element xmlns:HMS="http://www.hec.usace.army.mil/software/hec-hms" type="subbasin" name="C145B">
    <HMS:area units="MI2">1.38</HMS:area>
    <HMS:peak_outflow units="CFS">1403.0</HMS:peak_outflow>
    <HMS:peak_time>01Jun2007, 17:30</HMS:peak_time>
    <HMS:outflow_depth units="IN">16.54</HMS:outflow_depth>
    <HMS:outflow_volume units="ACRE-FT">1217.0</HMS:outflow_volume>
    <HMS:baseflow_depth units="IN">0.00</HMS:baseflow_depth>
    <HMS:baseflow_volume units="ACRE-FT">0.0</HMS:baseflow_volume>
    <HMS:direct_runoff_depth units="IN">16.54</HMS:direct_runoff_depth>
    <HMS:direct_runoff_volume units="ACRE-FT">1217.0</HMS:direct_runoff_volume>
    <HMS:excess_depth units="IN">16.54</HMS:excess_depth>
    <HMS:excess_volume units="ACRE-FT">1217.3</HMS:excess_volume>
    <HMS:loss_depth units="IN">2.76</HMS:loss_depth>
    <HMS:loss_volume units="ACRE-FT">203.2</HMS:loss_volume>
  </HMS:element>
  <HMS:element xmlns:HMS="http://www.hec.usace.army.mil/software/hec-hms" type="junction" name="C1000000_0116_J">
    <HMS:area units="MI2">87.76</HMS:area>
    <HMS:peak_outflow units="CFS">50960.3</HMS:peak_outflow>
    <HMS:peak_time>01Jun2007, 20:00</HMS:peak_time>
    <HMS:outflow_depth units="IN">16.34</HMS:outflow_depth>
    <HMS:outflow_volume units="ACRE-FT">76481.3</HMS:outflow_volume>
  </HMS:element>
  <HMS:element xmlns:HMS="http://www.hec.usace.army.mil/software/hec-hms" type="junction" name="C1000000_0391_J">
    <HMS:area units="MI2">57.28</HMS:area>
    <HMS:peak_outflow units="CFS">30576.6</HMS:peak_outflow>
    <HMS:peak_time>01Jun2007, 20:45</HMS:peak_time>
    <HMS:outflow_depth units="IN">16.62</HMS:outflow_depth>
    <HMS:outflow_volume units="ACRE-FT">50764.3</HMS:outflow_volume>
  </HMS:element>
  <HMS:element xmlns:HMS="http://www.hec.usace.army.mil/software/hec-hms" type="junction" name="C1000000_0551_J">
    <HMS:area units="MI2">44.95</HMS:area>
    <HMS:peak_outflow units="CFS">28589.5</HMS:peak_outflow>
    <HMS:peak_time>02Jun2007, 01:30</HMS:peak_time>
    <HMS:outflow_depth units="IN">16.96</HMS:outflow_depth>
    <HMS:outflow_volume units="ACRE-FT">40649.5</HMS:outflow_volume>
  </HMS:element>
  <HMS:element xmlns:HMS="http://www.hec.usace.army.mil/software/hec-hms" type="junction" name="C1000000_0580_J">
    <HMS:area units="MI2">42.97</HMS:area>
    <HMS:peak_outflow units="CFS">28781.7</HMS:peak_outflow>
    <HMS:peak_time>02Jun2007, 00:30</HMS:peak_time>
    <HMS:outflow_depth units="IN">17.02</HMS:outflow_depth>
    <HMS:outflow_volume units="ACRE-FT">39013.4</HMS:outflow_volume>
  </HMS:element>
  <HMS:element xmlns:HMS="http://www.hec.usace.army.mil/software/hec-hms" type="junction" name="C1000000_0852_J">
    <HMS:area units="MI2">23.73</HMS:area>
    <HMS:peak_outflow units="CFS">20840.2</HMS:peak_outflow>
    <HMS:peak_time>01Jun2007, 20:15</HMS:peak_time>
    <HMS:outflow_depth units="IN">16.20</HMS:outflow_depth>
    <HMS:outflow_volume units="ACRE-FT">20508.1</HMS:outflow_volume>
  </HMS:element>
  <HMS:element xmlns:HMS="http://www.hec.usace.army.mil/software/hec-hms" type="junction" name="C1000000_0975_J">
    <HMS:area units="MI2">7.91</HMS:area>
    <HMS:peak_outflow units="CFS">6896.6</HMS:peak_outflow>
    <HMS:peak_time>01Jun2007, 18:45</HMS:peak_time>
    <HMS:outflow_depth units="IN">15.85</HMS:outflow_depth>
    <HMS:outflow_volume units="ACRE-FT">6686.4</HMS:outflow_volume>
  </HMS:element>
  <HMS:element xmlns:HMS="http://www.hec.usace.army.mil/software/hec-hms" type="reach" name="C1000000_0001_R">
    <HMS:area units="MI2">91.75</HMS:area>
    <HMS:peak_outflow units="CFS">51936.8</HMS:peak_outflow>
    <HMS:peak_time>01Jun2007, 21:30</HMS:peak_time>
    <HMS:outflow_depth units="IN">16.28</HMS:outflow_depth>
    <HMS:outflow_volume units="ACRE-FT">79643.0</HMS:outflow_volume>
    <HMS:peak_inflow units="CFS">52255.6</HMS:peak_inflow>
    <HMS:peak_inflow_time>01Jun2007, 21:00</HMS:peak_inflow_time>
    <HMS:inflow_depth units="IN">16.32</HMS:inflow_depth>
    <HMS:inflow_volume units="ACRE-FT">79861.3</HMS:inflow_volume>
  </HMS:element>
  <HMS:element xmlns:HMS="http://www.hec.usace.army.mil/software/hec-hms" type="reach" name="C1000000_0066_R">
    <HMS:area units="MI2">87.76</HMS:area>
    <HMS:peak_outflow units="CFS">49957.8</HMS:peak_outflow>
    <HMS:peak_time>01Jun2007, 21:00</HMS:peak_time>
    <HMS:outflow_depth units="IN">16.30</HMS:outflow_depth>
    <HMS:outflow_volume units="ACRE-FT">76300.7</HMS:outflow_volume>
    <HMS:peak_inflow units="CFS">50960.3</HMS:peak_inflow>
    <HMS:peak_inflow_time>01Jun2007, 20:00</HMS:peak_inflow_time>
    <HMS:inflow_depth units="IN">16.34</HMS:inflow_depth>
    <HMS:inflow_volume units="ACRE-FT">76481.3</HMS:inflow_volume>
  </HMS:element>
  <HMS:element xmlns:HMS="http://www.hec.usace.army.mil/software/hec-hms" type="reach" name="C1020000_0010_R">
    <HMS:area units="MI2">2.90</HMS:area>
    <HMS:peak_outflow units="CFS">1798.9</HMS:peak_outflow>
    <HMS:peak_time>01Jun2007, 19:45</HMS:peak_time>
    <HMS:outflow_depth units="IN">16.36</HMS:outflow_depth>
    <HMS:outflow_volume units="ACRE-FT">2529.9</HMS:outflow_volume>
    <HMS:peak_inflow units="CFS">1802.6</HMS:peak_inflow>
    <HMS:peak_inflow_time>01Jun2007, 19:15</HMS:peak_inflow_time>
    <HMS:inflow_depth units="IN">16.42</HMS:inflow_depth>
    <HMS:inflow_volume units="ACRE-FT">2540.4</HMS:inflow_volume>
  </HMS:element>
  <HMS:element xmlns:HMS="http://www.hec.usace.army.mil/software/hec-hms" type="reach" name="C1060000_0078_R">
    <HMS:area units="MI2">9.59</HMS:area>
    <HMS:peak_outflow units="CFS">11807.1</HMS:peak_outflow>
    <HMS:peak_time>01Jun2007, 17:45</HMS:peak_time>
    <HMS:outflow_depth units="IN">16.98</HMS:outflow_depth>
    <HMS:outflow_volume units="ACRE-FT">8683.7</HMS:outflow_volume>
    <HMS:peak_inflow units="CFS">11907.0</HMS:peak_inflow>
    <HMS:peak_inflow_time>01Jun2007, 17:30</HMS:peak_inflow_time>
    <HMS:inflow_depth units="IN">16.98</HMS:inflow_depth>
    <HMS:inflow_volume units="ACRE-FT">8683.9</HMS:inflow_volume>
  </HMS:element>
  <HMS:element xmlns:HMS="http://www.hec.usace.army.mil/software/hec-hms" type="reach" name="C1000000_0209_R">
    <HMS:area units="MI2">63.55</HMS:area>
    <HMS:peak_outflow units="CFS">33067.1</HMS:peak_outflow>
    <HMS:peak_time>01Jun2007, 23:30</HMS:peak_time>
    <HMS:outflow_depth units="IN">16.24</HMS:outflow_depth>
    <HMS:outflow_volume units="ACRE-FT">55039.5</HMS:outflow_volume>
    <HMS:peak_inflow units="CFS">33163.8</HMS:peak_inflow>
    <HMS:peak_inflow_time>01Jun2007, 22:30</HMS:peak_inflow_time>
    <HMS:inflow_depth units="IN">16.29</HMS:inflow_depth>
    <HMS:inflow_volume units="ACRE-FT">55226.2</HMS:inflow_volume>
  </HMS:element>
  <HMS:element xmlns:HMS="http://www.hec.usace.army.mil/software/hec-hms" type="reach" name="C1060000_0138_R">
    <HMS:area units="MI2">4.84</HMS:area>
    <HMS:peak_outflow units="CFS">5544.1</HMS:peak_outflow>
    <HMS:peak_time>01Jun2007, 17:45</HMS:peak_time>
    <HMS:outflow_depth units="IN">16.92</HMS:outflow_depth>
    <HMS:outflow_volume units="ACRE-FT">4367.0</HMS:outflow_volume>
    <HMS:peak_inflow units="CFS">5566.8</HMS:peak_inflow>
    <HMS:peak_inflow_time>01Jun2007, 17:30</HMS:peak_inflow_time>
    <HMS:inflow_depth units="IN">16.92</HMS:inflow_depth>
    <HMS:inflow_volume units="ACRE-FT">4367.1</HMS:inflow_volume>
  </HMS:element>
  <HMS:element xmlns:HMS="http://www.hec.usace.army.mil/software/hec-hms" type="reach" name="C1000000_0274_R">
    <HMS:area units="MI2">57.28</HMS:area>
    <HMS:peak_outflow units="CFS">30364.4</HMS:peak_outflow>
    <HMS:peak_time>01Jun2007, 22:45</HMS:peak_time>
    <HMS:outflow_depth units="IN">16.50</HMS:outflow_depth>
    <HMS:outflow_volume units="ACRE-FT">50410.7</HMS:outflow_volume>
    <HMS:peak_inflow units="CFS">30576.6</HMS:peak_inflow>
    <HMS:peak_inflow_time>01Jun2007, 20:45</HMS:peak_inflow_time>
    <HMS:inflow_depth units="IN">16.62</HMS:inflow_depth>
    <HMS:inflow_volume units="ACRE-FT">50764.3</HMS:inflow_volume>
  </HMS:element>
  <HMS:element xmlns:HMS="http://www.hec.usace.army.mil/software/hec-hms" type="reach" name="C1060100_0008_R">
    <HMS:area units="MI2">2.78</HMS:area>
    <HMS:peak_outflow units="CFS">2637.2</HMS:peak_outflow>
    <HMS:peak_time>01Jun2007, 19:45</HMS:peak_time>
    <HMS:outflow_depth units="IN">16.55</HMS:outflow_depth>
    <HMS:outflow_volume units="ACRE-FT">2453.7</HMS:outflow_volume>
    <HMS:peak_inflow units="CFS">2677.2</HMS:peak_inflow>
    <HMS:peak_inflow_time>01Jun2007, 17:45</HMS:peak_inflow_time>
    <HMS:inflow_depth units="IN">16.56</HMS:inflow_depth>
    <HMS:inflow_volume units="ACRE-FT">2455.0</HMS:inflow_volume>
  </HMS:element>
  <HMS:element xmlns:HMS="http://www.hec.usace.army.mil/software/hec-hms" type="reach" name="C1000000_0391_R">
    <HMS:area units="MI2">55.05</HMS:area>
    <HMS:peak_outflow units="CFS">29027.4</HMS:peak_outflow>
    <HMS:peak_time>02Jun2007, 01:30</HMS:peak_time>
    <HMS:outflow_depth units="IN">16.66</HMS:outflow_depth>
    <HMS:outflow_volume units="ACRE-FT">48928.3</HMS:outflow_volume>
    <HMS:peak_inflow units="CFS">29051.8</HMS:peak_inflow>
    <HMS:peak_inflow_time>02Jun2007, 00:45</HMS:peak_inflow_time>
    <HMS:inflow_depth units="IN">16.70</HMS:inflow_depth>
    <HMS:inflow_volume units="ACRE-FT">49041.0</HMS:inflow_volume>
  </HMS:element>
  <HMS:element xmlns:HMS="http://www.hec.usace.army.mil/software/hec-hms" type="reach" name="C1000000_0429_R">
    <HMS:area units="MI2">48.74</HMS:area>
    <HMS:peak_outflow units="CFS">27667.3</HMS:peak_outflow>
    <HMS:peak_time>02Jun2007, 04:45</HMS:peak_time>
    <HMS:outflow_depth units="IN">16.74</HMS:outflow_depth>
    <HMS:outflow_volume units="ACRE-FT">43520.0</HMS:outflow_volume>
    <HMS:peak_inflow units="CFS">27775.8</HMS:peak_inflow>
    <HMS:peak_inflow_time>02Jun2007, 04:00</HMS:peak_inflow_time>
    <HMS:inflow_depth units="IN">16.81</HMS:inflow_depth>
    <HMS:inflow_volume units="ACRE-FT">43691.6</HMS:inflow_volume>
  </HMS:element>
  <HMS:element xmlns:HMS="http://www.hec.usace.army.mil/software/hec-hms" type="reach" name="C1000000_0551_R">
    <HMS:area units="MI2">42.97</HMS:area>
    <HMS:peak_outflow units="CFS">28171.3</HMS:peak_outflow>
    <HMS:peak_time>02Jun2007, 02:00</HMS:peak_time>
    <HMS:outflow_depth units="IN">16.98</HMS:outflow_depth>
    <HMS:outflow_volume units="ACRE-FT">38921.1</HMS:outflow_volume>
    <HMS:peak_inflow units="CFS">28781.7</HMS:peak_inflow>
    <HMS:peak_inflow_time>02Jun2007, 00:30</HMS:peak_inflow_time>
    <HMS:inflow_depth units="IN">17.02</HMS:inflow_depth>
    <HMS:inflow_volume units="ACRE-FT">39013.4</HMS:inflow_volume>
  </HMS:element>
  <HMS:element xmlns:HMS="http://www.hec.usace.army.mil/software/hec-hms" type="reach" name="C1000000_0478_R">
    <HMS:area units="MI2">44.95</HMS:area>
    <HMS:peak_outflow units="CFS">27128.2</HMS:peak_outflow>
    <HMS:peak_time>02Jun2007, 04:15</HMS:peak_time>
    <HMS:outflow_depth units="IN">16.85</HMS:outflow_depth>
    <HMS:outflow_volume units="ACRE-FT">40390.6</HMS:outflow_volume>
    <HMS:peak_inflow units="CFS">28589.5</HMS:peak_inflow>
    <HMS:peak_inflow_time>02Jun2007, 01:30</HMS:peak_inflow_time>
    <HMS:inflow_depth units="IN">16.96</HMS:inflow_depth>
    <HMS:inflow_volume units="ACRE-FT">40649.5</HMS:inflow_volume>
  </HMS:element>
  <HMS:element xmlns:HMS="http://www.hec.usace.army.mil/software/hec-hms" type="reach" name="C1000000_0580_R">
    <HMS:area units="MI2">40.83</HMS:area>
    <HMS:peak_outflow units="CFS">27943.4</HMS:peak_outflow>
    <HMS:peak_time>02Jun2007, 00:45</HMS:peak_time>
    <HMS:outflow_depth units="IN">17.09</HMS:outflow_depth>
    <HMS:outflow_volume units="ACRE-FT">37207.8</HMS:outflow_volume>
    <HMS:peak_inflow units="CFS">29154.9</HMS:peak_inflow>
    <HMS:peak_inflow_time>01Jun2007, 23:30</HMS:peak_inflow_time>
    <HMS:inflow_depth units="IN">17.14</HMS:inflow_depth>
    <HMS:inflow_volume units="ACRE-FT">37329.4</HMS:inflow_volume>
  </HMS:element>
  <HMS:element xmlns:HMS="http://www.hec.usace.army.mil/software/hec-hms" type="reach" name="C1000000_0623_R">
    <HMS:area units="MI2">34.73</HMS:area>
    <HMS:peak_outflow units="CFS">27441.6</HMS:peak_outflow>
    <HMS:peak_time>01Jun2007, 23:30</HMS:peak_time>
    <HMS:outflow_depth units="IN">17.90</HMS:outflow_depth>
    <HMS:outflow_volume units="ACRE-FT">33153.3</HMS:outflow_volume>
    <HMS:peak_inflow units="CFS">28542.0</HMS:peak_inflow>
    <HMS:peak_inflow_time>01Jun2007, 21:45</HMS:peak_inflow_time>
    <HMS:inflow_depth units="IN">17.99</HMS:inflow_depth>
    <HMS:inflow_volume units="ACRE-FT">33328.7</HMS:inflow_volume>
  </HMS:element>
  <HMS:element xmlns:HMS="http://www.hec.usace.army.mil/software/hec-hms" type="reach" name="C1000000_0696_R">
    <HMS:area units="MI2">32.50</HMS:area>
    <HMS:peak_outflow units="CFS">27187.9</HMS:peak_outflow>
    <HMS:peak_time>01Jun2007, 22:00</HMS:peak_time>
    <HMS:outflow_depth units="IN">18.22</HMS:outflow_depth>
    <HMS:outflow_volume units="ACRE-FT">31577.4</HMS:outflow_volume>
    <HMS:peak_inflow units="CFS">28166.8</HMS:peak_inflow>
    <HMS:peak_inflow_time>01Jun2007, 20:15</HMS:peak_inflow_time>
    <HMS:inflow_depth units="IN">18.30</HMS:inflow_depth>
    <HMS:inflow_volume units="ACRE-FT">31728.6</HMS:inflow_volume>
  </HMS:element>
  <HMS:element xmlns:HMS="http://www.hec.usace.army.mil/software/hec-hms" type="reach" name="C1000000_0755_R">
    <HMS:area units="MI2">28.36</HMS:area>
    <HMS:peak_outflow units="CFS">24612.7</HMS:peak_outflow>
    <HMS:peak_time>01Jun2007, 20:30</HMS:peak_time>
    <HMS:outflow_depth units="IN">18.67</HMS:outflow_depth>
    <HMS:outflow_volume units="ACRE-FT">28240.7</HMS:outflow_volume>
    <HMS:peak_inflow units="CFS">24728.7</HMS:peak_inflow>
    <HMS:peak_inflow_time>01Jun2007, 20:00</HMS:peak_inflow_time>
    <HMS:inflow_depth units="IN">18.75</HMS:inflow_depth>
    <HMS:inflow_volume units="ACRE-FT">28366.2</HMS:inflow_volume>
  </HMS:element>
  <HMS:element xmlns:HMS="http://www.hec.usace.army.mil/software/hec-hms" type="reach" name="C1000000_0820_R">
    <HMS:area units="MI2">23.73</HMS:area>
    <HMS:peak_outflow units="CFS">20837.3</HMS:peak_outflow>
    <HMS:peak_time>01Jun2007, 20:15</HMS:peak_time>
    <HMS:outflow_depth units="IN">19.32</HMS:outflow_depth>
    <HMS:outflow_volume units="ACRE-FT">24450.6</HMS:outflow_volume>
    <HMS:peak_inflow units="CFS">20840.2</HMS:peak_inflow>
    <HMS:peak_inflow_time>01Jun2007, 20:15</HMS:peak_inflow_time>
    <HMS:inflow_depth units="IN">16.20</HMS:inflow_depth>
    <HMS:inflow_volume units="ACRE-FT">20508.1</HMS:inflow_volume>
  </HMS:element>
  <HMS:element xmlns:HMS="http://www.hec.usace.army.mil/software/hec-hms" type="reach" name="C1000000_0950_R">
    <HMS:area units="MI2">7.91</HMS:area>
    <HMS:peak_outflow units="CFS">6884.2</HMS:peak_outflow>
    <HMS:peak_time>01Jun2007, 19:00</HMS:peak_time>
    <HMS:outflow_depth units="IN">15.84</HMS:outflow_depth>
    <HMS:outflow_volume units="ACRE-FT">6684.2</HMS:outflow_volume>
    <HMS:peak_inflow units="CFS">6896.6</HMS:peak_inflow>
    <HMS:peak_inflow_time>01Jun2007, 18:45</HMS:peak_inflow_time>
    <HMS:inflow_depth units="IN">15.85</HMS:inflow_depth>
    <HMS:inflow_volume units="ACRE-FT">6686.4</HMS:inflow_volume>
  </HMS:element>
  <HMS:element xmlns:HMS="http://www.hec.usace.army.mil/software/hec-hms" type="reach" name="C1000000_1033_R">
    <HMS:area units="MI2">5.07</HMS:area>
    <HMS:peak_outflow units="CFS">4689.9</HMS:peak_outflow>
    <HMS:peak_time>01Jun2007, 18:30</HMS:peak_time>
    <HMS:outflow_depth units="IN">16.26</HMS:outflow_depth>
    <HMS:outflow_volume units="ACRE-FT">4397.3</HMS:outflow_volume>
    <HMS:peak_inflow units="CFS">4694.8</HMS:peak_inflow>
    <HMS:peak_inflow_time>01Jun2007, 18:15</HMS:peak_inflow_time>
    <HMS:inflow_depth units="IN">16.26</HMS:inflow_depth>
    <HMS:inflow_volume units="ACRE-FT">4397.6</HMS:inflow_volume>
  </HMS:element>
  <HMS:element xmlns:HMS="http://www.hec.usace.army.mil/software/hec-hms" type="reach" name="C1000000_1090_R">
    <HMS:area units="MI2">2.26</HMS:area>
    <HMS:peak_outflow units="CFS">1894.6</HMS:peak_outflow>
    <HMS:peak_time>01Jun2007, 18:30</HMS:peak_time>
    <HMS:outflow_depth units="IN">15.97</HMS:outflow_depth>
    <HMS:outflow_volume units="ACRE-FT">1924.6</HMS:outflow_volume>
    <HMS:peak_inflow units="CFS">1896.8</HMS:peak_inflow>
    <HMS:peak_inflow_time>01Jun2007, 18:00</HMS:peak_inflow_time>
    <HMS:inflow_depth units="IN">15.98</HMS:inflow_depth>
    <HMS:inflow_volume units="ACRE-FT">1926.0</HMS:inflow_volume>
  </HMS:element>
  <HMS:element xmlns:HMS="http://www.hec.usace.army.mil/software/hec-hms" type="subbasin" name="C100A">
    <HMS:area units="MI2">2.26</HMS:area>
    <HMS:peak_outflow units="CFS">1896.8</HMS:peak_outflow>
    <HMS:peak_time>01Jun2007, 18:00</HMS:peak_time>
    <HMS:outflow_depth units="IN">15.98</HMS:outflow_depth>
    <HMS:outflow_volume units="ACRE-FT">1926.0</HMS:outflow_volume>
    <HMS:baseflow_depth units="IN">0.00</HMS:baseflow_depth>
    <HMS:baseflow_volume units="ACRE-FT">0.0</HMS:baseflow_volume>
    <HMS:direct_runoff_depth units="IN">15.98</HMS:direct_runoff_depth>
    <HMS:direct_runoff_volume units="ACRE-FT">1926.0</HMS:direct_runoff_volume>
    <HMS:excess_depth units="IN">16.09</HMS:excess_depth>
    <HMS:excess_volume units="ACRE-FT">1938.8</HMS:excess_volume>
    <HMS:loss_depth units="IN">3.21</HMS:loss_depth>
    <HMS:loss_volume units="ACRE-FT">387.5</HMS:loss_volume>
  </HMS:element>
  <HMS:element xmlns:HMS="http://www.hec.usace.army.mil/software/hec-hms" type="subbasin" name="C145A">
    <HMS:area units="MI2">1.86</HMS:area>
    <HMS:peak_outflow units="CFS">1664.3</HMS:peak_outflow>
    <HMS:peak_time>01Jun2007, 18:00</HMS:peak_time>
    <HMS:outflow_depth units="IN">17.00</HMS:outflow_depth>
    <HMS:outflow_volume units="ACRE-FT">1686.6</HMS:outflow_volume>
    <HMS:baseflow_depth units="IN">0.00</HMS:baseflow_depth>
    <HMS:baseflow_volume units="ACRE-FT">0.0</HMS:baseflow_volume>
    <HMS:direct_runoff_depth units="IN">17.00</HMS:direct_runoff_depth>
    <HMS:direct_runoff_volume units="ACRE-FT">1686.6</HMS:direct_runoff_volume>
    <HMS:excess_depth units="IN">17.07</HMS:excess_depth>
    <HMS:excess_volume units="ACRE-FT">1693.3</HMS:excess_volume>
    <HMS:loss_depth units="IN">2.23</HMS:loss_depth>
    <HMS:loss_volume units="ACRE-FT">221.3</HMS:loss_volume>
  </HMS:element>
  <HMS:element xmlns:HMS="http://www.hec.usace.army.mil/software/hec-hms" type="subbasin" name="C100D">
    <HMS:area units="MI2">2.42</HMS:area>
    <HMS:peak_outflow units="CFS">2573.3</HMS:peak_outflow>
    <HMS:peak_time>01Jun2007, 17:45</HMS:peak_time>
    <HMS:outflow_depth units="IN">16.62</HMS:outflow_depth>
    <HMS:outflow_volume units="ACRE-FT">2144.8</HMS:outflow_volume>
    <HMS:baseflow_depth units="IN">0.00</HMS:baseflow_depth>
    <HMS:baseflow_volume units="ACRE-FT">0.0</HMS:baseflow_volume>
    <HMS:direct_runoff_depth units="IN">16.62</HMS:direct_runoff_depth>
    <HMS:direct_runoff_volume units="ACRE-FT">2144.8</HMS:direct_runoff_volume>
    <HMS:excess_depth units="IN">16.62</HMS:excess_depth>
    <HMS:excess_volume units="ACRE-FT">2144.9</HMS:excess_volume>
    <HMS:loss_depth units="IN">2.68</HMS:loss_depth>
    <HMS:loss_volume units="ACRE-FT">346.0</HMS:loss_volume>
  </HMS:element>
  <HMS:element xmlns:HMS="http://www.hec.usace.army.mil/software/hec-hms" type="subbasin" name="C127">
    <HMS:area units="MI2">2.14</HMS:area>
    <HMS:peak_outflow units="CFS">2595.0</HMS:peak_outflow>
    <HMS:peak_time>01Jun2007, 17:15</HMS:peak_time>
    <HMS:outflow_depth units="IN">15.82</HMS:outflow_depth>
    <HMS:outflow_volume units="ACRE-FT">1805.6</HMS:outflow_volume>
    <HMS:baseflow_depth units="IN">0.00</HMS:baseflow_depth>
    <HMS:baseflow_volume units="ACRE-FT">0.0</HMS:baseflow_volume>
    <HMS:direct_runoff_depth units="IN">15.82</HMS:direct_runoff_depth>
    <HMS:direct_runoff_volume units="ACRE-FT">1805.6</HMS:direct_runoff_volume>
    <HMS:excess_depth units="IN">15.82</HMS:excess_depth>
    <HMS:excess_volume units="ACRE-FT">1805.6</HMS:excess_volume>
    <HMS:loss_depth units="IN">3.48</HMS:loss_depth>
    <HMS:loss_volume units="ACRE-FT">397.2</HMS:loss_volume>
  </HMS:element>
  <HMS:element xmlns:HMS="http://www.hec.usace.army.mil/software/hec-hms" type="subbasin" name="C100H">
    <HMS:area units="MI2">1.98</HMS:area>
    <HMS:peak_outflow units="CFS">2928.3</HMS:peak_outflow>
    <HMS:peak_time>01Jun2007, 17:00</HMS:peak_time>
    <HMS:outflow_depth units="IN">16.37</HMS:outflow_depth>
    <HMS:outflow_volume units="ACRE-FT">1728.5</HMS:outflow_volume>
    <HMS:baseflow_depth units="IN">0.00</HMS:baseflow_depth>
    <HMS:baseflow_volume units="ACRE-FT">0.0</HMS:baseflow_volume>
    <HMS:direct_runoff_depth units="IN">16.37</HMS:direct_runoff_depth>
    <HMS:direct_runoff_volume units="ACRE-FT">1728.5</HMS:direct_runoff_volume>
    <HMS:excess_depth units="IN">16.37</HMS:excess_depth>
    <HMS:excess_volume units="ACRE-FT">1728.5</HMS:excess_volume>
    <HMS:loss_depth units="IN">2.93</HMS:loss_depth>
    <HMS:loss_volume units="ACRE-FT">309.6</HMS:loss_volume>
  </HMS:element>
  <HMS:element xmlns:HMS="http://www.hec.usace.army.mil/software/hec-hms" type="junction" name="C1000000_0927_J">
    <HMS:area units="MI2">18.31</HMS:area>
    <HMS:peak_outflow units="CFS">16954.7</HMS:peak_outflow>
    <HMS:peak_time>01Jun2007, 19:00</HMS:peak_time>
    <HMS:outflow_depth units="IN">16.22</HMS:outflow_depth>
    <HMS:outflow_volume units="ACRE-FT">15842.8</HMS:outflow_volume>
  </HMS:element>
  <HMS:element xmlns:HMS="http://www.hec.usace.army.mil/software/hec-hms" type="junction" name="C1000000_0889_J">
    <HMS:area units="MI2">21.75</HMS:area>
    <HMS:peak_outflow units="CFS">19876.6</HMS:peak_outflow>
    <HMS:peak_time>01Jun2007, 19:30</HMS:peak_time>
    <HMS:outflow_depth units="IN">16.24</HMS:outflow_depth>
    <HMS:outflow_volume units="ACRE-FT">18835.2</HMS:outflow_volume>
  </HMS:element>
  <HMS:element xmlns:HMS="http://www.hec.usace.army.mil/software/hec-hms" type="junction" name="C1000000_0135_J">
    <HMS:area units="MI2">86.15</HMS:area>
    <HMS:peak_outflow units="CFS">49629.1</HMS:peak_outflow>
    <HMS:peak_time>01Jun2007, 20:00</HMS:peak_time>
    <HMS:outflow_depth units="IN">16.33</HMS:outflow_depth>
    <HMS:outflow_volume units="ACRE-FT">75051.4</HMS:outflow_volume>
  </HMS:element>
  <HMS:element xmlns:HMS="http://www.hec.usace.army.mil/software/hec-hms" type="junction" name="C1650000_9901_J">
    <HMS:area units="MI2">1.76</HMS:area>
    <HMS:peak_outflow units="CFS">2144.8</HMS:peak_outflow>
    <HMS:peak_time>01Jun2007, 17:30</HMS:peak_time>
    <HMS:outflow_depth units="IN">16.26</HMS:outflow_depth>
    <HMS:outflow_volume units="ACRE-FT">1525.9</HMS:outflow_volume>
  </HMS:element>
  <HMS:element xmlns:HMS="http://www.hec.usace.army.mil/software/hec-hms" type="junction" name="C1450000_9902_J">
    <HMS:area units="MI2">1.86</HMS:area>
    <HMS:peak_outflow units="CFS">1664.3</HMS:peak_outflow>
    <HMS:peak_time>01Jun2007, 18:00</HMS:peak_time>
    <HMS:outflow_depth units="IN">17.00</HMS:outflow_depth>
    <HMS:outflow_volume units="ACRE-FT">1686.6</HMS:outflow_volume>
  </HMS:element>
  <HMS:element xmlns:HMS="http://www.hec.usace.army.mil/software/hec-hms" type="reach" name="C1000000_0927_R">
    <HMS:area units="MI2">15.07</HMS:area>
    <HMS:peak_outflow units="CFS">14003.8</HMS:peak_outflow>
    <HMS:peak_time>01Jun2007, 19:00</HMS:peak_time>
    <HMS:outflow_depth units="IN">16.10</HMS:outflow_depth>
    <HMS:outflow_volume units="ACRE-FT">12939.1</HMS:outflow_volume>
    <HMS:peak_inflow units="CFS">14027.7</HMS:peak_inflow>
    <HMS:peak_inflow_time>01Jun2007, 18:45</HMS:peak_inflow_time>
    <HMS:inflow_depth units="IN">16.10</HMS:inflow_depth>
    <HMS:inflow_volume units="ACRE-FT">12943.1</HMS:inflow_volume>
  </HMS:element>
  <HMS:element xmlns:HMS="http://www.hec.usace.army.mil/software/hec-hms" type="reach" name="C1000000_0907_R">
    <HMS:area units="MI2">18.31</HMS:area>
    <HMS:peak_outflow units="CFS">16772.5</HMS:peak_outflow>
    <HMS:peak_time>01Jun2007, 19:15</HMS:peak_time>
    <HMS:outflow_depth units="IN">16.22</HMS:outflow_depth>
    <HMS:outflow_volume units="ACRE-FT">15838.7</HMS:outflow_volume>
    <HMS:peak_inflow units="CFS">16954.7</HMS:peak_inflow>
    <HMS:peak_inflow_time>01Jun2007, 19:00</HMS:peak_inflow_time>
    <HMS:inflow_depth units="IN">16.22</HMS:inflow_depth>
    <HMS:inflow_volume units="ACRE-FT">15842.8</HMS:inflow_volume>
  </HMS:element>
  <HMS:element xmlns:HMS="http://www.hec.usace.army.mil/software/hec-hms" type="reach" name="C1000000_0889_R">
    <HMS:area units="MI2">20.73</HMS:area>
    <HMS:peak_outflow units="CFS">18971.4</HMS:peak_outflow>
    <HMS:peak_time>01Jun2007, 19:45</HMS:peak_time>
    <HMS:outflow_depth units="IN">16.26</HMS:outflow_depth>
    <HMS:outflow_volume units="ACRE-FT">17979.1</HMS:outflow_volume>
    <HMS:peak_inflow units="CFS">19169.6</HMS:peak_inflow>
    <HMS:peak_inflow_time>01Jun2007, 19:15</HMS:peak_inflow_time>
    <HMS:inflow_depth units="IN">16.27</HMS:inflow_depth>
    <HMS:inflow_volume units="ACRE-FT">17983.4</HMS:inflow_volume>
  </HMS:element>
  <HMS:element xmlns:HMS="http://www.hec.usace.army.mil/software/hec-hms" type="reach" name="C1000000_0852_R">
    <HMS:area units="MI2">21.75</HMS:area>
    <HMS:peak_outflow units="CFS">19251.8</HMS:peak_outflow>
    <HMS:peak_time>01Jun2007, 20:30</HMS:peak_time>
    <HMS:outflow_depth units="IN">16.23</HMS:outflow_depth>
    <HMS:outflow_volume units="ACRE-FT">18826.3</HMS:outflow_volume>
    <HMS:peak_inflow units="CFS">19876.6</HMS:peak_inflow>
    <HMS:peak_inflow_time>01Jun2007, 19:30</HMS:peak_inflow_time>
    <HMS:inflow_depth units="IN">16.24</HMS:inflow_depth>
    <HMS:inflow_volume units="ACRE-FT">18835.2</HMS:inflow_volume>
  </HMS:element>
  <HMS:element xmlns:HMS="http://www.hec.usace.army.mil/software/hec-hms" type="reach" name="C1000000_0135_R">
    <HMS:area units="MI2">68.69</HMS:area>
    <HMS:peak_outflow units="CFS">35341.3</HMS:peak_outflow>
    <HMS:peak_time>01Jun2007, 23:45</HMS:peak_time>
    <HMS:outflow_depth units="IN">16.21</HMS:outflow_depth>
    <HMS:outflow_volume units="ACRE-FT">59371.5</HMS:outflow_volume>
    <HMS:peak_inflow units="CFS">35353.4</HMS:peak_inflow>
    <HMS:peak_inflow_time>01Jun2007, 23:30</HMS:peak_inflow_time>
    <HMS:inflow_depth units="IN">16.22</HMS:inflow_depth>
    <HMS:inflow_volume units="ACRE-FT">59418.8</HMS:inflow_volume>
  </HMS:element>
  <HMS:element xmlns:HMS="http://www.hec.usace.army.mil/software/hec-hms" type="reach" name="C1000000_0116_R">
    <HMS:area units="MI2">86.15</HMS:area>
    <HMS:peak_outflow units="CFS">49610.2</HMS:peak_outflow>
    <HMS:peak_time>01Jun2007, 20:00</HMS:peak_time>
    <HMS:outflow_depth units="IN">16.32</HMS:outflow_depth>
    <HMS:outflow_volume units="ACRE-FT">74988.1</HMS:outflow_volume>
    <HMS:peak_inflow units="CFS">49629.1</HMS:peak_inflow>
    <HMS:peak_inflow_time>01Jun2007, 20:00</HMS:peak_inflow_time>
    <HMS:inflow_depth units="IN">16.33</HMS:inflow_depth>
    <HMS:inflow_volume units="ACRE-FT">75051.4</HMS:inflow_volume>
  </HMS:element>
  <HMS:element xmlns:HMS="http://www.hec.usace.army.mil/software/hec-hms" type="reach" name="C1060000_0003_R">
    <HMS:area units="MI2">14.39</HMS:area>
    <HMS:peak_outflow units="CFS">15405.7</HMS:peak_outflow>
    <HMS:peak_time>01Jun2007, 19:45</HMS:peak_time>
    <HMS:outflow_depth units="IN">16.89</HMS:outflow_depth>
    <HMS:outflow_volume units="ACRE-FT">12963.4</HMS:outflow_volume>
    <HMS:peak_inflow units="CFS">15757.5</HMS:peak_inflow>
    <HMS:peak_inflow_time>01Jun2007, 18:15</HMS:peak_inflow_time>
    <HMS:inflow_depth units="IN">16.89</HMS:inflow_depth>
    <HMS:inflow_volume units="ACRE-FT">12965.2</HMS:inflow_volume>
  </HMS:element>
  <HMS:element xmlns:HMS="http://www.hec.usace.army.mil/software/hec-hms" type="junction" name="C1060800_0033_J">
    <HMS:area units="MI2">1.82</HMS:area>
    <HMS:peak_outflow units="CFS">2383.7</HMS:peak_outflow>
    <HMS:peak_time>01Jun2007, 17:15</HMS:peak_time>
    <HMS:outflow_depth units="IN">17.02</HMS:outflow_depth>
    <HMS:outflow_volume units="ACRE-FT">1652.4</HMS:outflow_volume>
  </HMS:element>
  <HMS:element xmlns:HMS="http://www.hec.usace.army.mil/software/hec-hms" type="junction" name="C1020000_0010_J">
    <HMS:area units="MI2">3.99</HMS:area>
    <HMS:peak_outflow units="CFS">3584.9</HMS:peak_outflow>
    <HMS:peak_time>01Jun2007, 17:15</HMS:peak_time>
    <HMS:outflow_depth units="IN">16.73</HMS:outflow_depth>
    <HMS:outflow_volume units="ACRE-FT">3560.5</HMS:outflow_volume>
  </HMS:element>
  <HMS:element xmlns:HMS="http://www.hec.usace.army.mil/software/hec-hms" type="junction" name="C1060100_0008_J">
    <HMS:area units="MI2">4.80</HMS:area>
    <HMS:peak_outflow units="CFS">4549.1</HMS:peak_outflow>
    <HMS:peak_time>01Jun2007, 19:15</HMS:peak_time>
    <HMS:outflow_depth units="IN">16.72</HMS:outflow_depth>
    <HMS:outflow_volume units="ACRE-FT">4281.4</HMS:outflow_volume>
  </HMS:element>
  <HMS:element xmlns:HMS="http://www.hec.usace.army.mil/software/hec-hms" type="junction" name="C1060000_0003_J">
    <HMS:area units="MI2">17.46</HMS:area>
    <HMS:peak_outflow units="CFS">18806.2</HMS:peak_outflow>
    <HMS:peak_time>01Jun2007, 19:15</HMS:peak_time>
    <HMS:outflow_depth units="IN">16.84</HMS:outflow_depth>
    <HMS:outflow_volume units="ACRE-FT">15680.0</HMS:outflow_volume>
  </HMS:element>
  <HMS:element xmlns:HMS="http://www.hec.usace.army.mil/software/hec-hms" type="subbasin" name="C100M">
    <HMS:area units="MI2">1.76</HMS:area>
    <HMS:peak_outflow units="CFS">1810.8</HMS:peak_outflow>
    <HMS:peak_time>01Jun2007, 18:15</HMS:peak_time>
    <HMS:outflow_depth units="IN">17.30</HMS:outflow_depth>
    <HMS:outflow_volume units="ACRE-FT">1623.7</HMS:outflow_volume>
    <HMS:baseflow_depth units="IN">0.00</HMS:baseflow_depth>
    <HMS:baseflow_volume units="ACRE-FT">0.0</HMS:baseflow_volume>
    <HMS:direct_runoff_depth units="IN">17.30</HMS:direct_runoff_depth>
    <HMS:direct_runoff_volume units="ACRE-FT">1623.7</HMS:direct_runoff_volume>
    <HMS:excess_depth units="IN">17.30</HMS:excess_depth>
    <HMS:excess_volume units="ACRE-FT">1624.1</HMS:excess_volume>
    <HMS:loss_depth units="IN">2.00</HMS:loss_depth>
    <HMS:loss_volume units="ACRE-FT">187.5</HMS:loss_volume>
  </HMS:element>
  <HMS:element xmlns:HMS="http://www.hec.usace.army.mil/software/hec-hms" type="subbasin" name="C162">
    <HMS:area units="MI2">0.97</HMS:area>
    <HMS:peak_outflow units="CFS">875.2</HMS:peak_outflow>
    <HMS:peak_time>01Jun2007, 18:00</HMS:peak_time>
    <HMS:outflow_depth units="IN">16.38</HMS:outflow_depth>
    <HMS:outflow_volume units="ACRE-FT">847.4</HMS:outflow_volume>
    <HMS:baseflow_depth units="IN">0.00</HMS:baseflow_depth>
    <HMS:baseflow_volume units="ACRE-FT">0.0</HMS:baseflow_volume>
    <HMS:direct_runoff_depth units="IN">16.38</HMS:direct_runoff_depth>
    <HMS:direct_runoff_volume units="ACRE-FT">847.4</HMS:direct_runoff_volume>
    <HMS:excess_depth units="IN">16.42</HMS:excess_depth>
    <HMS:excess_volume units="ACRE-FT">849.7</HMS:excess_volume>
    <HMS:loss_depth units="IN">2.88</HMS:loss_depth>
    <HMS:loss_volume units="ACRE-FT">148.8</HMS:loss_volume>
  </HMS:element>
  <HMS:element xmlns:HMS="http://www.hec.usace.army.mil/software/hec-hms" type="junction" name="C1000000_1090_J">
    <HMS:area units="MI2">3.23</HMS:area>
    <HMS:peak_outflow units="CFS">2767.6</HMS:peak_outflow>
    <HMS:peak_time>01Jun2007, 18:15</HMS:peak_time>
    <HMS:outflow_depth units="IN">16.09</HMS:outflow_depth>
    <HMS:outflow_volume units="ACRE-FT">2772.0</HMS:outflow_volume>
  </HMS:element>
  <HMS:element xmlns:HMS="http://www.hec.usace.army.mil/software/hec-hms" type="reach" name="C1000000_1050_R">
    <HMS:area units="MI2">3.23</HMS:area>
    <HMS:peak_outflow units="CFS">2610.4</HMS:peak_outflow>
    <HMS:peak_time>01Jun2007, 19:45</HMS:peak_time>
    <HMS:outflow_depth units="IN">16.08</HMS:outflow_depth>
    <HMS:outflow_volume units="ACRE-FT">2769.4</HMS:outflow_volume>
    <HMS:peak_inflow units="CFS">2767.6</HMS:peak_inflow>
    <HMS:peak_inflow_time>01Jun2007, 18:15</HMS:peak_inflow_time>
    <HMS:inflow_depth units="IN">16.09</HMS:inflow_depth>
    <HMS:inflow_volume units="ACRE-FT">2772.0</HMS:inflow_volume>
  </HMS:element>
  <HMS:element xmlns:HMS="http://www.hec.usace.army.mil/software/hec-hms" type="junction" name="C1470000_0007_J">
    <HMS:area units="MI2">7.16</HMS:area>
    <HMS:peak_outflow units="CFS">7168.0</HMS:peak_outflow>
    <HMS:peak_time>01Jun2007, 18:45</HMS:peak_time>
    <HMS:outflow_depth units="IN">16.39</HMS:outflow_depth>
    <HMS:outflow_volume units="ACRE-FT">6258.9</HMS:outflow_volume>
  </HMS:element>
  <HMS:element xmlns:HMS="http://www.hec.usace.army.mil/software/hec-hms" type="junction" name="C1450000_9901_J">
    <HMS:area units="MI2">3.24</HMS:area>
    <HMS:peak_outflow units="CFS">3062.5</HMS:peak_outflow>
    <HMS:peak_time>01Jun2007, 17:45</HMS:peak_time>
    <HMS:outflow_depth units="IN">16.80</HMS:outflow_depth>
    <HMS:outflow_volume units="ACRE-FT">2903.6</HMS:outflow_volume>
  </HMS:element>
  <HMS:element xmlns:HMS="http://www.hec.usace.army.mil/software/hec-hms" type="junction" name="C1000000_0209_J">
    <HMS:area units="MI2">65.31</HMS:area>
    <HMS:peak_outflow units="CFS">33999.0</HMS:peak_outflow>
    <HMS:peak_time>01Jun2007, 23:00</HMS:peak_time>
    <HMS:outflow_depth units="IN">16.24</HMS:outflow_depth>
    <HMS:outflow_volume units="ACRE-FT">56565.4</HMS:outflow_volume>
  </HMS:element>
  <HMS:element xmlns:HMS="http://www.hec.usace.army.mil/software/hec-hms" type="reach" name="C1000000_0149_R">
    <HMS:area units="MI2">65.31</HMS:area>
    <HMS:peak_outflow units="CFS">33914.1</HMS:peak_outflow>
    <HMS:peak_time>01Jun2007, 24:00</HMS:peak_time>
    <HMS:outflow_depth units="IN">16.18</HMS:outflow_depth>
    <HMS:outflow_volume units="ACRE-FT">56354.8</HMS:outflow_volume>
    <HMS:peak_inflow units="CFS">33999.0</HMS:peak_inflow>
    <HMS:peak_inflow_time>01Jun2007, 23:00</HMS:peak_inflow_time>
    <HMS:inflow_depth units="IN">16.24</HMS:inflow_depth>
    <HMS:inflow_volume units="ACRE-FT">56565.4</HMS:inflow_volume>
  </HMS:element>
  <HMS:element xmlns:HMS="http://www.hec.usace.army.mil/software/hec-hms" type="junction" name="C1470000_0033_J">
    <HMS:area units="MI2">4.53</HMS:area>
    <HMS:peak_outflow units="CFS">3962.0</HMS:peak_outflow>
    <HMS:peak_time>01Jun2007, 18:00</HMS:peak_time>
    <HMS:outflow_depth units="IN">16.40</HMS:outflow_depth>
    <HMS:outflow_volume units="ACRE-FT">3962.2</HMS:outflow_volume>
  </HMS:element>
  <HMS:element xmlns:HMS="http://www.hec.usace.army.mil/software/hec-hms" type="junction" name="C1470000_0026_J">
    <HMS:area units="MI2">7.16</HMS:area>
    <HMS:peak_outflow units="CFS">7249.0</HMS:peak_outflow>
    <HMS:peak_time>01Jun2007, 17:45</HMS:peak_time>
    <HMS:outflow_depth units="IN">16.41</HMS:outflow_depth>
    <HMS:outflow_volume units="ACRE-FT">6266.2</HMS:outflow_volume>
  </HMS:element>
  <HMS:element xmlns:HMS="http://www.hec.usace.army.mil/software/hec-hms" type="reach" name="C1470000_0026_R">
    <HMS:area units="MI2">4.53</HMS:area>
    <HMS:peak_outflow units="CFS">3952.6</HMS:peak_outflow>
    <HMS:peak_time>01Jun2007, 18:15</HMS:peak_time>
    <HMS:outflow_depth units="IN">16.35</HMS:outflow_depth>
    <HMS:outflow_volume units="ACRE-FT">3950.5</HMS:outflow_volume>
    <HMS:peak_inflow units="CFS">3962.0</HMS:peak_inflow>
    <HMS:peak_inflow_time>01Jun2007, 18:00</HMS:peak_inflow_time>
    <HMS:inflow_depth units="IN">16.40</HMS:inflow_depth>
    <HMS:inflow_volume units="ACRE-FT">3962.2</HMS:inflow_volume>
  </HMS:element>
  <HMS:element xmlns:HMS="http://www.hec.usace.army.mil/software/hec-hms" type="reach" name="C1470000_0007_R">
    <HMS:area units="MI2">7.16</HMS:area>
    <HMS:peak_outflow units="CFS">7168.0</HMS:peak_outflow>
    <HMS:peak_time>01Jun2007, 18:45</HMS:peak_time>
    <HMS:outflow_depth units="IN">16.39</HMS:outflow_depth>
    <HMS:outflow_volume units="ACRE-FT">6258.9</HMS:outflow_volume>
    <HMS:peak_inflow units="CFS">7249.0</HMS:peak_inflow>
    <HMS:peak_inflow_time>01Jun2007, 17:45</HMS:peak_inflow_time>
    <HMS:inflow_depth units="IN">16.41</HMS:inflow_depth>
    <HMS:inflow_volume units="ACRE-FT">6266.2</HMS:inflow_volume>
  </HMS:element>
  <HMS:element xmlns:HMS="http://www.hec.usace.army.mil/software/hec-hms" type="junction" name="C1000000_1050_J">
    <HMS:area units="MI2">3.23</HMS:area>
    <HMS:peak_outflow units="CFS">2610.4</HMS:peak_outflow>
    <HMS:peak_time>01Jun2007, 19:45</HMS:peak_time>
    <HMS:outflow_depth units="IN">16.08</HMS:outflow_depth>
    <HMS:outflow_volume units="ACRE-FT">2769.4</HMS:outflow_volume>
  </HMS:element>
  <HMS:element xmlns:HMS="http://www.hec.usace.army.mil/software/hec-hms" type="junction" name="C1000000_1033_J">
    <HMS:area units="MI2">5.07</HMS:area>
    <HMS:peak_outflow units="CFS">4689.9</HMS:peak_outflow>
    <HMS:peak_time>01Jun2007, 18:30</HMS:peak_time>
    <HMS:outflow_depth units="IN">16.26</HMS:outflow_depth>
    <HMS:outflow_volume units="ACRE-FT">4397.3</HMS:outflow_volume>
  </HMS:element>
  <HMS:element xmlns:HMS="http://www.hec.usace.army.mil/software/hec-hms" type="reach" name="C1000000_1042_R">
    <HMS:area units="MI2">3.23</HMS:area>
    <HMS:peak_outflow units="CFS">2610.1</HMS:peak_outflow>
    <HMS:peak_time>01Jun2007, 19:45</HMS:peak_time>
    <HMS:outflow_depth units="IN">16.07</HMS:outflow_depth>
    <HMS:outflow_volume units="ACRE-FT">2769.0</HMS:outflow_volume>
    <HMS:peak_inflow units="CFS">2610.4</HMS:peak_inflow>
    <HMS:peak_inflow_time>01Jun2007, 19:45</HMS:peak_inflow_time>
    <HMS:inflow_depth units="IN">16.08</HMS:inflow_depth>
    <HMS:inflow_volume units="ACRE-FT">2769.4</HMS:inflow_volume>
  </HMS:element>
  <HMS:element xmlns:HMS="http://www.hec.usace.army.mil/software/hec-hms" type="reach" name="C1000000_0975_R">
    <HMS:area units="MI2">5.07</HMS:area>
    <HMS:peak_outflow units="CFS">4372.7</HMS:peak_outflow>
    <HMS:peak_time>01Jun2007, 18:45</HMS:peak_time>
    <HMS:outflow_depth units="IN">14.52</HMS:outflow_depth>
    <HMS:outflow_volume units="ACRE-FT">3925.2</HMS:outflow_volume>
    <HMS:peak_inflow units="CFS">4481.6</HMS:peak_inflow>
    <HMS:peak_inflow_time>01Jun2007, 18:30</HMS:peak_inflow_time>
    <HMS:inflow_depth units="IN">14.52</HMS:inflow_depth>
    <HMS:inflow_volume units="ACRE-FT">3927.3</HMS:inflow_volume>
  </HMS:element>
  <HMS:element xmlns:HMS="http://www.hec.usace.army.mil/software/hec-hms" type="diversion" name="C1000000_1033_D">
    <HMS:area units="MI2">5.07</HMS:area>
    <HMS:peak_outflow units="CFS">4481.6</HMS:peak_outflow>
    <HMS:peak_outflow_time>01Jun2007, 18:30</HMS:peak_outflow_time>
    <HMS:outflow_depth units="IN">14.52</HMS:outflow_depth>
    <HMS:outflow_volume units="ACRE-FT">3927.3</HMS:outflow_volume>
    <HMS:peak_inflow units="CFS">4689.9</HMS:peak_inflow>
    <HMS:peak_inflow_time>01Jun2007, 18:30</HMS:peak_inflow_time>
    <HMS:inflow_depth units="IN">16.26</HMS:inflow_depth>
    <HMS:inflow_volume units="ACRE-FT">4397.3</HMS:inflow_volume>
    <HMS:peak_diversion units="CFS">2180.2</HMS:peak_diversion>
    <HMS:peak_diversion_time>01Jun2007, 16:15</HMS:peak_diversion_time>
    <HMS:diversion_depth units="IN">1.74</HMS:diversion_depth>
    <HMS:diversion_volume units="ACRE-FT">470.0</HMS:diversion_volume>
  </HMS:element>
  <HMS:element xmlns:HMS="http://www.hec.usace.army.mil/software/hec-hms" type="diversion" name="C1000000_6454_D">
    <HMS:area units="MI2">34.73</HMS:area>
    <HMS:peak_outflow units="CFS">25852.9</HMS:peak_outflow>
    <HMS:peak_outflow_time>01Jun2007, 23:30</HMS:peak_outflow_time>
    <HMS:outflow_depth units="IN">16.97</HMS:outflow_depth>
    <HMS:outflow_volume units="ACRE-FT">31429.5</HMS:outflow_volume>
    <HMS:peak_inflow units="CFS">27441.6</HMS:peak_inflow>
    <HMS:peak_inflow_time>01Jun2007, 23:30</HMS:peak_inflow_time>
    <HMS:inflow_depth units="IN">17.90</HMS:inflow_depth>
    <HMS:inflow_volume units="ACRE-FT">33153.3</HMS:inflow_volume>
    <HMS:peak_diversion units="CFS">2888.0</HMS:peak_diversion>
    <HMS:peak_diversion_time>02Jun2007, 01:30</HMS:peak_diversion_time>
    <HMS:diversion_depth units="IN">0.93</HMS:diversion_depth>
    <HMS:diversion_volume units="ACRE-FT">1723.9</HMS:diversion_volume>
  </HMS:element>
  <HMS:element xmlns:HMS="http://www.hec.usace.army.mil/software/hec-hms" type="reservoir" name="C500_01_00">
    <HMS:area units="MI2">0.0</HMS:area>
    <HMS:peak_outflow units="CFS">194.8</HMS:peak_outflow>
    <HMS:peak_time>01Jun2007, 22:15</HMS:peak_time>
    <HMS:outflow_volume units="ACRE-FT">324.0</HMS:outflow_volume>
    <HMS:peak_inflow units="CFS">2180.2</HMS:peak_inflow>
    <HMS:peak_inflow_time>01Jun2007, 16:15</HMS:peak_inflow_time>
    <HMS:inflow_volume units="ACRE-FT">470.0</HMS:inflow_volume>
    <HMS:peak_elevation units="FT">59.6</HMS:peak_elevation>
    <HMS:peak_outflow units="ACRE-FT">432.9</HMS:peak_outflow>
  </HMS:element>
  <HMS:element xmlns:HMS="http://www.hec.usace.army.mil/software/hec-hms" type="reservoir" name="C500_03_00">
    <HMS:area units="MI2">0.0</HMS:area>
    <HMS:peak_outflow units="CFS">2846.3</HMS:peak_outflow>
    <HMS:peak_time>02Jun2007, 01:45</HMS:peak_time>
    <HMS:outflow_volume units="ACRE-FT">1251.0</HMS:outflow_volume>
    <HMS:peak_inflow units="CFS">2888.0</HMS:peak_inflow>
    <HMS:peak_inflow_time>02Jun2007, 01:30</HMS:peak_inflow_time>
    <HMS:inflow_volume units="ACRE-FT">1723.9</HMS:inflow_volume>
    <HMS:peak_elevation units="FT">876.8</HMS:peak_elevation>
    <HMS:peak_outflow units="ACRE-FT">1148.7</HMS:peak_outflow>
  </HMS:element>
  <HMS:element xmlns:HMS="http://www.hec.usace.army.mil/software/hec-hms" type="junction" name="C1000000_0623_J">
    <HMS:area units="MI2">40.83</HMS:area>
    <HMS:peak_outflow units="CFS">29154.9</HMS:peak_outflow>
    <HMS:peak_time>01Jun2007, 23:30</HMS:peak_time>
    <HMS:outflow_depth units="IN">17.14</HMS:outflow_depth>
    <HMS:outflow_volume units="ACRE-FT">37329.4</HMS:outflow_volume>
  </HMS:element>
</summary>

