<?xml version="1.0"?>
<!--<!DOCTYPE metadata SYSTEM "http://www.esri.com/metadata/esriprof80.dtd">-->
<metadata xml:lang="en"><Esri><CreaDate>20120906</CreaDate><CreaTime>10294100</CreaTime><SyncOnce>FALSE</SyncOnce><SyncDate>20120904</SyncDate><SyncTime>08583600</SyncTime><ModDate>20120904</ModDate><ModTime>08583600</ModTime><DataProperties><lineage><Process ToolSource="C:\Program Files\ArcGIS\ArcToolbox\Toolboxes\Data Management Tools.tbx\CopyFeatures" Date="20060627" Time="151054">CopyFeatures S:\Open\GIS\work_directory\SML\TSRP_DATA\S_XS.shp "Database Connections\SDE_IS.sde\sde_is.SDE.TSARP_DATA\sde_is.SDE.S_XS" # 0 0 0</Process><Process ToolSource="C:\Program Files\ArcGIS\ArcToolbox\Toolboxes\Data Management Tools.tbx\Merge" Date="20120904" Time="085841">Merge XS_Total;S_XS_Added_080312 "C:\Documents and Settings\mleclair\Desktop\CMU New Models\Z - GIS - XS\XS_Updated.shp" "OBJECTID 'OBJECTID' true true false 10 Double 0 10 ,First,#,XS_Total,OBJECTID,-1,-1;XS_LN_ID 'XS_LN_ID' true true false 11 Text 0 0 ,First,#,XS_Total,XS_LN_ID,-1,-1,S_XS_Added_080312,XS_LN_ID,-1,-1;XS_LTR 'XS_LTR' true true false 12 Text 0 0 ,First,#,XS_Total,XS_LTR,-1,-1,S_XS_Added_080312,XS_LTR,-1,-1;START_ID 'START_ID' true true false 11 Text 0 0 ,First,#,XS_Total,START_ID,-1,-1,S_XS_Added_080312,START_ID,-1,-1;STREAM_STN 'STREAM_STN' true true false 12 Text 0 0 ,First,#,XS_Total,STREAM_STN,-1,-1,S_XS_Added_080312,STREAM_STN,-1,-1;XS_LN_TYP 'XS_LN_TYP' true true false 20 Text 0 0 ,First,#,XS_Total,XS_LN_TYP,-1,-1,S_XS_Added_080312,XS_LN_TYP,-1,-1;WTR_NM 'WTR_NM' true true false 100 Text 0 0 ,First,#,XS_Total,WTR_NM,-1,-1,S_XS_Added_080312,WTR_NM,-1,-1;WSEL_REG 'WSEL_REG' true true false 8 Float 2 7 ,First,#,XS_Total,WSEL_REG,-1,-1,S_XS_Added_080312,WSEL_REG,-1,-1;LEN_UNIT 'LEN_UNIT' true true false 20 Text 0 0 ,First,#,XS_Total,LEN_UNIT,-1,-1,S_XS_Added_080312,LEN_UNIT,-1,-1;V_DATUM 'V_DATUM' true true false 6 Text 0 0 ,First,#,XS_Total,V_DATUM,-1,-1,S_XS_Added_080312,V_DATUM,-1,-1;SOURCE_CIT 'SOURCE_CIT' true true false 11 Text 0 0 ,First,#,XS_Total,SOURCE_CIT,-1,-1,S_XS_Added_080312,SOURCE_CIT,-1,-1;Shape_len 'Shape_len' true true false 19 Double 0 0 ,First,#,XS_Total,Shape_len,-1,-1"</Process></lineage></DataProperties><MetaID>{DEABF075-E433-4DCD-B286-BF468B803359}</MetaID></Esri><idinfo><native Sync="TRUE">Microsoft Windows XP Version 5.1 (Build 2600) Service Pack 3; ESRI ArcCatalog 9.3.0.1770</native><descript><langdata Sync="TRUE">en</langdata><abstract>2006 Revised TSARP Model Cross Sections</abstract></descript><citation><citeinfo><origin>REQUIRED: The name of an organization or individual that developed the data set.</origin><pubdate>REQUIRED: The date when the data set is published or otherwise made available for release.</pubdate><title Sync="TRUE">XS_Updated</title><ftname Sync="TRUE">XS_Updated</ftname><geoform Sync="TRUE">vector digital data</geoform><onlink Sync="TRUE"></onlink></citeinfo></citation><timeperd><current>REQUIRED: The basis on which the time period of content information is determined.</current><timeinfo><sngdate><caldate>REQUIRED: The year (and optionally month, or month and day) for which the data set corresponds to the ground.</caldate></sngdate></timeinfo></timeperd><status><progress>REQUIRED: The state of the data set.</progress><update>REQUIRED: The frequency with which changes and additions are made to the data set after the initial data set is completed.</update></status><spdom><bounding><westbc Sync="TRUE">-95.980165</westbc><eastbc Sync="TRUE">-94.884758</eastbc><northbc Sync="TRUE">30.183500</northbc><southbc Sync="TRUE">29.490256</southbc></bounding><lboundng><leftbc Sync="TRUE">2928791.242029</leftbc><rightbc Sync="TRUE">3268860.880490</rightbc><bottombc Sync="TRUE">13748527.954950</bottombc><topbc Sync="TRUE">13990371.048680</topbc></lboundng></spdom><keywords><theme><themekt>REQUIRED: Reference to a formally registered thesaurus or a similar authoritative source of theme keywords.</themekt><themekey>Cross Sections</themekey><themekey>TSARP</themekey></theme><place><placekey>Harris County, Texas</placekey></place></keywords><accconst>REQUIRED: Restrictions and legal prerequisites for accessing the data set.</accconst><useconst>REQUIRED: Restrictions and legal prerequisites for using the data set after access is granted.</useconst><natvform Sync="TRUE">Shapefile</natvform></idinfo><dataIdInfo><envirDesc Sync="TRUE">Microsoft Windows XP Version 5.1 (Build 2600) Service Pack 3; ESRI ArcCatalog 9.3.0.1770</envirDesc><dataLang><languageCode Sync="TRUE" value="en"></languageCode></dataLang><idCitation><resTitle Sync="TRUE">XS_Updated</resTitle><presForm><PresFormCd Sync="TRUE" value="005"></PresFormCd></presForm></idCitation><spatRpType><SpatRepTypCd Sync="TRUE" value="001"></SpatRepTypCd></spatRpType><dataExt><geoEle><GeoBndBox esriExtentType="native"><westBL Sync="TRUE">2928791.242029</westBL><eastBL Sync="TRUE">3268860.88049</eastBL><northBL Sync="TRUE">13990371.04868</northBL><southBL Sync="TRUE">13748527.95495</southBL><exTypeCode Sync="TRUE">1</exTypeCode></GeoBndBox></geoEle></dataExt><geoBox esriExtentType="decdegrees"><westBL Sync="TRUE">-95.980165</westBL><eastBL Sync="TRUE">-94.884758</eastBL><northBL Sync="TRUE">30.1835</northBL><southBL Sync="TRUE">29.490256</southBL><exTypeCode Sync="TRUE">1</exTypeCode></geoBox></dataIdInfo><metainfo><langmeta Sync="TRUE">en</langmeta><metstdn Sync="TRUE">FGDC Content Standards for Digital Geospatial Metadata</metstdn><metstdv Sync="TRUE">FGDC-STD-001-1998</metstdv><mettc Sync="TRUE">local time</mettc><metc><cntinfo><cntorgp><cntper>REQUIRED: The person responsible for the metadata information.</cntper><cntorg>REQUIRED: The organization responsible for the metadata information.</cntorg></cntorgp><cntaddr><addrtype>REQUIRED: The mailing and/or physical address for the organization or individual.</addrtype><city>REQUIRED: The city of the address.</city><state>REQUIRED: The state or province of the address.</state><postal>REQUIRED: The ZIP or other postal code of the address.</postal></cntaddr><cntvoice>REQUIRED: The telephone number by which individuals can speak to the organization or individual.</cntvoice></cntinfo></metc><metd Sync="TRUE">20120904</metd><metextns><onlink Sync="TRUE">http://www.esri.com/metadata/esriprof80.html</onlink><metprof Sync="TRUE">ESRI Metadata Profile</metprof></metextns></metainfo><mdLang><languageCode Sync="TRUE" value="en"></languageCode></mdLang><mdStanName Sync="TRUE">ISO 19115 Geographic Information - Metadata</mdStanName><mdStanVer Sync="TRUE">DIS_ESRI1.0</mdStanVer><mdChar><CharSetCd Sync="TRUE" value="004"></CharSetCd></mdChar><mdHrLv><ScopeCd Sync="TRUE" value="005"></ScopeCd></mdHrLv><mdHrLvName Sync="TRUE">dataset</mdHrLvName><distinfo><resdesc Sync="TRUE">Downloadable Data</resdesc><stdorder><digform><digtinfo><transize Sync="TRUE">0.000</transize><dssize Sync="TRUE">0.000</dssize></digtinfo></digform></stdorder></distinfo><distInfo><distributor><distorTran><onLineSrc><orDesc Sync="TRUE">002</orDesc><linkage Sync="TRUE">file://</linkage><protocol Sync="TRUE">Local Area Network</protocol></onLineSrc><transSize Sync="TRUE">0.000</transSize></distorTran><distorFormat><formatName Sync="TRUE">Shapefile</formatName></distorFormat></distributor></distInfo><spdoinfo><direct Sync="TRUE">Vector</direct><ptvctinf><esriterm Name="XS_Updated"><efeatyp Sync="TRUE">Simple</efeatyp><efeageom Sync="TRUE">Polyline</efeageom><esritopo Sync="TRUE">FALSE</esritopo><efeacnt Sync="TRUE">0</efeacnt><spindex Sync="TRUE">TRUE</spindex><linrefer Sync="TRUE">FALSE</linrefer></esriterm><sdtsterm Name="XS_Updated"><sdtstype Sync="TRUE">String</sdtstype><ptvctcnt Sync="TRUE">0</ptvctcnt></sdtsterm></ptvctinf></spdoinfo><spref><horizsys><cordsysn><geogcsn Sync="TRUE">GCS_North_American_1983</geogcsn><projcsn Sync="TRUE">NAD_1983_StatePlane_Texas_South_Central_FIPS_4204_Feet</projcsn></cordsysn><planar><planci><plance Sync="TRUE">coordinate pair</plance><plandu Sync="TRUE">survey feet</plandu><coordrep><absres Sync="TRUE">0.000000</absres><ordres Sync="TRUE">0.000000</ordres></coordrep></planci><mapproj><mapprojn Sync="TRUE">Lambert Conformal Conic</mapprojn><lambertc><stdparll Sync="TRUE">28.383333</stdparll><stdparll Sync="TRUE">30.283333</stdparll><longcm Sync="TRUE">-99.000000</longcm><latprjo Sync="TRUE">27.833333</latprjo><feast Sync="TRUE">1968500.000000</feast><fnorth Sync="TRUE">13123333.333333</fnorth></lambertc></mapproj></planar><geodetic><horizdn Sync="TRUE">North American Datum of 1983</horizdn><ellips Sync="TRUE">Geodetic Reference System 80</ellips><semiaxis Sync="TRUE">6378137.000000</semiaxis><denflat Sync="TRUE">298.257222</denflat></geodetic></horizsys><vertdef><altsys><altenc Sync="TRUE">Explicit elevation coordinate included with horizontal coordinates</altenc><altres Sync="TRUE">1.000000</altres></altsys></vertdef></spref><refSysInfo><RefSystem><refSysID><identCode Sync="TRUE">NAD_1983_StatePlane_Texas_South_Central_FIPS_4204_Feet</identCode></refSysID></RefSystem></refSysInfo><spatRepInfo><VectSpatRep><topLvl><TopoLevCd Sync="TRUE" value="001"></TopoLevCd></topLvl><geometObjs Name="XS_Updated"><geoObjTyp><GeoObjTypCd Sync="TRUE" value="001"></GeoObjTypCd></geoObjTyp><geoObjCnt Sync="TRUE">0</geoObjCnt></geometObjs></VectSpatRep></spatRepInfo><eainfo><detailed Name="XS_Updated"><attr><attrlabl Sync="TRUE">SOURCE_CIT</attrlabl><attalias Sync="TRUE">SOURCE_CIT</attalias><attrtype Sync="TRUE">String</attrtype><attwidth Sync="TRUE">11</attwidth><attrdef>Source of information</attrdef></attr><attr><attrlabl Sync="TRUE">V_DATUM</attrlabl><attalias Sync="TRUE">FID</attalias><attrtype Sync="TRUE">String</attrtype><attwidth Sync="TRUE">6</attwidth><attrdef Sync="TRUE">Internal feature number.</attrdef><attrdefs Sync="TRUE">ESRI</attrdefs><attrdomv><udom Sync="TRUE">Sequential unique whole numbers that are automatically generated.</udom></attrdomv></attr><enttyp><enttypl Sync="TRUE">XS_Updated</enttypl><enttypt Sync="TRUE">Feature Class</enttypt><enttypc Sync="TRUE">0</enttypc></enttyp><attr><attrlabl Sync="TRUE">Shape</attrlabl><attalias Sync="TRUE">XS_LN_ID</attalias><attrtype Sync="TRUE">String</attrtype><attwidth Sync="TRUE">11</attwidth><atprecis Sync="TRUE">0</atprecis><attscale Sync="TRUE">0</attscale><attrdef Sync="TRUE">Feature geometry.</attrdef><attrdefs Sync="TRUE">ESRI</attrdefs><attrdomv><udom Sync="TRUE">Coordinates defining the features.</udom></attrdomv></attr><attr><attrlabl Sync="TRUE">XS_LN_ID</attrlabl><attalias Sync="TRUE">XS_LTR</attalias><attrtype Sync="TRUE">String</attrtype><attwidth Sync="TRUE">11</attwidth><attrdef>Cross section unique identification number</attrdef></attr><attr><attrlabl Sync="TRUE">XS_LTR</attrlabl><attalias Sync="TRUE">START_ID</attalias><attrtype Sync="TRUE">String</attrtype><attwidth Sync="TRUE">12</attwidth><attrdef>Cross section letter</attrdef></attr><attr><attrlabl Sync="TRUE">START_ID</attrlabl><attalias Sync="TRUE">STREAM_STN</attalias><attrtype Sync="TRUE">String</attrtype><attwidth Sync="TRUE">11</attwidth></attr><attr><attrlabl Sync="TRUE">STREAM_STN</attrlabl><attalias Sync="TRUE">XS_LN_TYP</attalias><attrtype Sync="TRUE">String</attrtype><attwidth Sync="TRUE">12</attwidth></attr><attr><attrlabl Sync="TRUE">XS_LN_TYP</attrlabl><attalias Sync="TRUE">WTR_NM</attalias><attrtype Sync="TRUE">String</attrtype><attwidth Sync="TRUE">20</attwidth><attrdef>Cross section line type</attrdef></attr><attr><attrlabl Sync="TRUE">WTR_NM</attrlabl><attalias Sync="TRUE">WSEL_REG</attalias><attrtype Sync="TRUE">String</attrtype><attwidth Sync="TRUE">100</attwidth></attr><attr><attrlabl Sync="TRUE">WSEL_REG</attrlabl><attalias Sync="TRUE">LEN_UNIT</attalias><attrtype Sync="TRUE">Number</attrtype><attwidth Sync="TRUE">8</attwidth><atnumdec Sync="TRUE">2</atnumdec></attr><attr><attrlabl Sync="TRUE">LEN_UNIT</attrlabl><attalias Sync="TRUE">OBJECTID</attalias><attrtype Sync="TRUE">String</attrtype><attwidth Sync="TRUE">20</attwidth><attrdef>Linear unit</attrdef></attr><attr><attrlabl Sync="TRUE">OBJECTID</attrlabl><attalias Sync="TRUE">Shape</attalias><attrtype Sync="TRUE">Number</attrtype><attwidth Sync="TRUE">10</attwidth><attrdef Sync="TRUE">Internal feature number.</attrdef><attrdefs Sync="TRUE">ESRI</attrdefs><attrdomv><udom Sync="TRUE">Sequential unique whole numbers that are automatically generated.</udom></attrdomv></attr><attr><attrlabl Sync="TRUE">SHAPE</attrlabl><attalias Sync="TRUE">V_DATUM</attalias><attrtype Sync="TRUE">String</attrtype><attwidth Sync="TRUE">6</attwidth><atprecis Sync="TRUE">0</atprecis><attscale Sync="TRUE">0</attscale><attrdef Sync="TRUE">Feature geometry.</attrdef><attrdefs Sync="TRUE">ESRI</attrdefs><attrdomv><udom Sync="TRUE">Coordinates defining the features.</udom></attrdomv></attr><attr><attrlabl Sync="TRUE">Shape_len</attrlabl><attalias Sync="TRUE">Shape_len</attalias><attrtype Sync="TRUE">Float</attrtype><attwidth Sync="TRUE">19</attwidth><atnumdec Sync="TRUE">11</atnumdec></attr></detailed></eainfo><mdDateSt Sync="TRUE">20120904</mdDateSt><dataqual><lineage><procstep><procdesc Sync="TRUE">Dataset copied.</procdesc><srcused Sync="TRUE">C:\Workspace\Harris\Alex\S_XS</srcused><date Sync="TRUE">20060608</date><time Sync="TRUE">14182200</time></procstep><procstep><procdesc Sync="TRUE">Dataset copied.</procdesc><srcused Sync="TRUE">Server=fcgis; Service=sde:sqlserver:fcgis; Database=sde_is; User=publicdata; Version=sde.DEFAULT</srcused><procdate Sync="TRUE">20120904</procdate><proctime Sync="TRUE">08412300</proctime></procstep><procstep><procdesc Sync="TRUE">Dataset copied.</procdesc><srcused Sync="TRUE"></srcused><procdate Sync="TRUE">20120906</procdate><proctime Sync="TRUE">10294100</proctime></procstep></lineage></dataqual></metadata>
