<?xml version="1.0" encoding="UTF-8"?>
<metadata xml:lang="en"><Esri><CreaDate>20140923</CreaDate><CreaTime>14552700</CreaTime><ArcGISFormat>1.0</ArcGISFormat><SyncOnce>TRUE</SyncOnce><DataProperties><itemProps><itemLocation><linkage Sync="TRUE">file://\\hcfcd.co.harris.tx.us\DATA\RMD\LOMR Delegation\Completed Cases\14-06-1080P\4000 - Final Documents\GIS\Should be\S_XS</linkage><protocol Sync="TRUE">Local Area Network</protocol></itemLocation></itemProps><copyHistory><copy source="S:\RMD\LOMR Delegation\Completed Cases\14-06-1080P\4000 - Final Documents\GIS\Mapped\S_XS" dest="\\hcfcd.co.harris.tx.us\DATA\RMD\LOMR Delegation\Completed Cases\14-06-1080P\4000 - Final Documents\GIS\Should be\S_XS" date="20140923" time="14552700"></copy></copyHistory></DataProperties></Esri></metadata>
