<?xml version="1.0" encoding="UTF-8"?>
<metadata xml:lang="en"><Esri><CreaDate>20131125</CreaDate><CreaTime>15482500</CreaTime><SyncOnce>FALSE</SyncOnce><DataProperties><lineage><Process ToolSource="C:\Program Files (x86)\ArcGIS\Desktop10.0\ArcToolbox\Toolboxes\Data Management Tools.tbx\CalculateField" Date="20130918" Time="090659">CalculateField "Post Project Xsec Added" OBJECTID "-9999" VB #</Process><Process ToolSource="C:\Program Files (x86)\ArcGIS\Desktop10.0\ArcToolbox\Toolboxes\Data Management Tools.tbx\CalculateField" Date="20130918" Time="095017">CalculateField "Post Project Xsec Added" DFIRM_ID -9999 VB #</Process><Process ToolSource="C:\Program Files (x86)\ArcGIS\Desktop10.0\ArcToolbox\Toolboxes\Data Management Tools.tbx\CalculateField" Date="20130918" Time="105154">CalculateField "Post Project Xsec Added" DFIRM_ID "48201C"
 VB #</Process><Process ToolSource="C:\Program Files (x86)\ArcGIS\Desktop10.0\ArcToolbox\Toolboxes\Data Management Tools.tbx\CalculateField" Date="20130918" Time="111446">CalculateField "Post Project Xsec Added" XS_LN_ID "" VB #</Process><Process ToolSource="C:\Program Files (x86)\ArcGIS\Desktop10.0\ArcToolbox\Toolboxes\Data Management Tools.tbx\CalculateField" Date="20130918" Time="111654">CalculateField "Post Project Xsec Added" XS_LTR "" VB #</Process><Process ToolSource="C:\Program Files (x86)\ArcGIS\Desktop10.0\ArcToolbox\Toolboxes\Data Management Tools.tbx\CalculateField" Date="20130918" Time="111713">CalculateField "Post Project Xsec Added" START_ID "" VB #</Process><Process ToolSource="C:\Program Files (x86)\ArcGIS\Desktop10.0\ArcToolbox\Toolboxes\Data Management Tools.tbx\CalculateField" Date="20130918" Time="112011">CalculateField "Post Project Xsec Added" LEN_UNIT FEET VB #</Process><Process ToolSource="C:\Program Files (x86)\ArcGIS\Desktop10.0\ArcToolbox\Toolboxes\Data Management Tools.tbx\CalculateField" Date="20130918" Time="112023">CalculateField "Post Project Xsec Added" LEN_UNIT "FEET" VB #</Process><Process ToolSource="C:\Program Files (x86)\ArcGIS\Desktop10.0\ArcToolbox\Toolboxes\Data Management Tools.tbx\CalculateField" Date="20130918" Time="112714">CalculateField "Post Project Xsec Added" WSEL_REG "" VB #</Process><Process ToolSource="C:\Program Files (x86)\ArcGIS\Desktop10.0\ArcToolbox\Toolboxes\Data Management Tools.tbx\CalculateField" Date="20130918" Time="112747">CalculateField "Post Project Xsec Added" WSEL_REG "" VB #</Process><Process ToolSource="C:\Program Files (x86)\ArcGIS\Desktop10.0\ArcToolbox\Toolboxes\Data Management Tools.tbx\CalculateField" Date="20130918" Time="112801">CalculateField "Post Project Xsec Added" WSEL_REG "" VB #</Process><Process ToolSource="C:\Program Files (x86)\ArcGIS\Desktop10.0\ArcToolbox\Toolboxes\Data Management Tools.tbx\CalculateField" Date="20130918" Time="112837">CalculateField "Post Project Xsec Added" WSEL_REG "" VB #</Process><Process ToolSource="C:\Program Files (x86)\ArcGIS\Desktop10.0\ArcToolbox\Toolboxes\Data Management Tools.tbx\CalculateField" Date="20130918" Time="113105">CalculateField "Post Project Xsec Added" V_DATUM "NAVD88" VB #</Process><Process ToolSource="C:\Program Files (x86)\ArcGIS\Desktop10.0\ArcToolbox\Toolboxes\Data Management Tools.tbx\CalculateField" Date="20130918" Time="123316">CalculateField "Post Project Xsec Added" SOURCE_CIT "" VB #</Process><Process ToolSource="C:\Program Files (x86)\ArcGIS\Desktop10.0\ArcToolbox\Toolboxes\Data Management Tools.tbx\CalculateField" Date="20130918" Time="123454">CalculateField "Post Project Xsec Added" BED_ELEV "-8888" VB #</Process><Process ToolSource="C:\Program Files (x86)\ArcGIS\Desktop10.0\ArcToolbox\Toolboxes\Data Management Tools.tbx\CalculateField" Date="20130918" Time="123928">CalculateField "Post Project Xsec Added" TOP_WIDTH "-8888" VB #</Process><Process ToolSource="C:\Program Files (x86)\ArcGIS\Desktop10.0\ArcToolbox\Toolboxes\Data Management Tools.tbx\CalculateField" Date="20130918" Time="124126">CalculateField "Post Project Xsec Added" XS_AREA "NP" VB #</Process><Process ToolSource="C:\Program Files (x86)\ArcGIS\Desktop10.0\ArcToolbox\Toolboxes\Data Management Tools.tbx\CalculateField" Date="20130918" Time="124144">CalculateField "Post Project Xsec Added" XS_AREA NP VB #</Process><Process ToolSource="C:\Program Files (x86)\ArcGIS\Desktop10.0\ArcToolbox\Toolboxes\Data Management Tools.tbx\CalculateField" Date="20130918" Time="124221">CalculateField "Post Project Xsec Added" XS_AREA "-8888" VB #</Process><Process ToolSource="C:\Program Files (x86)\ArcGIS\Desktop10.0\ArcToolbox\Toolboxes\Data Management Tools.tbx\CalculateField" Date="20130918" Time="124338">CalculateField "Post Project Xsec Added" AREA_UNIT "NP" VB #</Process><Process ToolSource="C:\Program Files (x86)\ArcGIS\Desktop10.0\ArcToolbox\Toolboxes\Data Management Tools.tbx\CalculateField" Date="20130918" Time="124448">CalculateField "Post Project Xsec Added" VELOCITY "-8888" VB #</Process><Process ToolSource="C:\Program Files (x86)\ArcGIS\Desktop10.0\ArcToolbox\Toolboxes\Data Management Tools.tbx\CalculateField" Date="20130918" Time="124632">CalculateField "Post Project Xsec Added" VEL_UNIT "NP" VB #</Process><Process ToolSource="c:\program files (x86)\arcgis\desktop10.0\ArcToolbox\Toolboxes\Conversion Tools.tbx\FeatureClassToFeatureClass" Date="20130918" Time="132304">FeatureClassToFeatureClass B:\BirnamwoodLOMR\ProposedCondRevised\Prop_Cond_Rev_3\Proposed_Cond_Revised3\Proposed_Cond_Revised3.gdb\RasResults\XSCutlines "J:\0116.107.002\07.00 CADD\GIS\Final Shapefiles for LOMR Submittal\Shapefiles Submitted Sept 2013" "Post Project Xsec Added.shp" # "Interp "Interp" true true false 2 Text 0 0 ,First,#,B:\BirnamwoodLOMR\ProposedCondRevised\Prop_Cond_Rev_3\Proposed_Cond_Revised3\Proposed_Cond_Revised3.gdb\RasResults\XSCutlines,Interp,-1,-1;Shape_Leng "Shape_Length" false true true 8 Double 0 0 ,First,#,B:\BirnamwoodLOMR\ProposedCondRevised\Prop_Cond_Rev_3\Proposed_Cond_Revised3\Proposed_Cond_Revised3.gdb\RasResults\XSCutlines,Shape_Length,-1,-1;OBJECTID "OBJECTID" true true false 8 Double 0 0 ,First,#,B:\BirnamwoodLOMR\ProposedCondRevised\Prop_Cond_Rev_3\Proposed_Cond_Revised3\Proposed_Cond_Revised3.gdb\RasResults\XSCutlines,OBJECTID,-1,-1;DFIRM_ID "DFIRM_ID" true true false 15 Text 0 0 ,First,#,B:\BirnamwoodLOMR\ProposedCondRevised\Prop_Cond_Rev_3\Proposed_Cond_Revised3\Proposed_Cond_Revised3.gdb\RasResults\XSCutlines,DFIRM_ID,-1,-1;XS_LN_ID "XS_LN_ID" true true false 11 Text 0 0 ,First,#,B:\BirnamwoodLOMR\ProposedCondRevised\Prop_Cond_Rev_3\Proposed_Cond_Revised3\Proposed_Cond_Revised3.gdb\RasResults\XSCutlines,XS_LN_ID,-1,-1;XS_LTR "XS_LTR" true true false 12 Text 0 0 ,First,#,B:\BirnamwoodLOMR\ProposedCondRevised\Prop_Cond_Rev_3\Proposed_Cond_Revised3\Proposed_Cond_Revised3.gdb\RasResults\XSCutlines,XS_LTR,-1,-1;START_ID "START_ID" true true false 11 Text 0 0 ,First,#,B:\BirnamwoodLOMR\ProposedCondRevised\Prop_Cond_Rev_3\Proposed_Cond_Revised3\Proposed_Cond_Revised3.gdb\RasResults\XSCutlines,START_ID,-1,-1;STREAM_STN "STREAM_STN" true true false 12 Text 0 0 ,First,#,B:\BirnamwoodLOMR\ProposedCondRevised\Prop_Cond_Rev_3\Proposed_Cond_Revised3\Proposed_Cond_Revised3.gdb\RasResults\XSCutlines,STREAM_STN,-1,-1;XS_LN_TYP "XS_LN_TYP" true true false 20 Text 0 0 ,First,#,B:\BirnamwoodLOMR\ProposedCondRevised\Prop_Cond_Rev_3\Proposed_Cond_Revised3\Proposed_Cond_Revised3.gdb\RasResults\XSCutlines,XS_LN_TYP,-1,-1;WTR_NM "WTR_NM" true true false 100 Text 0 0 ,First,#,B:\BirnamwoodLOMR\ProposedCondRevised\Prop_Cond_Rev_3\Proposed_Cond_Revised3\Proposed_Cond_Revised3.gdb\RasResults\XSCutlines,WTR_NM,-1,-1;LEN_UNIT "LEN_UNIT" true true false 20 Text 0 0 ,First,#,B:\BirnamwoodLOMR\ProposedCondRevised\Prop_Cond_Rev_3\Proposed_Cond_Revised3\Proposed_Cond_Revised3.gdb\RasResults\XSCutlines,LEN_UNIT,-1,-1;WSEL_REG "WSEL_REG" true true false 4 Float 0 0 ,First,#,B:\BirnamwoodLOMR\ProposedCondRevised\Prop_Cond_Rev_3\Proposed_Cond_Revised3\Proposed_Cond_Revised3.gdb\RasResults\XSCutlines,WSEL_REG,-1,-1;V_DATUM "V_DATUM" true true false 6 Text 0 0 ,First,#,B:\BirnamwoodLOMR\ProposedCondRevised\Prop_Cond_Rev_3\Proposed_Cond_Revised3\Proposed_Cond_Revised3.gdb\RasResults\XSCutlines,V_DATUM,-1,-1;SOURCE_CIT "SOURCE_CIT" true true false 11 Text 0 0 ,First,#,B:\BirnamwoodLOMR\ProposedCondRevised\Prop_Cond_Rev_3\Proposed_Cond_Revised3\Proposed_Cond_Revised3.gdb\RasResults\XSCutlines,SOURCE_CIT,-1,-1;BED_ELEV "BED_ELEV" true true false 4 Float 0 0 ,First,#,B:\BirnamwoodLOMR\ProposedCondRevised\Prop_Cond_Rev_3\Proposed_Cond_Revised3\Proposed_Cond_Revised3.gdb\RasResults\XSCutlines,BED_ELEV,-1,-1;TOP_WIDTH "TOP_WIDTH" true true false 4 Float 0 0 ,First,#,B:\BirnamwoodLOMR\ProposedCondRevised\Prop_Cond_Rev_3\Proposed_Cond_Revised3\Proposed_Cond_Revised3.gdb\RasResults\XSCutlines,TOP_WIDTH,-1,-1;XS_AREA "XS_AREA" true true false 4 Float 0 0 ,First,#,B:\BirnamwoodLOMR\ProposedCondRevised\Prop_Cond_Rev_3\Proposed_Cond_Revised3\Proposed_Cond_Revised3.gdb\RasResults\XSCutlines,XS_AREA,-1,-1;AREA_UNIT "AREA_UNIT" true true false 20 Text 0 0 ,First,#,B:\BirnamwoodLOMR\ProposedCondRevised\Prop_Cond_Rev_3\Proposed_Cond_Revised3\Proposed_Cond_Revised3.gdb\RasResults\XSCutlines,AREA_UNIT,-1,-1;VELOCITY "VELOCITY" true true false 4 Float 0 0 ,First,#,B:\BirnamwoodLOMR\ProposedCondRevised\Prop_Cond_Rev_3\Proposed_Cond_Revised3\Proposed_Cond_Revised3.gdb\RasResults\XSCutlines,VELOCITY,-1,-1;VEL_UNIT "VEL_UNIT" true true false 20 Text 0 0 ,First,#,B:\BirnamwoodLOMR\ProposedCondRevised\Prop_Cond_Rev_3\Proposed_Cond_Revised3\Proposed_Cond_Revised3.gdb\RasResults\XSCutlines,VEL_UNIT,-1,-1" #</Process><Process ToolSource="c:\program files (x86)\arcgis\desktop10.0\ArcToolbox\Toolboxes\Data Management Tools.tbx\DeleteField" Date="20130918" Time="134953">DeleteField S_XS Shape_Leng</Process><Process ToolSource="C:\Program Files (x86)\ArcGIS\Desktop10.0\ArcToolbox\Toolboxes\Data Management Tools.tbx\CalculateField" Date="20130918" Time="135045">CalculateField S_XS WSEL_REG "" VB #</Process><Process ToolSource="C:\Program Files (x86)\ArcGIS\Desktop10.0\ArcToolbox\Toolboxes\Data Management Tools.tbx\CalculateField" Date="20131125" Time="160826">CalculateField S_XS START_ID "2" VB #</Process><Process ToolSource="C:\Program Files (x86)\ArcGIS\Desktop10.0\ArcToolbox\Toolboxes\Data Management Tools.tbx\CalculateField" Date="20131125" Time="161413">CalculateField S_XS OBJECTID "-9999" VB #</Process><Process ToolSource="C:\Program Files (x86)\ArcGIS\Desktop10.0\ArcToolbox\Toolboxes\Data Management Tools.tbx\CalculateField" Date="20131125" Time="161705">CalculateField S_XS BED_ELEV "-8888" VB #</Process><Process ToolSource="C:\Program Files (x86)\ArcGIS\Desktop10.0\ArcToolbox\Toolboxes\Data Management Tools.tbx\CalculateField" Date="20131125" Time="161804">CalculateField S_XS TOP_WIDTH "-8888" VB #</Process><Process ToolSource="C:\Program Files (x86)\ArcGIS\Desktop10.0\ArcToolbox\Toolboxes\Data Management Tools.tbx\CalculateField" Date="20131125" Time="161916">CalculateField S_XS XS_AREA "-8888" VB #</Process><Process ToolSource="C:\Program Files (x86)\ArcGIS\Desktop10.0\ArcToolbox\Toolboxes\Data Management Tools.tbx\CalculateField" Date="20131125" Time="162339">CalculateField S_XS VELOCITY "-8888" VB #</Process></lineage><itemProps><itemName Sync="TRUE">Post Project Xsec Added</itemName><imsContentType Sync="TRUE">002</imsContentType><itemSize Sync="TRUE">0.000</itemSize><itemLocation><linkage Sync="TRUE">file://\\KA-FILE1\VOL4\0116.107.002\07.00 CADD\GIS\Final Shapefiles for LOMR Submittal\Shapefiles Submitted Nov 2013\Post Project Xsec Added</linkage><protocol Sync="TRUE">Local Area Network</protocol></itemLocation></itemProps><coordRef><type Sync="TRUE">Projected</type><geogcsn Sync="TRUE">GCS_North_American_1983</geogcsn><csUnits Sync="TRUE">Linear Unit: Foot_US (0.304801)</csUnits><projcsn Sync="TRUE">NAD_1983_StatePlane_Texas_South_Central_FIPS_4204_Feet</projcsn><peXml Sync="TRUE">&lt;ProjectedCoordinateSystem xsi:type='typens:ProjectedCoordinateSystem' xmlns:xsi='http://www.w3.org/2001/XMLSchema-instance' xmlns:xs='http://www.w3.org/2001/XMLSchema' xmlns:typens='http://www.esri.com/schemas/ArcGIS/10.0'&gt;&lt;WKT&gt;PROJCS[&amp;quot;NAD_1983_StatePlane_Texas_South_Central_FIPS_4204_Feet&amp;quot;,GEOGCS[&amp;quot;GCS_North_American_1983&amp;quot;,DATUM[&amp;quot;D_North_American_1983&amp;quot;,SPHEROID[&amp;quot;GRS_1980&amp;quot;,6378137.0,298.257222101]],PRIMEM[&amp;quot;Greenwich&amp;quot;,0.0],UNIT[&amp;quot;Degree&amp;quot;,0.0174532925199433]],PROJECTION[&amp;quot;Lambert_Conformal_Conic&amp;quot;],PARAMETER[&amp;quot;False_Easting&amp;quot;,1968500.0],PARAMETER[&amp;quot;False_Northing&amp;quot;,13123333.33333333],PARAMETER[&amp;quot;Central_Meridian&amp;quot;,-99.0],PARAMETER[&amp;quot;Standard_Parallel_1&amp;quot;,28.38333333333333],PARAMETER[&amp;quot;Standard_Parallel_2&amp;quot;,30.28333333333334],PARAMETER[&amp;quot;Latitude_Of_Origin&amp;quot;,27.83333333333333],UNIT[&amp;quot;Foot_US&amp;quot;,0.3048006096012192],AUTHORITY[&amp;quot;EPSG&amp;quot;,2278]]&lt;/WKT&gt;&lt;XOrigin&gt;-126725700&lt;/XOrigin&gt;&lt;YOrigin&gt;-77828800&lt;/YOrigin&gt;&lt;XYScale&gt;34994581.165044695&lt;/XYScale&gt;&lt;ZOrigin&gt;-100000&lt;/ZOrigin&gt;&lt;ZScale&gt;10000&lt;/ZScale&gt;&lt;MOrigin&gt;-100000&lt;/MOrigin&gt;&lt;MScale&gt;10000&lt;/MScale&gt;&lt;XYTolerance&gt;0.0032808333333333335&lt;/XYTolerance&gt;&lt;ZTolerance&gt;0.001&lt;/ZTolerance&gt;&lt;MTolerance&gt;0.001&lt;/MTolerance&gt;&lt;HighPrecision&gt;true&lt;/HighPrecision&gt;&lt;WKID&gt;2278&lt;/WKID&gt;&lt;/ProjectedCoordinateSystem&gt;</peXml></coordRef><copyHistory><copy source="J:\0116.107.002\07.00 CADD\GIS\Final Shapefiles for LOMR Submittal\Shapefiles Submitted Sept 2013\Post Project Xsec Added" dest="\\KA-FILE1\VOL4\0116.107.002\07.00 CADD\GIS\Final Shapefiles for LOMR Submittal\Shapefiles Submitted Nov 2013\Post Project Xsec Added" date="20131125" time="15482500"></copy></copyHistory></DataProperties><SyncDate>20130918</SyncDate><SyncTime>13230400</SyncTime><ModDate>20130918</ModDate><ModTime>13230400</ModTime></Esri><dataIdInfo><envirDesc Sync="TRUE">Microsoft Windows 7 Version 6.1 (Build 7601) Service Pack 1; ESRI ArcGIS 10.0.3.3600</envirDesc><dataLang><languageCode value="eng" Sync="TRUE"></languageCode><countryCode value="USA" Sync="TRUE"></countryCode></dataLang><idCitation><resTitle Sync="TRUE">Post Project Xsec Added</resTitle><presForm><PresFormCd value="005" Sync="TRUE"></PresFormCd></presForm></idCitation><spatRpType><SpatRepTypCd value="001" Sync="TRUE"></SpatRepTypCd></spatRpType></dataIdInfo><mdLang><languageCode value="eng" Sync="TRUE"></languageCode><countryCode value="USA" Sync="TRUE"></countryCode></mdLang><distInfo><distFormat><formatName Sync="TRUE">Shapefile</formatName></distFormat><distTranOps><transSize Sync="TRUE">0.000</transSize></distTranOps></distInfo><mdHrLv><ScopeCd value="005" Sync="TRUE"></ScopeCd></mdHrLv><mdHrLvName Sync="TRUE">dataset</mdHrLvName><refSysInfo><RefSystem><refSysID><identCode code="2278" Sync="TRUE"></identCode><idCodeSpace Sync="TRUE">EPSG</idCodeSpace><idVersion Sync="TRUE">7.4.1</idVersion></refSysID></RefSystem></refSysInfo><spatRepInfo><VectSpatRep><geometObjs Name="Post Project Xsec Added"><geoObjTyp><GeoObjTypCd value="002" Sync="TRUE"></GeoObjTypCd></geoObjTyp><geoObjCnt Sync="TRUE">0</geoObjCnt></geometObjs><topLvl><TopoLevCd value="001" Sync="TRUE"></TopoLevCd></topLvl></VectSpatRep></spatRepInfo><spdoinfo><ptvctinf><esriterm><efeatyp Sync="TRUE">Simple</efeatyp><efeageom code="3" Sync="TRUE"></efeageom><esritopo Sync="TRUE">FALSE</esritopo><efeacnt Sync="TRUE">0</efeacnt><spindex Sync="TRUE">FALSE</spindex><linrefer Sync="TRUE">FALSE</linrefer></esriterm></ptvctinf></spdoinfo><eainfo><detailed Name="Post Project Xsec Added"><enttyp><enttypl Sync="TRUE">Post Project Xsec Added</enttypl><enttypt Sync="TRUE">Feature Class</enttypt><enttypc Sync="TRUE">0</enttypc></enttyp><attr><attrlabl Sync="TRUE">FID</attrlabl><attalias Sync="TRUE">FID</attalias><attrtype Sync="TRUE">OID</attrtype><attwidth Sync="TRUE">4</attwidth><atprecis Sync="TRUE">0</atprecis><attscale Sync="TRUE">0</attscale><attrdef Sync="TRUE">Internal feature number.</attrdef><attrdefs Sync="TRUE">ESRI</attrdefs><attrdomv><udom Sync="TRUE">Sequential unique whole numbers that are automatically generated.</udom></attrdomv></attr><attr><attrlabl Sync="TRUE">Shape</attrlabl><attalias Sync="TRUE">Shape</attalias><attrtype Sync="TRUE">Geometry</attrtype><attwidth Sync="TRUE">0</attwidth><atprecis Sync="TRUE">0</atprecis><attscale Sync="TRUE">0</attscale><attrdef Sync="TRUE">Feature geometry.</attrdef><attrdefs Sync="TRUE">ESRI</attrdefs><attrdomv><udom Sync="TRUE">Coordinates defining the features.</udom></attrdomv></attr><attr><attrlabl Sync="TRUE">Interp</attrlabl><attalias Sync="TRUE">Interp</attalias><attrtype Sync="TRUE">String</attrtype><attwidth Sync="TRUE">2</attwidth><atprecis Sync="TRUE">0</atprecis><attscale Sync="TRUE">0</attscale></attr><attr><attrlabl Sync="TRUE">Shape_Leng</attrlabl><attalias Sync="TRUE">Shape_Leng</attalias><attrtype Sync="TRUE">Double</attrtype><attwidth Sync="TRUE">19</attwidth><atprecis Sync="TRUE">0</atprecis><attscale Sync="TRUE">0</attscale></attr><attr><attrlabl Sync="TRUE">OBJECTID</attrlabl><attalias Sync="TRUE">OBJECTID</attalias><attrtype Sync="TRUE">Double</attrtype><attwidth Sync="TRUE">19</attwidth><atprecis Sync="TRUE">0</atprecis><attscale Sync="TRUE">0</attscale></attr><attr><attrlabl Sync="TRUE">DFIRM_ID</attrlabl><attalias Sync="TRUE">DFIRM_ID</attalias><attrtype Sync="TRUE">String</attrtype><attwidth Sync="TRUE">15</attwidth><atprecis Sync="TRUE">0</atprecis><attscale Sync="TRUE">0</attscale></attr><attr><attrlabl Sync="TRUE">XS_LN_ID</attrlabl><attalias Sync="TRUE">XS_LN_ID</attalias><attrtype Sync="TRUE">String</attrtype><attwidth Sync="TRUE">11</attwidth><atprecis Sync="TRUE">0</atprecis><attscale Sync="TRUE">0</attscale></attr><attr><attrlabl Sync="TRUE">XS_LTR</attrlabl><attalias Sync="TRUE">XS_LTR</attalias><attrtype Sync="TRUE">String</attrtype><attwidth Sync="TRUE">12</attwidth><atprecis Sync="TRUE">0</atprecis><attscale Sync="TRUE">0</attscale></attr><attr><attrlabl Sync="TRUE">START_ID</attrlabl><attalias Sync="TRUE">START_ID</attalias><attrtype Sync="TRUE">String</attrtype><attwidth Sync="TRUE">11</attwidth><atprecis Sync="TRUE">0</atprecis><attscale Sync="TRUE">0</attscale></attr><attr><attrlabl Sync="TRUE">STREAM_STN</attrlabl><attalias Sync="TRUE">STREAM_STN</attalias><attrtype Sync="TRUE">String</attrtype><attwidth Sync="TRUE">12</attwidth><atprecis Sync="TRUE">0</atprecis><attscale Sync="TRUE">0</attscale></attr><attr><attrlabl Sync="TRUE">XS_LN_TYP</attrlabl><attalias Sync="TRUE">XS_LN_TYP</attalias><attrtype Sync="TRUE">String</attrtype><attwidth Sync="TRUE">20</attwidth><atprecis Sync="TRUE">0</atprecis><attscale Sync="TRUE">0</attscale></attr><attr><attrlabl Sync="TRUE">WTR_NM</attrlabl><attalias Sync="TRUE">WTR_NM</attalias><attrtype Sync="TRUE">String</attrtype><attwidth Sync="TRUE">100</attwidth><atprecis Sync="TRUE">0</atprecis><attscale Sync="TRUE">0</attscale></attr><attr><attrlabl Sync="TRUE">LEN_UNIT</attrlabl><attalias Sync="TRUE">LEN_UNIT</attalias><attrtype Sync="TRUE">String</attrtype><attwidth Sync="TRUE">20</attwidth><atprecis Sync="TRUE">0</atprecis><attscale Sync="TRUE">0</attscale></attr><attr><attrlabl Sync="TRUE">WSEL_REG</attrlabl><attalias Sync="TRUE">WSEL_REG</attalias><attrtype Sync="TRUE">Single</attrtype><attwidth Sync="TRUE">13</attwidth><atprecis Sync="TRUE">0</atprecis><attscale Sync="TRUE">0</attscale></attr><attr><attrlabl Sync="TRUE">V_DATUM</attrlabl><attalias Sync="TRUE">V_DATUM</attalias><attrtype Sync="TRUE">String</attrtype><attwidth Sync="TRUE">6</attwidth><atprecis Sync="TRUE">0</atprecis><attscale Sync="TRUE">0</attscale></attr><attr><attrlabl Sync="TRUE">SOURCE_CIT</attrlabl><attalias Sync="TRUE">SOURCE_CIT</attalias><attrtype Sync="TRUE">String</attrtype><attwidth Sync="TRUE">11</attwidth><atprecis Sync="TRUE">0</atprecis><attscale Sync="TRUE">0</attscale></attr><attr><attrlabl Sync="TRUE">BED_ELEV</attrlabl><attalias Sync="TRUE">BED_ELEV</attalias><attrtype Sync="TRUE">Single</attrtype><attwidth Sync="TRUE">13</attwidth><atprecis Sync="TRUE">0</atprecis><attscale Sync="TRUE">0</attscale></attr><attr><attrlabl Sync="TRUE">TOP_WIDTH</attrlabl><attalias Sync="TRUE">TOP_WIDTH</attalias><attrtype Sync="TRUE">Single</attrtype><attwidth Sync="TRUE">13</attwidth><atprecis Sync="TRUE">0</atprecis><attscale Sync="TRUE">0</attscale></attr><attr><attrlabl Sync="TRUE">XS_AREA</attrlabl><attalias Sync="TRUE">XS_AREA</attalias><attrtype Sync="TRUE">Single</attrtype><attwidth Sync="TRUE">13</attwidth><atprecis Sync="TRUE">0</atprecis><attscale Sync="TRUE">0</attscale></attr><attr><attrlabl Sync="TRUE">AREA_UNIT</attrlabl><attalias Sync="TRUE">AREA_UNIT</attalias><attrtype Sync="TRUE">String</attrtype><attwidth Sync="TRUE">20</attwidth><atprecis Sync="TRUE">0</atprecis><attscale Sync="TRUE">0</attscale></attr><attr><attrlabl Sync="TRUE">VELOCITY</attrlabl><attalias Sync="TRUE">VELOCITY</attalias><attrtype Sync="TRUE">Single</attrtype><attwidth Sync="TRUE">13</attwidth><atprecis Sync="TRUE">0</atprecis><attscale Sync="TRUE">0</attscale></attr><attr><attrlabl Sync="TRUE">VEL_UNIT</attrlabl><attalias Sync="TRUE">VEL_UNIT</attalias><attrtype Sync="TRUE">String</attrtype><attwidth Sync="TRUE">20</attwidth><atprecis Sync="TRUE">0</atprecis><attscale Sync="TRUE">0</attscale></attr></detailed></eainfo><mdDateSt Sync="TRUE">20130918</mdDateSt></metadata>
