<?xml version="1.0" encoding="UTF-8"?>
<metadata xml:lang="en"><Esri><CreaDate>20161104</CreaDate><CreaTime>13021500</CreaTime><ArcGISFormat>1.0</ArcGISFormat><SyncOnce>TRUE</SyncOnce><DataProperties><lineage><Process ToolSource="c:\program files (x86)\arcgis\desktop10.3\ArcToolbox\Toolboxes\Data Management Tools.tbx\CalculateField" Date="20161104" Time="130215">CalculateField "S_XS (LOMR)" SEQ -9999 VB #</Process><Process ToolSource="c:\program files (x86)\arcgis\desktop10.3\ArcToolbox\Toolboxes\Data Management Tools.tbx\CalculateField" Date="20161104" Time="130242">CalculateField "S_XS (LOMR)" SEQ -9999 VB #</Process><Process ToolSource="c:\program files (x86)\arcgis\desktop10.3\ArcToolbox\Toolboxes\Data Management Tools.tbx\CalculateField" Date="20161104" Time="130431">CalculateField "S_XS (LOMR)" sdf [WSEL_REG] VB #</Process><Process ToolSource="c:\program files (x86)\arcgis\desktop10.3\ArcToolbox\Toolboxes\Data Management Tools.tbx\CalculateField" Date="20161104" Time="130457">CalculateField "S_XS (LOMR)" WSEL_REG [sdf] VB #</Process><Process ToolSource="c:\program files (x86)\arcgis\desktop10.3\ArcToolbox\Toolboxes\Data Management Tools.tbx\CalculateField" Date="20161104" Time="130625">CalculateField "S_XS (LOMR)" sdfg [STREAM_STN] VB #</Process><Process ToolSource="c:\program files (x86)\arcgis\desktop10.3\ArcToolbox\Toolboxes\Data Management Tools.tbx\CalculateField" Date="20161104" Time="130653">CalculateField "S_XS (LOMR)" STREAM_STN [sdfg] VB #</Process><Process ToolSource="c:\program files (x86)\arcgis\desktop10.3\ArcToolbox\Toolboxes\Data Management Tools.tbx\CalculateField" Date="20161104" Time="131015">CalculateField "S_XS (LOMR)" STRMBED_EL -8888 VB #</Process></lineage></DataProperties></Esri></metadata>
