<?xml version="1.0" encoding="UTF-8"?>
<metadata xml:lang="en"><Esri><CreaDate>20180129</CreaDate><CreaTime>13391200</CreaTime><ArcGISFormat>1.0</ArcGISFormat><SyncOnce>FALSE</SyncOnce><DataProperties><itemProps><itemName Sync="TRUE">sde_is.SDE.S_XS_NEW</itemName><imsContentType Sync="TRUE">002</imsContentType><nativeExtBox><westBL Sync="TRUE">2928791.225885</westBL><eastBL Sync="TRUE">3265612.574701</eastBL><southBL Sync="TRUE">13748215.110498</southBL><northBL Sync="TRUE">13990371.049163</northBL><exTypeCode Sync="TRUE">1</exTypeCode></nativeExtBox><itemSize Sync="TRUE">3.128</itemSize><itemLocation><linkage Sync="TRUE">file://\\fc1pfs01\users\bedmondson\DESKTOP\Active Projects\Continuous Updates\2018.04.02 P140-00-00 (17-06-3082P)\Support_Data\Spatial_Data\S_XS</linkage><protocol Sync="TRUE">Local Area Network</protocol></itemLocation></itemProps><coordRef><type Sync="TRUE">Projected</type><geogcsn Sync="TRUE">GCS_North_American_1983</geogcsn><csUnits Sync="TRUE">Linear Unit: Foot_US (0.304801)</csUnits><peXml Sync="TRUE">&lt;ProjectedCoordinateSystem xsi:type='typens:ProjectedCoordinateSystem' xmlns:xsi='http://www.w3.org/2001/XMLSchema-instance' xmlns:xs='http://www.w3.org/2001/XMLSchema' xmlns:typens='http://www.esri.com/schemas/ArcGIS/10.3'&gt;&lt;WKT&gt;PROJCS[&amp;quot;NAD_1983_StatePlane_Texas_South_Central_FIPS_4204_Feet&amp;quot;,GEOGCS[&amp;quot;GCS_North_American_1983&amp;quot;,DATUM[&amp;quot;D_North_American_1983&amp;quot;,SPHEROID[&amp;quot;GRS_1980&amp;quot;,6378137.0,298.257222101]],PRIMEM[&amp;quot;Greenwich&amp;quot;,0.0],UNIT[&amp;quot;Degree&amp;quot;,0.0174532925199433]],PROJECTION[&amp;quot;Lambert_Conformal_Conic&amp;quot;],PARAMETER[&amp;quot;False_Easting&amp;quot;,1968500.0],PARAMETER[&amp;quot;False_Northing&amp;quot;,13123333.33333333],PARAMETER[&amp;quot;Central_Meridian&amp;quot;,-99.0],PARAMETER[&amp;quot;Standard_Parallel_1&amp;quot;,28.38333333333333],PARAMETER[&amp;quot;Standard_Parallel_2&amp;quot;,30.28333333333334],PARAMETER[&amp;quot;Latitude_Of_Origin&amp;quot;,27.83333333333333],UNIT[&amp;quot;Foot_US&amp;quot;,0.3048006096012192],AUTHORITY[&amp;quot;EPSG&amp;quot;,2278]]&lt;/WKT&gt;&lt;XOrigin&gt;-126725700&lt;/XOrigin&gt;&lt;YOrigin&gt;-77828800&lt;/YOrigin&gt;&lt;XYScale&gt;3048.0060960121928&lt;/XYScale&gt;&lt;ZOrigin&gt;0&lt;/ZOrigin&gt;&lt;ZScale&gt;1&lt;/ZScale&gt;&lt;MOrigin&gt;0&lt;/MOrigin&gt;&lt;MScale&gt;1&lt;/MScale&gt;&lt;XYTolerance&gt;0.0032808333333333331&lt;/XYTolerance&gt;&lt;ZTolerance&gt;0.001&lt;/ZTolerance&gt;&lt;MTolerance&gt;0.001&lt;/MTolerance&gt;&lt;HighPrecision&gt;true&lt;/HighPrecision&gt;&lt;WKID&gt;102740&lt;/WKID&gt;&lt;LatestWKID&gt;2278&lt;/LatestWKID&gt;&lt;/ProjectedCoordinateSystem&gt;</peXml><projcsn Sync="TRUE">NAD_1983_StatePlane_Texas_South_Central_FIPS_4204_Feet</projcsn></coordRef><lineage><Process ToolSource="c:\program files (x86)\arcgis\desktop10.1\ArcToolbox\Toolboxes\Conversion Tools.tbx\FeatureClassToFeatureClass" Date="20151214" Time="143931" Name="" export="">FeatureClassToFeatureClass S:\Open\GIS\FEMA\FEMA_NFHL\48201C_20151207\48201C_20151207\S_XS.shp S:\Open\GIS\FEMA\LOMR_ADJUSTED_GIS\20151214\GDB\LADJ_GIS_20151214.gdb S_XS # "DFIRM_ID "DFIRM_ID" true true false 6 Text 0 0 ,First,#,S:\Open\GIS\FEMA\FEMA_NFHL\48201C_20151207\48201C_20151207\S_XS.shp,DFIRM_ID,-1,-1;VERSION_ID "VERSION_ID" true true false 11 Text 0 0 ,First,#,S:\Open\GIS\FEMA\FEMA_NFHL\48201C_20151207\48201C_20151207\S_XS.shp,VERSION_ID,-1,-1;XS_LN_ID "XS_LN_ID" true true false 32 Text 0 0 ,First,#,S:\Open\GIS\FEMA\FEMA_NFHL\48201C_20151207\48201C_20151207\S_XS.shp,XS_LN_ID,-1,-1;WTR_NM "WTR_NM" true true false 100 Text 0 0 ,First,#,S:\Open\GIS\FEMA\FEMA_NFHL\48201C_20151207\48201C_20151207\S_XS.shp,WTR_NM,-1,-1;STREAM_STN "STREAM_STN" true true false 31 Double 15 30 ,First,#,S:\Open\GIS\FEMA\FEMA_NFHL\48201C_20151207\48201C_20151207\S_XS.shp,STREAM_STN,-1,-1;START_ID "START_ID" true true false 32 Text 0 0 ,First,#,S:\Open\GIS\FEMA\FEMA_NFHL\48201C_20151207\48201C_20151207\S_XS.shp,START_ID,-1,-1;XS_LTR "XS_LTR" true true false 12 Text 0 0 ,First,#,S:\Open\GIS\FEMA\FEMA_NFHL\48201C_20151207\48201C_20151207\S_XS.shp,XS_LTR,-1,-1;XS_LN_TYP "XS_LN_TYP" true true false 24 Text 0 0 ,First,#,S:\Open\GIS\FEMA\FEMA_NFHL\48201C_20151207\48201C_20151207\S_XS.shp,XS_LN_TYP,-1,-1;WSEL_REG "WSEL_REG" true true false 31 Double 15 30 ,First,#,S:\Open\GIS\FEMA\FEMA_NFHL\48201C_20151207\48201C_20151207\S_XS.shp,WSEL_REG,-1,-1;STRMBED_EL "STRMBED_EL" true true false 31 Double 15 30 ,First,#,S:\Open\GIS\FEMA\FEMA_NFHL\48201C_20151207\48201C_20151207\S_XS.shp,STRMBED_EL,-1,-1;LEN_UNIT "LEN_UNIT" true true false 16 Text 0 0 ,First,#,S:\Open\GIS\FEMA\FEMA_NFHL\48201C_20151207\48201C_20151207\S_XS.shp,LEN_UNIT,-1,-1;V_DATUM "V_DATUM" true true false 17 Text 0 0 ,First,#,S:\Open\GIS\FEMA\FEMA_NFHL\48201C_20151207\48201C_20151207\S_XS.shp,V_DATUM,-1,-1;PROFXS_TXT "PROFXS_TXT" true true false 80 Text 0 0 ,First,#,S:\Open\GIS\FEMA\FEMA_NFHL\48201C_20151207\48201C_20151207\S_XS.shp,PROFXS_TXT,-1,-1;MODEL_ID "MODEL_ID" true true false 100 Text 0 0 ,First,#,S:\Open\GIS\FEMA\FEMA_NFHL\48201C_20151207\48201C_20151207\S_XS.shp,MODEL_ID,-1,-1;SEQ "SEQ" true true false 6 Long 0 6 ,First,#,S:\Open\GIS\FEMA\FEMA_NFHL\48201C_20151207\48201C_20151207\S_XS.shp,SEQ,-1,-1;SOURCE_CIT "SOURCE_CIT" true true false 21 Text 0 0 ,First,#,S:\Open\GIS\FEMA\FEMA_NFHL\48201C_20151207\48201C_20151207\S_XS.shp,SOURCE_CIT,-1,-1" #</Process><Process ToolSource="c:\program files (x86)\arcgis\desktop10.3\ArcToolbox\Toolboxes\Data Management Tools.tbx\CalculateField" Date="20160812" Time="110406" Name="" export="">CalculateField "S_XS (Edit)" WTR_NM "N100-00-00 (Carpenters Bayou)" VB #</Process><Process ToolSource="c:\program files (x86)\arcgis\desktop10.3\ArcToolbox\Toolboxes\Data Management Tools.tbx\CalculateField" Date="20160826" Time="154236" Name="" export="">CalculateField "LADJ_GIS_20161104.gdb\S_XS   (20161104)" DFIRM_ID "48201C" VB #</Process><Process ToolSource="c:\program files (x86)\arcgis\desktop10.3\ArcToolbox\Toolboxes\Data Management Tools.tbx\CalculateField" Date="20160826" Time="154307" Name="" export="">CalculateField "LADJ_GIS_20161104.gdb\S_XS   (20161104)" VERSION_ID "1.1.1.0" VB #</Process><Process ToolSource="c:\program files (x86)\arcgis\desktop10.3\ArcToolbox\Toolboxes\Data Management Tools.tbx\CalculateField" Date="20160826" Time="154429" Name="" export="">CalculateField "LADJ_GIS_20161104.gdb\S_XS   (20161104)" XS_LN_ID ""48201C_" &amp; [OBJECTID]" VB #</Process><Process ToolSource="c:\program files (x86)\arcgis\desktop10.3\ArcToolbox\Toolboxes\Data Management Tools.tbx\CalculateField" Date="20160826" Time="154447" Name="" export="">CalculateField "LADJ_GIS_20161104.gdb\S_XS   (20161104)" SOURCE_CIT "" VB #</Process><Process ToolSource="c:\program files (x86)\arcgis\desktop10.3\ArcToolbox\Toolboxes\Data Management Tools.tbx\CalculateField" Date="20160826" Time="154502" Name="" export="">CalculateField "LADJ_GIS_20161104.gdb\S_XS   (20161104)" MODEL_ID "NP" VB #</Process><Process ToolSource="c:\program files (x86)\arcgis\desktop10.3\ArcToolbox\Toolboxes\Data Management Tools.tbx\CalculateField" Date="20160826" Time="154519" Name="" export="">CalculateField "LADJ_GIS_20161104.gdb\S_XS   (20161104)" PROFXS_TXT "" VB #</Process><Process ToolSource="c:\program files (x86)\arcgis\desktop10.3\ArcToolbox\Toolboxes\Data Management Tools.tbx\CalculateField" Date="20160826" Time="154644" Name="" export="">CalculateField "LADJ_GIS_20161104.gdb\S_XS   (20161104)" START_ID "" VB #</Process><Process ToolSource="c:\program files (x86)\arcgis\desktop10.3\ArcToolbox\Toolboxes\Data Management Tools.tbx\CalculateField" Date="20160826" Time="160921" Name="" export="">CalculateField "LADJ_GIS_20161104.gdb\S_XS   (20161104)" LEN_UNIT "FEET" VB #</Process><Process ToolSource="c:\program files (x86)\arcgis\desktop10.3\ArcToolbox\Toolboxes\Data Management Tools.tbx\CalculateField" Date="20170201" Time="171610" Name="" export="">CalculateField S_XS DFIRM_ID "48201C" VB #</Process><Process ToolSource="c:\program files (x86)\arcgis\desktop10.3\ArcToolbox\Toolboxes\Data Management Tools.tbx\CalculateField" Date="20170201" Time="171621" Name="" export="">CalculateField S_XS VERSION_ID "1.1.1.0" VB #</Process><Process ToolSource="c:\program files (x86)\arcgis\desktop10.3\ArcToolbox\Toolboxes\Data Management Tools.tbx\CalculateField" Date="20170201" Time="171700" Name="" export="">CalculateField S_XS XS_LN_ID ""48201C" &amp; "_" &amp; [OBJECTID]" VB #</Process><Process ToolSource="c:\program files (x86)\arcgis\desktop10.3\ArcToolbox\Toolboxes\Data Management Tools.tbx\CalculateField" Date="20170202" Time="102314" Name="" export="">CalculateField S_XS STRMBED_EL "-8888" VB #</Process><Process ToolSource="c:\program files (x86)\arcgis\desktop10.3\ArcToolbox\Toolboxes\Data Management Tools.tbx\CalculateField" Date="20170202" Time="102338" Name="" export="">CalculateField S_XS LEN_UNIT "FEET" VB #</Process><Process ToolSource="c:\program files (x86)\arcgis\desktop10.3\ArcToolbox\Toolboxes\Data Management Tools.tbx\CalculateField" Date="20170202" Time="102424" Name="" export="">CalculateField S_XS MODEL_ID "NP" VB #</Process><Process ToolSource="c:\program files (x86)\arcgis\desktop10.3\ArcToolbox\Toolboxes\Data Management Tools.tbx\CalculateField" Date="20170202" Time="102441" Name="" export="">CalculateField S_XS SEQ "-9999" VB #</Process><Process ToolSource="c:\program files (x86)\arcgis\desktop10.3\ArcToolbox\Toolboxes\Data Management Tools.tbx\CalculateField" Date="20170202" Time="102536" Name="" export="">CalculateField S_XS SOURCE_CIT "" VB #</Process><Process ToolSource="c:\program files (x86)\arcgis\desktop10.3\ArcToolbox\Toolboxes\Conversion Tools.tbx\FeatureClassToFeatureClass" Date="20170222" Time="131200">FeatureClassToFeatureClass S:\Open\GIS\FEMA\LOMR_ADJUSTED_GIS\20170103\GDB\LADJ_GIS_20170103.gdb\S_XS "Database Connections\fc1psq33_sde_is_sde.sde\sde_is.SDE.FEMA" S_XS_NEW # "DFIRM_ID "DFIRM_ID" true true false 6 Text 0 0 ,First,#,S:\Open\GIS\FEMA\LOMR_ADJUSTED_GIS\20170103\GDB\LADJ_GIS_20170103.gdb\S_XS,DFIRM_ID,-1,-1;VERSION_ID "VERSION_ID" true true false 11 Text 0 0 ,First,#,S:\Open\GIS\FEMA\LOMR_ADJUSTED_GIS\20170103\GDB\LADJ_GIS_20170103.gdb\S_XS,VERSION_ID,-1,-1;XS_LN_ID "XS_LN_ID" true true false 32 Text 0 0 ,First,#,S:\Open\GIS\FEMA\LOMR_ADJUSTED_GIS\20170103\GDB\LADJ_GIS_20170103.gdb\S_XS,XS_LN_ID,-1,-1;WTR_NM "WTR_NM" true true false 100 Text 0 0 ,First,#,S:\Open\GIS\FEMA\LOMR_ADJUSTED_GIS\20170103\GDB\LADJ_GIS_20170103.gdb\S_XS,WTR_NM,-1,-1;STREAM_STN "STREAM_STN" true true false 8 Double 0 0 ,First,#,S:\Open\GIS\FEMA\LOMR_ADJUSTED_GIS\20170103\GDB\LADJ_GIS_20170103.gdb\S_XS,STREAM_STN,-1,-1;START_ID "START_ID" true true false 32 Text 0 0 ,First,#,S:\Open\GIS\FEMA\LOMR_ADJUSTED_GIS\20170103\GDB\LADJ_GIS_20170103.gdb\S_XS,START_ID,-1,-1;XS_LTR "XS_LTR" true true false 12 Text 0 0 ,First,#,S:\Open\GIS\FEMA\LOMR_ADJUSTED_GIS\20170103\GDB\LADJ_GIS_20170103.gdb\S_XS,XS_LTR,-1,-1;XS_LN_TYP "XS_LN_TYP" true true false 24 Text 0 0 ,First,#,S:\Open\GIS\FEMA\LOMR_ADJUSTED_GIS\20170103\GDB\LADJ_GIS_20170103.gdb\S_XS,XS_LN_TYP,-1,-1;WSEL_REG "WSEL_REG" true true false 8 Double 0 0 ,First,#,S:\Open\GIS\FEMA\LOMR_ADJUSTED_GIS\20170103\GDB\LADJ_GIS_20170103.gdb\S_XS,WSEL_REG,-1,-1;STRMBED_EL "STRMBED_EL" true true false 8 Double 0 0 ,First,#,S:\Open\GIS\FEMA\LOMR_ADJUSTED_GIS\20170103\GDB\LADJ_GIS_20170103.gdb\S_XS,STRMBED_EL,-1,-1;LEN_UNIT "LEN_UNIT" true true false 16 Text 0 0 ,First,#,S:\Open\GIS\FEMA\LOMR_ADJUSTED_GIS\20170103\GDB\LADJ_GIS_20170103.gdb\S_XS,LEN_UNIT,-1,-1;V_DATUM "V_DATUM" true true false 17 Text 0 0 ,First,#,S:\Open\GIS\FEMA\LOMR_ADJUSTED_GIS\20170103\GDB\LADJ_GIS_20170103.gdb\S_XS,V_DATUM,-1,-1;PROFXS_TXT "PROFXS_TXT" true true false 80 Text 0 0 ,First,#,S:\Open\GIS\FEMA\LOMR_ADJUSTED_GIS\20170103\GDB\LADJ_GIS_20170103.gdb\S_XS,PROFXS_TXT,-1,-1;MODEL_ID "MODEL_ID" true true false 100 Text 0 0 ,First,#,S:\Open\GIS\FEMA\LOMR_ADJUSTED_GIS\20170103\GDB\LADJ_GIS_20170103.gdb\S_XS,MODEL_ID,-1,-1;SEQ "SEQ" true true false 4 Long 0 0 ,First,#,S:\Open\GIS\FEMA\LOMR_ADJUSTED_GIS\20170103\GDB\LADJ_GIS_20170103.gdb\S_XS,SEQ,-1,-1;SOURCE_CIT "SOURCE_CIT" true true false 21 Text 0 0 ,First,#,S:\Open\GIS\FEMA\LOMR_ADJUSTED_GIS\20170103\GDB\LADJ_GIS_20170103.gdb\S_XS,SOURCE_CIT,-1,-1;Shape_Length "Shape_Length" false true true 8 Double 0 0 ,First,#,S:\Open\GIS\FEMA\LOMR_ADJUSTED_GIS\20170103\GDB\LADJ_GIS_20170103.gdb\S_XS,Shape_Length,-1,-1" #</Process></lineage><copyHistory><copy source="P:\DESKTOP\Active Projects\Continuous Updates\2018.04.02 P140-00-00 (17-06-3082P)\S_XS" dest="\\fc1pfs01\users\bedmondson\DESKTOP\Active Projects\Continuous Updates\2018.04.02 P140-00-00 (17-06-3082P)\Support_Data\Spatial_Data\S_XS" date="20180129" time="13435700"></copy></copyHistory></DataProperties><SyncDate>20170222</SyncDate><SyncTime>13114700</SyncTime><ModDate>20170222</ModDate><ModTime>13114700</ModTime><ArcGISstyle>FGDC CSDGM Metadata</ArcGISstyle><scaleRange><minScale>150000000</minScale><maxScale>5000</maxScale></scaleRange><ArcGISProfile>ItemDescription</ArcGISProfile></Esri><dataIdInfo><envirDesc Sync="TRUE">Microsoft Windows 7 Version 6.1 (Build 7601) Service Pack 1; Esri ArcGIS 10.3.1.4959</envirDesc><dataLang><languageCode value="eng" Sync="TRUE"/><countryCode value="USA" Sync="TRUE"/></dataLang><idCitation><resTitle Sync="TRUE">sde_is.SDE.S_XS_NEW</resTitle><presForm><PresFormCd value="005" Sync="TRUE"/></presForm></idCitation><spatRpType><SpatRepTypCd value="001" Sync="TRUE"/></spatRpType><dataExt><geoEle xmlns=""><GeoBndBox esriExtentType="search"><exTypeCode Sync="TRUE">1</exTypeCode><westBL Sync="TRUE">-95.980191</westBL><eastBL Sync="TRUE">-94.895029</eastBL><northBL Sync="TRUE">30.183500</northBL><southBL Sync="TRUE">29.489708</southBL></GeoBndBox></geoEle></dataExt><idPurp>These lines represent the locations of channel surveys performed for input into the hydraulic model used to calculate flood elevations. The spatial elements representing cross sections are lines generally extending from outside the floodplain, across the entire floodplain and out the other side.

As of 03/09/2015, this dataset follows the new schema required for the submittal of geospatial data by FEMA. The FIRM is the basis for floodplain management, mitigation, and insurance activities for the National Flood Insurance Program (NFIP). Insurance applications include enforcement of the mandatory purchase requirement of the Flood Disaster Protection Act, which "... requires the purchase of flood insurance by property owners who are being assisted by Federal programs or by Federally supervised, regulated or insured agencies or institutions in the acquisition or improvement of land facilities located or to be located in identified areas having special flood hazards, " Section 2 (b) (4) of the Flood Disaster Protection Act of 1973. In addition to the identification of Special Flood Hazard Areas (SFHAs), the risk zones shown on the FIRMs are the basis for the establishment of premium rates for flood coverage offered through the NFIP. The FIRM Database presents the flood risk information depicted on the FIRM in a digital format suitable for use in electronic mapping applications. The FIRM Database serves to archive the information collected during the Flood Risk Project.

Creation Date:  20170103
</idPurp><idAbs>&lt;DIV STYLE="text-align:Left;"&gt;&lt;DIV&gt;&lt;DIV&gt;&lt;P&gt;&lt;SPAN&gt;The purpose of this document is to describe the requirements for geospatial information that must be submitted in support of studies that require preparation of a CLOMR or LOMR (revision or proposed revision to the effective Flood Insurance Rate Map [FIRM]), in addition to that required in direct support of hydrologic and hydraulic modeling&lt;/SPAN&gt;&lt;/P&gt;&lt;P STYLE="font-weight:bold;margin:0 0 0 0;"&gt;&lt;SPAN&gt;&lt;SPAN&gt;Projection:&lt;/SPAN&gt;&lt;/SPAN&gt;&lt;/P&gt;&lt;P STYLE="margin:0 0 0 0;"&gt;&lt;SPAN&gt;&lt;SPAN&gt;Projected Coordinate System: NAD_1983_StatePlane_Texas_South_Central_FIPS_4204_Feet &lt;/SPAN&gt;&lt;/SPAN&gt;&lt;/P&gt;&lt;P STYLE="margin:0 0 0 0;"&gt;&lt;SPAN&gt;&lt;SPAN&gt;Projection: Lambert_Conformal_Conic &lt;/SPAN&gt;&lt;/SPAN&gt;&lt;/P&gt;&lt;P STYLE="margin:0 0 0 0;"&gt;&lt;SPAN&gt;&lt;SPAN&gt;False_Easting: 1968500.00000000&lt;/SPAN&gt;&lt;/SPAN&gt;&lt;/P&gt;&lt;P STYLE="margin:0 0 0 0;"&gt;&lt;SPAN&gt;&lt;SPAN&gt;False_Northing: 13123333.33333333&lt;/SPAN&gt;&lt;/SPAN&gt;&lt;/P&gt;&lt;P STYLE="margin:0 0 0 0;"&gt;&lt;SPAN&gt;&lt;SPAN&gt;Central_Meridian: -99.00000000&lt;/SPAN&gt;&lt;/SPAN&gt;&lt;/P&gt;&lt;P STYLE="margin:0 0 0 0;"&gt;&lt;SPAN&gt;&lt;SPAN&gt;Standard_Parallel_1: 28.38333333&lt;/SPAN&gt;&lt;/SPAN&gt;&lt;/P&gt;&lt;P STYLE="margin:0 0 0 0;"&gt;&lt;SPAN&gt;&lt;SPAN&gt;Standard_Parallel_2: 30.28333333&lt;/SPAN&gt;&lt;/SPAN&gt;&lt;/P&gt;&lt;P STYLE="margin:0 0 0 0;"&gt;&lt;SPAN&gt;&lt;SPAN&gt;Latitude_Of_Origin: 27.83333333&lt;/SPAN&gt;&lt;/SPAN&gt;&lt;/P&gt;&lt;P STYLE="margin:0 0 0 0;"&gt;&lt;SPAN&gt;&lt;SPAN&gt;Linear Unit: Foot_US&lt;/SPAN&gt;&lt;/SPAN&gt;&lt;/P&gt;&lt;P STYLE="margin:0 0 0 0;"&gt;&lt;SPAN&gt;&lt;SPAN&gt;Geographic Coordinate System: GCS_North_American_1983&lt;/SPAN&gt;&lt;/SPAN&gt;&lt;/P&gt;&lt;P STYLE="margin:0 0 0 0;"&gt;&lt;SPAN&gt;&lt;SPAN&gt;Horizontal Datum: North American Datum of 1983 Vertical Datum North American &lt;/SPAN&gt;&lt;/SPAN&gt;&lt;/P&gt;&lt;P STYLE="margin:0 0 0 0;"&gt;&lt;SPAN&gt;&lt;SPAN&gt;Vertical Datum: (NAVD) 88 with 2001 adjustment&lt;/SPAN&gt;&lt;/SPAN&gt;&lt;/P&gt;&lt;P STYLE="margin:0 0 0 0;"&gt;&lt;SPAN&gt;&lt;SPAN&gt;Prime Meridian: Greenwich&lt;/SPAN&gt;&lt;/SPAN&gt;&lt;/P&gt;&lt;P STYLE="margin:0 0 0 0;"&gt;&lt;SPAN&gt;&lt;SPAN&gt;Angular Unit: Degree&lt;/SPAN&gt;&lt;/SPAN&gt;&lt;/P&gt;&lt;P STYLE="margin:0 0 0 0;"&gt;&lt;SPAN /&gt;&lt;SPAN /&gt;&lt;/P&gt;&lt;P STYLE="font-weight:bold;margin:0 0 0 0;"&gt;&lt;SPAN&gt;&lt;SPAN&gt;Limitations of Use:&lt;/SPAN&gt;&lt;/SPAN&gt;&lt;SPAN&gt;&lt;SPAN /&gt;&lt;/SPAN&gt;&lt;/P&gt;&lt;P STYLE="margin:0 0 0 0;"&gt;&lt;SPAN&gt;&lt;SPAN&gt;This map is for use in administering the National Flood Insurance Program. It does not necessarily identify all areas subject to flooding, particularly from local drainage sources of small size.&lt;/SPAN&gt;&lt;/SPAN&gt;&lt;/P&gt;&lt;P /&gt;&lt;P STYLE="font-weight:bold;margin:0 0 0 0;"&gt;&lt;SPAN&gt;&lt;SPAN&gt;Contact Information:&lt;/SPAN&gt;&lt;/SPAN&gt;&lt;/P&gt;&lt;P STYLE="margin:0 0 0 0;"&gt;&lt;SPAN&gt;&lt;SPAN&gt;Richard Rogers&lt;/SPAN&gt;&lt;/SPAN&gt;&lt;/P&gt;&lt;P STYLE="margin:0 0 0 0;"&gt;&lt;SPAN&gt;&lt;SPAN&gt;Sr GIS Technician&lt;/SPAN&gt;&lt;/SPAN&gt;&lt;/P&gt;&lt;P STYLE="margin:0 0 0 0;"&gt;&lt;A href="mailto:richard.rogers@hcfcd.org"&gt;&lt;SPAN&gt;&lt;SPAN&gt;richard.rogers@hcfcd.org&lt;/SPAN&gt;&lt;/SPAN&gt;&lt;/A&gt;&lt;/P&gt;&lt;P STYLE="margin:0 0 0 0;"&gt;&lt;SPAN&gt;&lt;SPAN&gt;713-316-3613 (direct)&lt;/SPAN&gt;&lt;/SPAN&gt;&lt;/P&gt;&lt;P /&gt;&lt;P STYLE="margin:0 0 0 0;"&gt;&lt;SPAN&gt;&lt;SPAN&gt;Harris County Flood Control District&lt;/SPAN&gt;&lt;/SPAN&gt;&lt;/P&gt;&lt;P STYLE="margin:0 0 0 0;"&gt;&lt;SPAN&gt;&lt;SPAN&gt;9900 Northwest Freeway &lt;/SPAN&gt;&lt;/SPAN&gt;&lt;/P&gt;&lt;P STYLE="margin:0 0 0 0;"&gt;&lt;SPAN&gt;&lt;SPAN&gt;Houston, Texas 77092&lt;/SPAN&gt;&lt;/SPAN&gt;&lt;/P&gt;&lt;P STYLE="margin:0 0 0 0;"&gt;&lt;SPAN&gt;&lt;SPAN&gt;713-684-4000 (main) 713-316-4855 (fax) &lt;/SPAN&gt;&lt;/SPAN&gt;&lt;/P&gt;&lt;P STYLE="margin:0 0 0 0;"&gt;&lt;A href="http://www.hcfcd.org"&gt;&lt;SPAN&gt;&lt;SPAN&gt;www.hcfcd.org&lt;/SPAN&gt;&lt;/SPAN&gt;&lt;/A&gt;&lt;/P&gt;&lt;P&gt;&lt;SPAN /&gt;&lt;/P&gt;&lt;P /&gt;&lt;P /&gt;&lt;/DIV&gt;&lt;/DIV&gt;&lt;/DIV&gt;</idAbs><searchKeys><keyword>hydrology</keyword><keyword>FIRM</keyword><keyword>FEMA Flood Hazard Zone</keyword><keyword>FIRM Database</keyword><keyword>Special Flood Hazard Area</keyword><keyword>Flood Insurance Rate Map</keyword><keyword>CBRS</keyword><keyword>Coastal Barrier Resources System</keyword><keyword>Riverine Flooding</keyword><keyword>Coastal Flooding</keyword><keyword>NFIP</keyword><keyword>Base Flood Elevation</keyword><keyword>SFHA</keyword><keyword>Floodway</keyword></searchKeys></dataIdInfo><mdLang><languageCode value="eng" Sync="TRUE"/><countryCode value="USA" Sync="TRUE"/></mdLang><mdChar><CharSetCd value="004" Sync="TRUE"/></mdChar><distInfo><distFormat><formatName Sync="TRUE">SDE Feature Class</formatName></distFormat><distTranOps><transSize Sync="TRUE">3.128</transSize></distTranOps></distInfo><mdHrLv><ScopeCd value="005" Sync="TRUE"/></mdHrLv><mdHrLvName Sync="TRUE">dataset</mdHrLvName><refSysInfo><RefSystem><refSysID><identCode code="2278" Sync="TRUE"/><idCodeSpace Sync="TRUE">EPSG</idCodeSpace><idVersion Sync="TRUE">8.6.2</idVersion></refSysID></RefSystem></refSysInfo><spatRepInfo><VectSpatRep><geometObjs Name="sde_is.SDE.S_XS_NEW"><geoObjTyp><GeoObjTypCd value="002" Sync="TRUE"/></geoObjTyp><geoObjCnt Sync="TRUE">0</geoObjCnt></geometObjs><topLvl><TopoLevCd value="001" Sync="TRUE"/></topLvl></VectSpatRep></spatRepInfo><spdoinfo><ptvctinf><esriterm Name="sde_is.SDE.S_XS_NEW"><efeatyp Sync="TRUE">Simple</efeatyp><efeageom code="3" Sync="TRUE"/><esritopo Sync="TRUE">FALSE</esritopo><efeacnt Sync="TRUE">0</efeacnt><spindex Sync="TRUE">TRUE</spindex><linrefer Sync="TRUE">FALSE</linrefer></esriterm></ptvctinf></spdoinfo><eainfo><detailed Name="sde_is.SDE.S_XS_NEW"><enttyp><enttypl Sync="TRUE">sde_is.SDE.S_XS_NEW</enttypl><enttypt Sync="TRUE">Feature Class</enttypt><enttypc Sync="TRUE">0</enttypc></enttyp><attr><attrlabl Sync="TRUE">OBJECTID</attrlabl><attalias Sync="TRUE">OBJECTID</attalias><attrtype Sync="TRUE">OID</attrtype><attwidth Sync="TRUE">4</attwidth><atprecis Sync="TRUE">10</atprecis><attscale Sync="TRUE">0</attscale><attrdef Sync="TRUE">Internal feature number.</attrdef><attrdefs Sync="TRUE">Esri</attrdefs><attrdomv><udom Sync="TRUE">Sequential unique whole numbers that are automatically generated.</udom></attrdomv></attr><attr><attrlabl Sync="TRUE">Shape</attrlabl><attalias Sync="TRUE">Shape</attalias><attrtype Sync="TRUE">Geometry</attrtype><attwidth Sync="TRUE">4</attwidth><atprecis Sync="TRUE">0</atprecis><attscale Sync="TRUE">0</attscale><attrdef Sync="TRUE">Feature geometry.</attrdef><attrdefs Sync="TRUE">Esri</attrdefs><attrdomv><udom Sync="TRUE">Coordinates defining the features.</udom></attrdomv></attr><attr><attrlabl Sync="TRUE">DFIRM_ID</attrlabl><attalias Sync="TRUE">DFIRM_ID</attalias><attrtype Sync="TRUE">String</attrtype><attwidth Sync="TRUE">6</attwidth><atprecis Sync="TRUE">0</atprecis><attscale Sync="TRUE">0</attscale></attr><attr><attrlabl Sync="TRUE">VERSION_ID</attrlabl><attalias Sync="TRUE">VERSION_ID</attalias><attrtype Sync="TRUE">String</attrtype><attwidth Sync="TRUE">11</attwidth><atprecis Sync="TRUE">0</atprecis><attscale Sync="TRUE">0</attscale></attr><attr><attrlabl Sync="TRUE">XS_LN_ID</attrlabl><attalias Sync="TRUE">XS_LN_ID</attalias><attrtype Sync="TRUE">String</attrtype><attwidth Sync="TRUE">32</attwidth><atprecis Sync="TRUE">0</atprecis><attscale Sync="TRUE">0</attscale></attr><attr><attrlabl Sync="TRUE">WTR_NM</attrlabl><attalias Sync="TRUE">WTR_NM</attalias><attrtype Sync="TRUE">String</attrtype><attwidth Sync="TRUE">100</attwidth><atprecis Sync="TRUE">0</atprecis><attscale Sync="TRUE">0</attscale></attr><attr><attrlabl Sync="TRUE">STREAM_STN</attrlabl><attalias Sync="TRUE">STREAM_STN</attalias><attrtype Sync="TRUE">Double</attrtype><attwidth Sync="TRUE">8</attwidth><atprecis Sync="TRUE">38</atprecis><attscale Sync="TRUE">8</attscale></attr><attr><attrlabl Sync="TRUE">START_ID</attrlabl><attalias Sync="TRUE">START_ID</attalias><attrtype Sync="TRUE">String</attrtype><attwidth Sync="TRUE">32</attwidth><atprecis Sync="TRUE">0</atprecis><attscale Sync="TRUE">0</attscale></attr><attr><attrlabl Sync="TRUE">XS_LTR</attrlabl><attalias Sync="TRUE">XS_LTR</attalias><attrtype Sync="TRUE">String</attrtype><attwidth Sync="TRUE">12</attwidth><atprecis Sync="TRUE">0</atprecis><attscale Sync="TRUE">0</attscale></attr><attr><attrlabl Sync="TRUE">XS_LN_TYP</attrlabl><attalias Sync="TRUE">XS_LN_TYP</attalias><attrtype Sync="TRUE">String</attrtype><attwidth Sync="TRUE">24</attwidth><atprecis Sync="TRUE">0</atprecis><attscale Sync="TRUE">0</attscale></attr><attr><attrlabl Sync="TRUE">WSEL_REG</attrlabl><attalias Sync="TRUE">WSEL_REG</attalias><attrtype Sync="TRUE">Double</attrtype><attwidth Sync="TRUE">8</attwidth><atprecis Sync="TRUE">38</atprecis><attscale Sync="TRUE">8</attscale></attr><attr><attrlabl Sync="TRUE">STRMBED_EL</attrlabl><attalias Sync="TRUE">STRMBED_EL</attalias><attrtype Sync="TRUE">Double</attrtype><attwidth Sync="TRUE">8</attwidth><atprecis Sync="TRUE">38</atprecis><attscale Sync="TRUE">8</attscale></attr><attr><attrlabl Sync="TRUE">LEN_UNIT</attrlabl><attalias Sync="TRUE">LEN_UNIT</attalias><attrtype Sync="TRUE">String</attrtype><attwidth Sync="TRUE">16</attwidth><atprecis Sync="TRUE">0</atprecis><attscale Sync="TRUE">0</attscale></attr><attr><attrlabl Sync="TRUE">V_DATUM</attrlabl><attalias Sync="TRUE">V_DATUM</attalias><attrtype Sync="TRUE">String</attrtype><attwidth Sync="TRUE">17</attwidth><atprecis Sync="TRUE">0</atprecis><attscale Sync="TRUE">0</attscale></attr><attr><attrlabl Sync="TRUE">PROFXS_TXT</attrlabl><attalias Sync="TRUE">PROFXS_TXT</attalias><attrtype Sync="TRUE">String</attrtype><attwidth Sync="TRUE">80</attwidth><atprecis Sync="TRUE">0</atprecis><attscale Sync="TRUE">0</attscale></attr><attr><attrlabl Sync="TRUE">MODEL_ID</attrlabl><attalias Sync="TRUE">MODEL_ID</attalias><attrtype Sync="TRUE">String</attrtype><attwidth Sync="TRUE">100</attwidth><atprecis Sync="TRUE">0</atprecis><attscale Sync="TRUE">0</attscale></attr><attr><attrlabl Sync="TRUE">SEQ</attrlabl><attalias Sync="TRUE">SEQ</attalias><attrtype Sync="TRUE">Integer</attrtype><attwidth Sync="TRUE">4</attwidth><atprecis Sync="TRUE">10</atprecis><attscale Sync="TRUE">0</attscale></attr><attr><attrlabl Sync="TRUE">SOURCE_CIT</attrlabl><attalias Sync="TRUE">SOURCE_CIT</attalias><attrtype Sync="TRUE">String</attrtype><attwidth Sync="TRUE">21</attwidth><atprecis Sync="TRUE">0</atprecis><attscale Sync="TRUE">0</attscale></attr><attr><attrlabl Sync="TRUE">Shape.STLength()</attrlabl><attalias Sync="TRUE">Shape.STLength()</attalias><attrtype Sync="TRUE">Double</attrtype><attwidth Sync="TRUE">0</attwidth><atprecis Sync="TRUE">0</atprecis><attscale Sync="TRUE">0</attscale></attr></detailed></eainfo><mdDateSt Sync="TRUE">20170222</mdDateSt></metadata>
