<?xml version="1.0" encoding="UTF-8"?>
<metadata xml:lang="en"><Esri><CreaDate>20150708</CreaDate><CreaTime>13371600</CreaTime><ArcGISFormat>1.0</ArcGISFormat><SyncOnce>TRUE</SyncOnce><DataProperties><itemProps><itemLocation><linkage Sync="TRUE">file://\\208005001007-LT\C$\Users\bedmondson\Desktop\Active Projects\Continuous Updates\D111-00-00\Support_Data\Spatial_Data\S_XS</linkage><protocol Sync="TRUE">Local Area Network</protocol></itemLocation></itemProps><copyHistory><copy source="C:\Users\bedmondson\Desktop\Active Projects\Continuous Updates\D111-00-00\S_XS" dest="\\208005001007-LT\C$\Users\bedmondson\Desktop\Active Projects\Continuous Updates\D111-00-00\Support_Data\Spatial_Data\S_XS" date="20150708" time="13371600"></copy></copyHistory><lineage><Process ToolSource="c:\program files (x86)\arcgis\desktop10.1\ArcToolbox\Toolboxes\Data Management Tools.tbx\CalculateField" Date="20150708" Time="133848">CalculateField S_XS WSEL_REG [WSREG] VB #</Process><Process ToolSource="c:\program files (x86)\arcgis\desktop10.1\ArcToolbox\Toolboxes\Data Management Tools.tbx\CalculateField" Date="20150708" Time="134658">CalculateField S_XS START_ID 1 VB #</Process><Process ToolSource="c:\program files (x86)\arcgis\desktop10.1\ArcToolbox\Toolboxes\Data Management Tools.tbx\CalculateField" Date="20150708" Time="134915">CalculateField S_XS SOURCE_CIT "" VB #</Process><Process ToolSource="c:\program files (x86)\arcgis\desktop10.1\ArcToolbox\Toolboxes\Data Management Tools.tbx\CalculateField" Date="20150708" Time="134925">CalculateField S_XS SEQ -9999 VB #</Process><Process ToolSource="c:\program files (x86)\arcgis\desktop10.1\ArcToolbox\Toolboxes\Data Management Tools.tbx\CalculateField" Date="20150708" Time="134941">CalculateField S_XS STRMBED_EL -8888 VB #</Process><Process ToolSource="c:\program files (x86)\arcgis\desktop10.1\ArcToolbox\Toolboxes\Data Management Tools.tbx\CalculateField" Date="20150708" Time="135129">CalculateField S_XS asdf [XS_LN_TYP] VB #</Process><Process ToolSource="c:\program files (x86)\arcgis\desktop10.1\ArcToolbox\Toolboxes\Data Management Tools.tbx\CalculateField" Date="20150708" Time="135208">CalculateField S_XS XS_LN_TYP [asdf] VB #</Process><Process ToolSource="c:\program files (x86)\arcgis\desktop10.1\ArcToolbox\Toolboxes\Data Management Tools.tbx\CalculateField" Date="20150708" Time="135337">CalculateField S_XS DFIRM_ID "48201C" VB #</Process></lineage></DataProperties></Esri></metadata>
