<?xml version="1.0"?>
<!--<!DOCTYPE metadata SYSTEM "http://www.esri.com/metadata/esriprof80.dtd">-->
<metadata xml:lang="en"><Esri><CreaDate>20120810</CreaDate><CreaTime>08524400</CreaTime><SyncOnce>FALSE</SyncOnce><MetaID>{201EEA02-F7B8-4FB5-917A-2E4791173D3E}</MetaID><DataProperties><itemProps><itemName Sync="TRUE">S_XS</itemName><imsContentType Sync="TRUE">002</imsContentType><itemSize Sync="TRUE">0.000</itemSize><itemLocation><linkage Sync="TRUE">file://\\MLP162105001016\C$\Documents and Settings\mleclair\Desktop\G108\S_XS\S_XS.shp</linkage><protocol Sync="TRUE">Local Area Network</protocol></itemLocation></itemProps><coordRef><type Sync="TRUE">Projected</type><geogcsn Sync="TRUE">GCS_North_American_1983</geogcsn><csUnits Sync="TRUE">Linear Unit: Foot_US (0.304801)</csUnits><projcsn Sync="TRUE">NAD_1983_StatePlane_Texas_South_Central_FIPS_4204_Feet</projcsn><peXml Sync="TRUE">&lt;ProjectedCoordinateSystem xsi:type='typens:ProjectedCoordinateSystem' xmlns:xsi='http://www.w3.org/2001/XMLSchema-instance' xmlns:xs='http://www.w3.org/2001/XMLSchema' xmlns:typens='http://www.esri.com/schemas/ArcGIS/10.1'&gt;&lt;WKT&gt;PROJCS[&amp;quot;NAD_1983_StatePlane_Texas_South_Central_FIPS_4204_Feet&amp;quot;,GEOGCS[&amp;quot;GCS_North_American_1983&amp;quot;,DATUM[&amp;quot;D_North_American_1983&amp;quot;,SPHEROID[&amp;quot;GRS_1980&amp;quot;,6378137.0,298.257222101]],PRIMEM[&amp;quot;Greenwich&amp;quot;,0.0],UNIT[&amp;quot;Degree&amp;quot;,0.0174532925199433]],PROJECTION[&amp;quot;Lambert_Conformal_Conic&amp;quot;],PARAMETER[&amp;quot;False_Easting&amp;quot;,1968500.0],PARAMETER[&amp;quot;False_Northing&amp;quot;,13123333.33333333],PARAMETER[&amp;quot;Central_Meridian&amp;quot;,-99.0],PARAMETER[&amp;quot;Standard_Parallel_1&amp;quot;,28.38333333333333],PARAMETER[&amp;quot;Standard_Parallel_2&amp;quot;,30.28333333333333],PARAMETER[&amp;quot;Latitude_Of_Origin&amp;quot;,27.83333333333333],UNIT[&amp;quot;Foot_US&amp;quot;,0.3048006096012192],AUTHORITY[&amp;quot;EPSG&amp;quot;,2278]]&lt;/WKT&gt;&lt;XOrigin&gt;-126725700&lt;/XOrigin&gt;&lt;YOrigin&gt;-77828800&lt;/YOrigin&gt;&lt;XYScale&gt;34994581.165044695&lt;/XYScale&gt;&lt;ZOrigin&gt;-100000&lt;/ZOrigin&gt;&lt;ZScale&gt;10000&lt;/ZScale&gt;&lt;MOrigin&gt;-100000&lt;/MOrigin&gt;&lt;MScale&gt;10000&lt;/MScale&gt;&lt;XYTolerance&gt;0.0032808333333333331&lt;/XYTolerance&gt;&lt;ZTolerance&gt;0.001&lt;/ZTolerance&gt;&lt;MTolerance&gt;0.001&lt;/MTolerance&gt;&lt;HighPrecision&gt;true&lt;/HighPrecision&gt;&lt;WKID&gt;102740&lt;/WKID&gt;&lt;LatestWKID&gt;2278&lt;/LatestWKID&gt;&lt;/ProjectedCoordinateSystem&gt;</peXml></coordRef><lineage><Process ToolSource="c:\program files\arcgis\desktop10.1\ArcToolbox\Toolboxes\Data Management Tools.tbx\Merge" Date="20130319" Time="113712">Merge 'G108 New S_XS';'G108 Old S_XS' "C:\Documents and Settings\mleclair\Desktop\G108\S_XS\S_XS.shp" "OBJECTID "OBJECTID" true true false 11 Double 0 11 ,First,#,G108 New S_XS,OBJECTID,-1,-1;DFIRM_ID "DFIRM_ID" true true false 15 Text 0 0 ,First,#,G108 New S_XS,DFIRM_ID,-1,-1;XS_LN_ID "XS_LN_ID" true true false 11 Text 0 0 ,First,#,G108 New S_XS,XS_LN_ID,-1,-1,G108 Old S_XS,XS_LN_ID,-1,-1;XS_LTR "XS_LTR" true true false 12 Text 0 0 ,First,#,G108 New S_XS,XS_LTR,-1,-1,G108 Old S_XS,XS_LTR,-1,-1;START_ID "START_ID" true true false 11 Text 0 0 ,First,#,G108 New S_XS,START_ID,-1,-1,G108 Old S_XS,START_ID,-1,-1;STREAM_STN "STREAM_STN" true true false 12 Text 0 0 ,First,#,G108 New S_XS,STREAM_STN,-1,-1,G108 Old S_XS,STREAM_STN,-1,-1;XS_LN_TYP "XS_LN_TYP" true true false 20 Text 0 0 ,First,#,G108 New S_XS,XS_LN_TYP,-1,-1,G108 Old S_XS,XS_LN_TYP,-1,-1;WTR_NM "WTR_NM" true true false 100 Text 0 0 ,First,#,G108 New S_XS,WTR_NM,-1,-1,G108 Old S_XS,WTR_NM,-1,-1;WSEL_REG "WSEL_REG" true true false 8 Float 2 7 ,First,#,G108 New S_XS,WSEL_REG,-1,-1,G108 Old S_XS,WSEL_REG,-1,-1;LEN_UNIT "LEN_UNIT" true true false 20 Text 0 0 ,First,#,G108 New S_XS,LEN_UNIT,-1,-1,G108 Old S_XS,LEN_UNIT,-1,-1;V_DATUM "V_DATUM" true true false 6 Text 0 0 ,First,#,G108 New S_XS,V_DATUM,-1,-1,G108 Old S_XS,V_DATUM,-1,-1;SOURCE_CIT "SOURCE_CIT" true true false 11 Text 0 0 ,First,#,G108 New S_XS,SOURCE_CIT,-1,-1,G108 Old S_XS,SOURCE_CIT,-1,-1;BED_ELEV "BED_ELEV" true true false 8 Float 2 7 ,First,#,G108 New S_XS,BED_ELEV,-1,-1;TOP_WIDTH "TOP_WIDTH" true true false 8 Float 2 7 ,First,#,G108 New S_XS,TOP_WIDTH,-1,-1;XS_AREA "XS_AREA" true true false 8 Float 2 7 ,First,#,G108 New S_XS,XS_AREA,-1,-1;AREA_UNIT "AREA_UNIT" true true false 20 Text 0 0 ,First,#,G108 New S_XS,AREA_UNIT,-1,-1;VELOCITY "VELOCITY" true true false 8 Float 2 7 ,First,#,G108 New S_XS,VELOCITY,-1,-1;VEL_UNIT "VEL_UNIT" true true false 20 Text 0 0 ,First,#,G108 New S_XS,VEL_UNIT,-1,-1"</Process><Process ToolSource="c:\program files\arcgis\desktop10.1\ArcToolbox\Toolboxes\Data Management Tools.tbx\CalculateField" Date="20130319" Time="113901">CalculateField S_XS OBJECTID -9999 VB #</Process><Process ToolSource="c:\program files\arcgis\desktop10.1\ArcToolbox\Toolboxes\Data Management Tools.tbx\CalculateField" Date="20130319" Time="113915">CalculateField S_XS DFIRM_ID "48201C" VB #</Process><Process ToolSource="c:\program files\arcgis\desktop10.1\ArcToolbox\Toolboxes\Data Management Tools.tbx\CalculateField" Date="20130319" Time="113926">CalculateField S_XS BED_ELEV -8888 VB #</Process><Process ToolSource="c:\program files\arcgis\desktop10.1\ArcToolbox\Toolboxes\Data Management Tools.tbx\CalculateField" Date="20130319" Time="113934">CalculateField S_XS TOP_WIDTH -8888 VB #</Process><Process ToolSource="c:\program files\arcgis\desktop10.1\ArcToolbox\Toolboxes\Data Management Tools.tbx\CalculateField" Date="20130319" Time="113941">CalculateField S_XS XS_AREA -8888 VB #</Process><Process ToolSource="c:\program files\arcgis\desktop10.1\ArcToolbox\Toolboxes\Data Management Tools.tbx\CalculateField" Date="20130319" Time="113949">CalculateField S_XS VELOCITY -8888 VB #</Process><Process ToolSource="c:\program files\arcgis\desktop10.1\ArcToolbox\Toolboxes\Data Management Tools.tbx\CalculateField" Date="20130319" Time="114000">CalculateField S_XS AREA_UNIT "NP" VB #</Process><Process ToolSource="c:\program files\arcgis\desktop10.1\ArcToolbox\Toolboxes\Data Management Tools.tbx\CalculateField" Date="20130319" Time="114007">CalculateField S_XS VEL_UNIT "NP" VB #</Process></lineage></DataProperties><SyncDate>20130319</SyncDate><SyncTime>11371100</SyncTime><ModDate>20130319</ModDate><ModTime>11371100</ModTime></Esri><idinfo><citation><citeinfo><onlink Sync="TRUE">\\195414001001-DT\C$\GIS\Planning\FEMA_Submittals\LOMR_Delegation\Temp_Case_Error\12-06-3062P_temp\New Folder\S_XS</onlink></citeinfo></citation></idinfo><distInfo><distributor><distorTran><onLineSrc><linkage Sync="TRUE">file://\\195414001001-DT\C$\GIS\Planning\FEMA_Submittals\LOMR_Delegation\Temp_Case_Error\12-06-3062P_temp\New Folder\S_XS</linkage><protocol Sync="TRUE">Local Area Network</protocol></onLineSrc></distorTran></distributor><distFormat><formatName Sync="TRUE">Shapefile</formatName></distFormat><distTranOps><transSize Sync="TRUE">0.000</transSize></distTranOps></distInfo><dataqual><lineage><procstep><procdesc Sync="TRUE">Dataset copied.</procdesc><srcused Sync="TRUE">S:\Operations\Planning\PlanningProjects\H&amp;H Special Projects\LOMR Delegation\Working-cases\12-06-3062P\1000 - Data Received\3 Response to Comments\1 Digital Delineation\S_XS</srcused><procdate Sync="TRUE">20120810</procdate><proctime Sync="TRUE">08524400</proctime></procstep></lineage></dataqual><dataIdInfo><envirDesc Sync="TRUE">Microsoft Windows XP Version 5.1 (Build 2600) Service Pack 3; Esri ArcGIS 10.1.0.3035</envirDesc><dataLang><languageCode value="en" Sync="TRUE"></languageCode><countryCode value="US" Sync="TRUE"></countryCode></dataLang><idCitation><resTitle Sync="TRUE">S_XS</resTitle><presForm><PresFormCd value="005" Sync="TRUE"></PresFormCd></presForm></idCitation><spatRpType><SpatRepTypCd value="001" Sync="TRUE"></SpatRepTypCd></spatRpType></dataIdInfo><mdLang><languageCode value="en" Sync="TRUE"></languageCode><countryCode value="US" Sync="TRUE"></countryCode></mdLang><mdHrLv><ScopeCd value="005" Sync="TRUE"></ScopeCd></mdHrLv><mdHrLvName Sync="TRUE">dataset</mdHrLvName><refSysInfo><RefSystem><refSysID><identCode code="2278" Sync="TRUE"></identCode><idCodeSpace Sync="TRUE">EPSG</idCodeSpace><idVersion Sync="TRUE">7.9.4</idVersion></refSysID></RefSystem></refSysInfo><spatRepInfo><VectSpatRep><geometObjs Name="S_XS"><geoObjTyp><GeoObjTypCd value="002" Sync="TRUE"></GeoObjTypCd></geoObjTyp><geoObjCnt Sync="TRUE">0</geoObjCnt></geometObjs><topLvl><TopoLevCd value="001" Sync="TRUE"></TopoLevCd></topLvl></VectSpatRep></spatRepInfo><spdoinfo><ptvctinf><esriterm Name="S_XS"><efeatyp Sync="TRUE">Simple</efeatyp><efeageom code="3" Sync="TRUE"></efeageom><esritopo Sync="TRUE">FALSE</esritopo><efeacnt Sync="TRUE">0</efeacnt><spindex Sync="TRUE">FALSE</spindex><linrefer Sync="TRUE">FALSE</linrefer></esriterm></ptvctinf></spdoinfo><eainfo><detailed Name="S_XS"><enttyp><enttypl Sync="TRUE">S_XS</enttypl><enttypt Sync="TRUE">Feature Class</enttypt><enttypc Sync="TRUE">0</enttypc></enttyp><attr><attrlabl Sync="TRUE">FID</attrlabl><attalias Sync="TRUE">FID</attalias><attrtype Sync="TRUE">OID</attrtype><attwidth Sync="TRUE">4</attwidth><atprecis Sync="TRUE">0</atprecis><attscale Sync="TRUE">0</attscale><attrdef Sync="TRUE">Internal feature number.</attrdef><attrdefs Sync="TRUE">Esri</attrdefs><attrdomv><udom Sync="TRUE">Sequential unique whole numbers that are automatically generated.</udom></attrdomv></attr><attr><attrlabl Sync="TRUE">Shape</attrlabl><attalias Sync="TRUE">Shape</attalias><attrtype Sync="TRUE">Geometry</attrtype><attwidth Sync="TRUE">0</attwidth><atprecis Sync="TRUE">0</atprecis><attscale Sync="TRUE">0</attscale><attrdef Sync="TRUE">Feature geometry.</attrdef><attrdefs Sync="TRUE">Esri</attrdefs><attrdomv><udom Sync="TRUE">Coordinates defining the features.</udom></attrdomv></attr><attr><attrlabl Sync="TRUE">OBJECTID</attrlabl><attalias Sync="TRUE">OBJECTID</attalias><attrtype Sync="TRUE">Double</attrtype><attwidth Sync="TRUE">11</attwidth><atprecis Sync="TRUE">11</atprecis><attscale Sync="TRUE">0</attscale></attr><attr><attrlabl Sync="TRUE">DFIRM_ID</attrlabl><attalias Sync="TRUE">DFIRM_ID</attalias><attrtype Sync="TRUE">String</attrtype><attwidth Sync="TRUE">15</attwidth><atprecis Sync="TRUE">0</atprecis><attscale Sync="TRUE">0</attscale></attr><attr><attrlabl Sync="TRUE">XS_LN_ID</attrlabl><attalias Sync="TRUE">XS_LN_ID</attalias><attrtype Sync="TRUE">String</attrtype><attwidth Sync="TRUE">11</attwidth><atprecis Sync="TRUE">0</atprecis><attscale Sync="TRUE">0</attscale></attr><attr><attrlabl Sync="TRUE">XS_LTR</attrlabl><attalias Sync="TRUE">XS_LTR</attalias><attrtype Sync="TRUE">String</attrtype><attwidth Sync="TRUE">12</attwidth><atprecis Sync="TRUE">0</atprecis><attscale Sync="TRUE">0</attscale></attr><attr><attrlabl Sync="TRUE">START_ID</attrlabl><attalias Sync="TRUE">START_ID</attalias><attrtype Sync="TRUE">String</attrtype><attwidth Sync="TRUE">11</attwidth><atprecis Sync="TRUE">0</atprecis><attscale Sync="TRUE">0</attscale></attr><attr><attrlabl Sync="TRUE">STREAM_STN</attrlabl><attalias Sync="TRUE">STREAM_STN</attalias><attrtype Sync="TRUE">String</attrtype><attwidth Sync="TRUE">12</attwidth><atprecis Sync="TRUE">0</atprecis><attscale Sync="TRUE">0</attscale></attr><attr><attrlabl Sync="TRUE">XS_LN_TYP</attrlabl><attalias Sync="TRUE">XS_LN_TYP</attalias><attrtype Sync="TRUE">String</attrtype><attwidth Sync="TRUE">20</attwidth><atprecis Sync="TRUE">0</atprecis><attscale Sync="TRUE">0</attscale></attr><attr><attrlabl Sync="TRUE">WTR_NM</attrlabl><attalias Sync="TRUE">WTR_NM</attalias><attrtype Sync="TRUE">String</attrtype><attwidth Sync="TRUE">100</attwidth><atprecis Sync="TRUE">0</atprecis><attscale Sync="TRUE">0</attscale></attr><attr><attrlabl Sync="TRUE">WSEL_REG</attrlabl><attalias Sync="TRUE">WSEL_REG</attalias><attrtype Sync="TRUE">Single</attrtype><attwidth Sync="TRUE">8</attwidth><atprecis Sync="TRUE">7</atprecis><attscale Sync="TRUE">2</attscale></attr><attr><attrlabl Sync="TRUE">LEN_UNIT</attrlabl><attalias Sync="TRUE">LEN_UNIT</attalias><attrtype Sync="TRUE">String</attrtype><attwidth Sync="TRUE">20</attwidth><atprecis Sync="TRUE">0</atprecis><attscale Sync="TRUE">0</attscale></attr><attr><attrlabl Sync="TRUE">V_DATUM</attrlabl><attalias Sync="TRUE">V_DATUM</attalias><attrtype Sync="TRUE">String</attrtype><attwidth Sync="TRUE">6</attwidth><atprecis Sync="TRUE">0</atprecis><attscale Sync="TRUE">0</attscale></attr><attr><attrlabl Sync="TRUE">SOURCE_CIT</attrlabl><attalias Sync="TRUE">SOURCE_CIT</attalias><attrtype Sync="TRUE">String</attrtype><attwidth Sync="TRUE">11</attwidth><atprecis Sync="TRUE">0</atprecis><attscale Sync="TRUE">0</attscale></attr><attr><attrlabl Sync="TRUE">BED_ELEV</attrlabl><attalias Sync="TRUE">BED_ELEV</attalias><attrtype Sync="TRUE">Single</attrtype><attwidth Sync="TRUE">8</attwidth><atprecis Sync="TRUE">7</atprecis><attscale Sync="TRUE">2</attscale></attr><attr><attrlabl Sync="TRUE">TOP_WIDTH</attrlabl><attalias Sync="TRUE">TOP_WIDTH</attalias><attrtype Sync="TRUE">Single</attrtype><attwidth Sync="TRUE">8</attwidth><atprecis Sync="TRUE">7</atprecis><attscale Sync="TRUE">2</attscale></attr><attr><attrlabl Sync="TRUE">XS_AREA</attrlabl><attalias Sync="TRUE">XS_AREA</attalias><attrtype Sync="TRUE">Single</attrtype><attwidth Sync="TRUE">8</attwidth><atprecis Sync="TRUE">7</atprecis><attscale Sync="TRUE">2</attscale></attr><attr><attrlabl Sync="TRUE">AREA_UNIT</attrlabl><attalias Sync="TRUE">AREA_UNIT</attalias><attrtype Sync="TRUE">String</attrtype><attwidth Sync="TRUE">20</attwidth><atprecis Sync="TRUE">0</atprecis><attscale Sync="TRUE">0</attscale></attr><attr><attrlabl Sync="TRUE">VELOCITY</attrlabl><attalias Sync="TRUE">VELOCITY</attalias><attrtype Sync="TRUE">Single</attrtype><attwidth Sync="TRUE">8</attwidth><atprecis Sync="TRUE">7</atprecis><attscale Sync="TRUE">2</attscale></attr><attr><attrlabl Sync="TRUE">VEL_UNIT</attrlabl><attalias Sync="TRUE">VEL_UNIT</attalias><attrtype Sync="TRUE">String</attrtype><attwidth Sync="TRUE">20</attwidth><atprecis Sync="TRUE">0</atprecis><attscale Sync="TRUE">0</attscale></attr></detailed></eainfo><mdDateSt Sync="TRUE">20130319</mdDateSt></metadata>
