<?xml version="1.0" encoding="UTF-8"?>
<metadata xml:lang="en"><Esri><CreaDate>20160525</CreaDate><CreaTime>08300600</CreaTime><SyncOnce>FALSE</SyncOnce><DataProperties><itemProps><itemLocation><linkage Sync="TRUE">file://\\Houdata3\Projects\Districts\HCWCID157\Phase_3_LOMR\05_Deliverables\03_Reports\HCFCD Electronic Submittal\June2015_Response\Digital_Delineation\S_XS</linkage><protocol Sync="TRUE">Local Area Network</protocol></itemLocation><itemName Sync="TRUE">S_XS_1</itemName><imsContentType Sync="TRUE">002</imsContentType><itemSize Sync="TRUE">0.000</itemSize></itemProps><copyHistory><copy source="X:\Districts\HCWCID157\Phase_3_LOMR\05_Deliverables\03_Reports\HCFCD Electronic Submittal\May2015_Original\Digital_Delineation\S_XS" dest="\\Houdata3\Projects\Districts\HCWCID157\Phase_3_LOMR\05_Deliverables\03_Reports\HCFCD Electronic Submittal\June2015_Response\Digital_Delineation\S_XS" date="20150616" time="15015900"></copy></copyHistory><lineage><Process ToolSource="C:\Program Files\ArcGIS\Desktop10.0\ArcToolbox\Toolboxes\Data Management Tools.tbx\CalculateField" Date="20121203" Time="150418">CalculateField S_XS OBJECTID "-9999" VB #</Process><Process ToolSource="C:\Program Files\ArcGIS\Desktop10.0\ArcToolbox\Toolboxes\Data Management Tools.tbx\CalculateField" Date="20121203" Time="150442">CalculateField S_XS DFIRM_ID "48201C" VB #</Process><Process ToolSource="C:\Program Files\ArcGIS\Desktop10.0\ArcToolbox\Toolboxes\Data Management Tools.tbx\CalculateField" Date="20121203" Time="150901">CalculateField S_XS WTR_NM "K150-00-00 (Tributary 36.6 to Cypress Creek)" VB #</Process><Process ToolSource="C:\Program Files\ArcGIS\Desktop10.0\ArcToolbox\Toolboxes\Data Management Tools.tbx\CalculateField" Date="20121203" Time="150927">CalculateField S_XS WTR_NM "K150-01-00 (Tributary 36.6 to Cypress Creek)" VB #</Process><Process ToolSource="C:\Program Files\ArcGIS\Desktop10.0\ArcToolbox\Toolboxes\Data Management Tools.tbx\CalculateField" Date="20121203" Time="151859">CalculateField S_XS LEN_UNIT "FEET" VB #</Process><Process ToolSource="C:\Program Files\ArcGIS\Desktop10.0\ArcToolbox\Toolboxes\Data Management Tools.tbx\CalculateField" Date="20121203" Time="151919">CalculateField S_XS V_DATUM "NAVD88" VB #</Process><Process ToolSource="C:\Program Files\ArcGIS\Desktop10.0\ArcToolbox\Toolboxes\Data Management Tools.tbx\CalculateField" Date="20121203" Time="151942">CalculateField S_XS BED_ELEV "-8888" VB #</Process><Process ToolSource="C:\Program Files\ArcGIS\Desktop10.0\ArcToolbox\Toolboxes\Data Management Tools.tbx\CalculateField" Date="20121203" Time="151949">CalculateField S_XS TOP_WIDTH "-8888" VB #</Process><Process ToolSource="C:\Program Files\ArcGIS\Desktop10.0\ArcToolbox\Toolboxes\Data Management Tools.tbx\CalculateField" Date="20121203" Time="152000">CalculateField S_XS XS_AREA "-8888" VB #</Process><Process ToolSource="C:\Program Files\ArcGIS\Desktop10.0\ArcToolbox\Toolboxes\Data Management Tools.tbx\CalculateField" Date="20121203" Time="152018">CalculateField S_XS AREA_UNIT "NP" VB #</Process><Process ToolSource="C:\Program Files\ArcGIS\Desktop10.0\ArcToolbox\Toolboxes\Data Management Tools.tbx\CalculateField" Date="20121203" Time="152031">CalculateField S_XS VELOCITY "-8888" VB #</Process><Process ToolSource="C:\Program Files\ArcGIS\Desktop10.0\ArcToolbox\Toolboxes\Data Management Tools.tbx\CalculateField" Date="20121203" Time="152044">CalculateField S_XS VEL_UNIT "NP" VB #</Process><Process ToolSource="C:\Program Files\ArcGIS\Desktop10.0\ArcToolbox\Toolboxes\Data Management Tools.tbx\CalculateField" Date="20121203" Time="160317">CalculateField S_XS DELETE [STREAM_STN] VB #</Process><Process ToolSource="C:\Program Files (x86)\ArcGIS\Desktop10.0\ArcToolbox\Toolboxes\Data Management Tools.tbx\CalculateField" Date="20130304" Time="091944">CalculateField S_XS XS_LN_TYP "NOT LETTERED" VB #</Process><Process ToolSource="C:\Program Files (x86)\ArcGIS\Desktop10.0\ArcToolbox\Toolboxes\Data Management Tools.tbx\CalculateField" Date="20130304" Time="092436">CalculateField S_XS XS_LTR "A" VB #</Process><Process ToolSource="C:\Program Files (x86)\ArcGIS\Desktop10.0\ArcToolbox\Toolboxes\Data Management Tools.tbx\CalculateField" Date="20130304" Time="092447">CalculateField S_XS XS_LN_TYP "LETTERED" VB #</Process><Process ToolSource="C:\Program Files (x86)\ArcGIS\Desktop10.0\ArcToolbox\Toolboxes\Data Management Tools.tbx\CalculateField" Date="20130304" Time="092515">CalculateField S_XS XS_LN_TYP "LETTERED" VB #</Process><Process ToolSource="C:\Program Files (x86)\ArcGIS\Desktop10.0\ArcToolbox\Toolboxes\Data Management Tools.tbx\CalculateField" Date="20130304" Time="092524">CalculateField S_XS XS_LTR "B" VB #</Process><Process ToolSource="C:\Program Files (x86)\ArcGIS\Desktop10.0\ArcToolbox\Toolboxes\Data Management Tools.tbx\CalculateField" Date="20130304" Time="092550">CalculateField S_XS XS_LTR "A" VB #</Process><Process ToolSource="C:\Program Files (x86)\ArcGIS\Desktop10.0\ArcToolbox\Toolboxes\Data Management Tools.tbx\CalculateField" Date="20130304" Time="092601">CalculateField S_XS XS_LTR "B" VB #</Process><Process ToolSource="C:\Program Files (x86)\ArcGIS\Desktop10.0\ArcToolbox\Toolboxes\Data Management Tools.tbx\CalculateField" Date="20130304" Time="092613">CalculateField S_XS XS_LTR "C" VB #</Process><Process ToolSource="C:\Program Files (x86)\ArcGIS\Desktop10.0\ArcToolbox\Toolboxes\Data Management Tools.tbx\CalculateField" Date="20130304" Time="092643">CalculateField S_XS XS_LN_TYP "LETTERED" VB #</Process><Process ToolSource="c:\program files (x86)\arcgis\desktop10.0\ArcToolbox\Toolboxes\Data Management Tools.tbx\CopyFeatures" Date="20130304" Time="094907">CopyFeatures x:\DISTRICTS\HCWCID157\Phase_4_CLOMR\05_Deliverables\03_Reports\November2012_Original\Digital_Delineation\S_XS.shp x:\DISTRICTS\HCWCID157\Phase_4_CLOMR\05_Deliverables\03_Reports\November2012_Original\Digital_Delineation\Data_Test.mdb\S_XS # 0 0 0</Process><Process ToolSource="c:\program files (x86)\arcgis\desktop10.0\ArcToolbox\Toolboxes\Conversion Tools.tbx\FeatureClassToFeatureClass" Date="20130304" Time="102453">FeatureClassToFeatureClass x:\DISTRICTS\HCWCID157\Phase_4_CLOMR\05_Deliverables\03_Reports\November2012_Original\Digital_Delineation\Data_Test.mdb\S_XS x:\DISTRICTS\HCWCID157\Phase_4_CLOMR\05_Deliverables\03_Reports\November2012_Original\Digital_Delineation S_XS.shp # "DFIRM_ID "DFIRM_ID" true true false 15 Text 0 0 ,First,#,x:\DISTRICTS\HCWCID157\Phase_4_CLOMR\05_Deliverables\03_Reports\November2012_Original\Digital_Delineation\Data_Test.mdb\S_XS,DFIRM_ID,-1,-1;XS_LN_ID "XS_LN_ID" true true false 21 Text 0 0 ,First,#,x:\DISTRICTS\HCWCID157\Phase_4_CLOMR\05_Deliverables\03_Reports\November2012_Original\Digital_Delineation\Data_Test.mdb\S_XS,XS_LN_ID,-1,-1;XS_LTR "XS_LTR" true true false 12 Text 0 0 ,First,#,x:\DISTRICTS\HCWCID157\Phase_4_CLOMR\05_Deliverables\03_Reports\November2012_Original\Digital_Delineation\Data_Test.mdb\S_XS,XS_LTR,-1,-1;START_ID "START_ID" true true false 21 Text 0 0 ,First,#,x:\DISTRICTS\HCWCID157\Phase_4_CLOMR\05_Deliverables\03_Reports\November2012_Original\Digital_Delineation\Data_Test.mdb\S_XS,START_ID,-1,-1;STREAM_STN "STREAM_STN" true true false 12 Text 0 0 ,First,#,x:\DISTRICTS\HCWCID157\Phase_4_CLOMR\05_Deliverables\03_Reports\November2012_Original\Digital_Delineation\Data_Test.mdb\S_XS,STREAM_STN,-1,-1;XS_LN_TYP "XS_LN_TYP" true true false 20 Text 0 0 ,First,#,x:\DISTRICTS\HCWCID157\Phase_4_CLOMR\05_Deliverables\03_Reports\November2012_Original\Digital_Delineation\Data_Test.mdb\S_XS,XS_LN_TYP,-1,-1;WTR_NM "WTR_NM" true true false 100 Text 0 0 ,First,#,x:\DISTRICTS\HCWCID157\Phase_4_CLOMR\05_Deliverables\03_Reports\November2012_Original\Digital_Delineation\Data_Test.mdb\S_XS,WTR_NM,-1,-1;WSEL_REG "WSEL_REG" true true false 4 Float 0 0 ,First,#,x:\DISTRICTS\HCWCID157\Phase_4_CLOMR\05_Deliverables\03_Reports\November2012_Original\Digital_Delineation\Data_Test.mdb\S_XS,WSEL_REG,-1,-1;LEN_UNIT "LEN_UNIT" true true false 20 Text 0 0 ,First,#,x:\DISTRICTS\HCWCID157\Phase_4_CLOMR\05_Deliverables\03_Reports\November2012_Original\Digital_Delineation\Data_Test.mdb\S_XS,LEN_UNIT,-1,-1;V_DATUM "V_DATUM" true true false 6 Text 0 0 ,First,#,x:\DISTRICTS\HCWCID157\Phase_4_CLOMR\05_Deliverables\03_Reports\November2012_Original\Digital_Delineation\Data_Test.mdb\S_XS,V_DATUM,-1,-1;SOURCE_CIT "SOURCE_CIT" true true false 11 Text 0 0 ,First,#,x:\DISTRICTS\HCWCID157\Phase_4_CLOMR\05_Deliverables\03_Reports\November2012_Original\Digital_Delineation\Data_Test.mdb\S_XS,SOURCE_CIT,-1,-1;BED_ELEV "BED_ELEV" true true false 4 Float 0 0 ,First,#,x:\DISTRICTS\HCWCID157\Phase_4_CLOMR\05_Deliverables\03_Reports\November2012_Original\Digital_Delineation\Data_Test.mdb\S_XS,BED_ELEV,-1,-1;TOP_WIDTH "TOP_WIDTH" true true false 4 Float 0 0 ,First,#,x:\DISTRICTS\HCWCID157\Phase_4_CLOMR\05_Deliverables\03_Reports\November2012_Original\Digital_Delineation\Data_Test.mdb\S_XS,TOP_WIDTH,-1,-1;XS_AREA "XS_AREA" true true false 4 Float 0 0 ,First,#,x:\DISTRICTS\HCWCID157\Phase_4_CLOMR\05_Deliverables\03_Reports\November2012_Original\Digital_Delineation\Data_Test.mdb\S_XS,XS_AREA,-1,-1;AREA_UNIT "AREA_UNIT" true true false 20 Text 0 0 ,First,#,x:\DISTRICTS\HCWCID157\Phase_4_CLOMR\05_Deliverables\03_Reports\November2012_Original\Digital_Delineation\Data_Test.mdb\S_XS,AREA_UNIT,-1,-1;VELOCITY "VELOCITY" true true false 4 Float 0 0 ,First,#,x:\DISTRICTS\HCWCID157\Phase_4_CLOMR\05_Deliverables\03_Reports\November2012_Original\Digital_Delineation\Data_Test.mdb\S_XS,VELOCITY,-1,-1;VEL_UNIT "VEL_UNIT" true true false 20 Text 0 0 ,First,#,x:\DISTRICTS\HCWCID157\Phase_4_CLOMR\05_Deliverables\03_Reports\November2012_Original\Digital_Delineation\Data_Test.mdb\S_XS,VEL_UNIT,-1,-1" #</Process><Process ToolSource="C:\Program Files (x86)\ArcGIS\Desktop10.0\ArcToolbox\Toolboxes\Data Management Tools.tbx\CalculateField" Date="20130712" Time="113350">CalculateField S_XS OBJECTID -9999 VB #</Process><Process ToolSource="C:\Program Files (x86)\ArcGIS\Desktop10.0\ArcToolbox\Toolboxes\Data Management Tools.tbx\CalculateField" Date="20130807" Time="133140">CalculateField S_XS WTR_NM "K150-01-00 (Tributary 36.6-A to Cypress Creek)" VB #</Process><Process ToolSource="C:\Program Files (x86)\ArcGIS\Desktop10.0\ArcToolbox\Toolboxes\Data Management Tools.tbx\CalculateField" Date="20130807" Time="133203">CalculateField S_XS WTR_NM "K150-00-00 (Tributary 36.6 to Cypress Creek)" VB #</Process><Process ToolSource="c:\program files (x86)\arcgis\desktop10.1\ArcToolbox\Toolboxes\Data Management Tools.tbx\CopyFeatures" Date="20140114" Time="165231">CopyFeatures x:\DISTRICTS\HCWCID157\Phase_4_CLOMR\05_Deliverables\03_Reports\December2013_FEMAResponse\Digital_Delineation\S_XS.shp e:\FortBendParcels.gdb\JANUARYCLOMR\S_XS # 0 0 0</Process><Process ToolSource="c:\program files (x86)\arcgis\desktop10.1\ArcToolbox\Toolboxes\Conversion Tools.tbx\FeatureClassToFeatureClass" Date="20140115" Time="111546">FeatureClassToFeatureClass e:\FortBendParcels.gdb\JANUARYCLOMR\S_XS x:\DISTRICTS\HCWCID157\Phase_4_CLOMR\05_Deliverables\03_Reports\January2014_FEMAResponse\Digital_Delineation S_XS.shp # "OBJECTID "OBJECTID" true true false 8 Double 0 0 ,First,#,e:\FortBendParcels.gdb\JANUARYCLOMR\S_XS,OBJECTID,-1,-1;DFIRM_ID "DFIRM_ID" true true false 15 Text 0 0 ,First,#,e:\FortBendParcels.gdb\JANUARYCLOMR\S_XS,DFIRM_ID,-1,-1;XS_LN_ID "XS_LN_ID" true true false 11 Text 0 0 ,First,#,e:\FortBendParcels.gdb\JANUARYCLOMR\S_XS,XS_LN_ID,-1,-1;XS_LTR "XS_LTR" true true false 12 Text 0 0 ,First,#,e:\FortBendParcels.gdb\JANUARYCLOMR\S_XS,XS_LTR,-1,-1;START_ID "START_ID" true true false 11 Text 0 0 ,First,#,e:\FortBendParcels.gdb\JANUARYCLOMR\S_XS,START_ID,-1,-1;STREAM_STN "STREAM_STN" true true false 12 Text 0 0 ,First,#,e:\FortBendParcels.gdb\JANUARYCLOMR\S_XS,STREAM_STN,-1,-1;XS_LN_TYP "XS_LN_TYP" true true false 20 Text 0 0 ,First,#,e:\FortBendParcels.gdb\JANUARYCLOMR\S_XS,XS_LN_TYP,-1,-1;WTR_NM "WTR_NM" true true false 100 Text 0 0 ,First,#,e:\FortBendParcels.gdb\JANUARYCLOMR\S_XS,WTR_NM,-1,-1;WSEL_REG "WSEL_REG" true true false 4 Float 0 0 ,First,#,e:\FortBendParcels.gdb\JANUARYCLOMR\S_XS,WSEL_REG,-1,-1;LEN_UNIT "LEN_UNIT" true true false 20 Text 0 0 ,First,#,e:\FortBendParcels.gdb\JANUARYCLOMR\S_XS,LEN_UNIT,-1,-1;V_DATUM "V_DATUM" true true false 6 Text 0 0 ,First,#,e:\FortBendParcels.gdb\JANUARYCLOMR\S_XS,V_DATUM,-1,-1;SOURCE_CIT "SOURCE_CIT" true true false 11 Text 0 0 ,First,#,e:\FortBendParcels.gdb\JANUARYCLOMR\S_XS,SOURCE_CIT,-1,-1;BED_ELEV "BED_ELEV" true true false 4 Float 0 0 ,First,#,e:\FortBendParcels.gdb\JANUARYCLOMR\S_XS,BED_ELEV,-1,-1;TOP_WIDTH "TOP_WIDTH" true true false 4 Float 0 0 ,First,#,e:\FortBendParcels.gdb\JANUARYCLOMR\S_XS,TOP_WIDTH,-1,-1;XS_AREA "XS_AREA" true true false 4 Float 0 0 ,First,#,e:\FortBendParcels.gdb\JANUARYCLOMR\S_XS,XS_AREA,-1,-1;AREA_UNIT "AREA_UNIT" true true false 20 Text 0 0 ,First,#,e:\FortBendParcels.gdb\JANUARYCLOMR\S_XS,AREA_UNIT,-1,-1;VELOCITY "VELOCITY" true true false 4 Float 0 0 ,First,#,e:\FortBendParcels.gdb\JANUARYCLOMR\S_XS,VELOCITY,-1,-1;VEL_UNIT "VEL_UNIT" true true false 20 Text 0 0 ,First,#,e:\FortBendParcels.gdb\JANUARYCLOMR\S_XS,VEL_UNIT,-1,-1;Shape_Leng "Shape_Length" false true true 8 Double 0 0 ,First,#,e:\FortBendParcels.gdb\JANUARYCLOMR\S_XS,Shape_Length,-1,-1" #</Process><Process ToolSource="c:\program files (x86)\arcgis\desktop10.2\ArcToolbox\Toolboxes\Data Management Tools.tbx\CalculateField" Date="20150423" Time="085850">CalculateField S_XS DFIRM_ID "48201C" VB #</Process><Process ToolSource="c:\program files (x86)\arcgis\desktop10.2\ArcToolbox\Toolboxes\Data Management Tools.tbx\CalculateField" Date="20150423" Time="090335">CalculateField S_XS Test [STREAM_STN] VB #</Process><Process ToolSource="c:\program files (x86)\arcgis\desktop10.2\ArcToolbox\Toolboxes\Data Management Tools.tbx\CalculateField" Date="20150423" Time="090857">CalculateField S_XS STREAM_STN [Test] VB #</Process><Process ToolSource="c:\program files (x86)\arcgis\desktop10.2\ArcToolbox\Toolboxes\Data Management Tools.tbx\CalculateField" Date="20150423" Time="091053">CalculateField S_XS Test [XS_LN_TYP] VB #</Process><Process ToolSource="c:\program files (x86)\arcgis\desktop10.2\ArcToolbox\Toolboxes\Data Management Tools.tbx\CalculateField" Date="20150423" Time="091143">CalculateField S_XS XS_LN_TYP [Test] VB #</Process><Process ToolSource="c:\program files (x86)\arcgis\desktop10.2\ArcToolbox\Toolboxes\Data Management Tools.tbx\CalculateField" Date="20150423" Time="091241">CalculateField S_XS Test [WSEL_REG] VB #</Process><Process ToolSource="c:\program files (x86)\arcgis\desktop10.2\ArcToolbox\Toolboxes\Data Management Tools.tbx\CalculateField" Date="20150423" Time="091436">CalculateField S_XS Test [LEN_UNIT] VB #</Process><Process ToolSource="c:\program files (x86)\arcgis\desktop10.2\ArcToolbox\Toolboxes\Data Management Tools.tbx\CalculateField" Date="20150423" Time="091520">CalculateField S_XS LEN_UNIT [Test] VB #</Process><Process ToolSource="c:\program files (x86)\arcgis\desktop10.2\ArcToolbox\Toolboxes\Data Management Tools.tbx\CalculateField" Date="20150423" Time="091618">CalculateField S_XS Test [V_DATUM] VB #</Process><Process ToolSource="c:\program files (x86)\arcgis\desktop10.2\ArcToolbox\Toolboxes\Data Management Tools.tbx\CalculateField" Date="20150430" Time="091417">CalculateField S_XS WSEL_REGx [WSEL_REG] VB #</Process><Process ToolSource="c:\program files (x86)\arcgis\desktop10.2\ArcToolbox\Toolboxes\Data Management Tools.tbx\CalculateField" Date="20150430" Time="091516">CalculateField S_XS WSEL_REG [WSEL_REGx] VB #</Process><Process ToolSource="c:\program files (x86)\arcgis\desktop10.2\ArcToolbox\Toolboxes\Data Management Tools.tbx\CalculateField" Date="20150430" Time="091650">CalculateField S_XS V_DATUM_1 [V_DATUM] VB #</Process><Process ToolSource="c:\program files (x86)\arcgis\desktop10.2\ArcToolbox\Toolboxes\Data Management Tools.tbx\CalculateField" Date="20150430" Time="091724">CalculateField S_XS V_DATUM [V_DATUM_1] VB #</Process><Process ToolSource="c:\program files (x86)\arcgis\desktop10.2\ArcToolbox\Toolboxes\Data Management Tools.tbx\CalculateField" Date="20150430" Time="092145">CalculateField S_XS STRMBED_EL "-8888" VB #</Process><Process ToolSource="c:\program files (x86)\arcgis\desktop10.2\ArcToolbox\Toolboxes\Data Management Tools.tbx\CalculateField" Date="20150430" Time="092202">CalculateField S_XS SEQ "-9999" VB #</Process><Process ToolSource="c:\program files (x86)\arcgis\desktop10.2\ArcToolbox\Toolboxes\Data Management Tools.tbx\CalculateField" Date="20150616" Time="153341">CalculateField S_XS STREAM_S_1 [STREAM_STN] VB #</Process><Process ToolSource="c:\program files (x86)\arcgis\desktop10.2\ArcToolbox\Toolboxes\Data Management Tools.tbx\CalculateField" Date="20150616" Time="153419">CalculateField S_XS STREAM_STN [STREAM_S_1] VB #</Process><Process ToolSource="c:\program files (x86)\arcgis\desktop10.2\ArcToolbox\Toolboxes\Data Management Tools.tbx\CalculateField" Date="20150616" Time="153529">CalculateField S_XS WSEL_REG_1 [WSEL_REG] VB #</Process><Process ToolSource="c:\program files (x86)\arcgis\desktop10.2\ArcToolbox\Toolboxes\Data Management Tools.tbx\CalculateField" Date="20150616" Time="153602">CalculateField S_XS WSEL_REG [WSEL_REG_1] VB #</Process><Process ToolSource="c:\program files (x86)\arcgis\desktop10.2\ArcToolbox\Toolboxes\Data Management Tools.tbx\CalculateField" Date="20150616" Time="153713">CalculateField S_XS STRMBED__1 [STRMBED_EL] VB #</Process><Process ToolSource="c:\program files (x86)\arcgis\desktop10.2\ArcToolbox\Toolboxes\Data Management Tools.tbx\CalculateField" Date="20150616" Time="153817">CalculateField S_XS STRMBED_EL [STRMBED__1] VB #</Process><Process ToolSource="c:\program files (x86)\arcgis\desktop10.2\ArcToolbox\Toolboxes\Data Management Tools.tbx\CalculateField" Date="20150616" Time="153850">CalculateField S_XS SEQ_1 [SEQ] VB #</Process><Process ToolSource="c:\program files (x86)\arcgis\desktop10.2\ArcToolbox\Toolboxes\Data Management Tools.tbx\CalculateField" Date="20150616" Time="153916">CalculateField S_XS SEQ [SEQ_1] VB #</Process><Process ToolSource="c:\program files (x86)\arcgis\desktop10.2\ArcToolbox\Toolboxes\Data Management Tools.tbx\CalculateField" Date="20150914" Time="104323">CalculateField S_XS STREAM_S_1 [STREAM_STN] VB #</Process><Process ToolSource="c:\program files (x86)\arcgis\desktop10.2\ArcToolbox\Toolboxes\Data Management Tools.tbx\CalculateField" Date="20150914" Time="104429">CalculateField S_XS STREAM_STN [STREAM_S_1] VB #</Process><Process ToolSource="c:\program files (x86)\arcgis\desktop10.2\ArcToolbox\Toolboxes\Data Management Tools.tbx\CalculateField" Date="20150914" Time="104627">CalculateField S_XS WSEL_REG_1 [WSEL_REG] VB #</Process><Process ToolSource="c:\program files (x86)\arcgis\desktop10.2\ArcToolbox\Toolboxes\Data Management Tools.tbx\CalculateField" Date="20150914" Time="104729">CalculateField S_XS WSEL_REG [WSEL_REG_1] VB #</Process><Process ToolSource="c:\program files (x86)\arcgis\desktop10.2\ArcToolbox\Toolboxes\Data Management Tools.tbx\CalculateField" Date="20150914" Time="104858">CalculateField S_XS STRMBED__1 [STRMBED_EL] VB #</Process><Process ToolSource="c:\program files (x86)\arcgis\desktop10.2\ArcToolbox\Toolboxes\Data Management Tools.tbx\CalculateField" Date="20150914" Time="105008">CalculateField S_XS STRMBED_EL [STRMBED__1] VB #</Process></lineage><coordRef><type Sync="TRUE">Projected</type><geogcsn Sync="TRUE">GCS_North_American_1983</geogcsn><csUnits Sync="TRUE">Linear Unit: Foot_US (0.304801)</csUnits><projcsn Sync="TRUE">NAD_1983_StatePlane_Texas_South_Central_FIPS_4204_Feet</projcsn><peXml Sync="TRUE">&lt;ProjectedCoordinateSystem xsi:type='typens:ProjectedCoordinateSystem' xmlns:xsi='http://www.w3.org/2001/XMLSchema-instance' xmlns:xs='http://www.w3.org/2001/XMLSchema' xmlns:typens='http://www.esri.com/schemas/ArcGIS/10.1'&gt;&lt;WKT&gt;PROJCS[&amp;quot;NAD_1983_StatePlane_Texas_South_Central_FIPS_4204_Feet&amp;quot;,GEOGCS[&amp;quot;GCS_North_American_1983&amp;quot;,DATUM[&amp;quot;D_North_American_1983&amp;quot;,SPHEROID[&amp;quot;GRS_1980&amp;quot;,6378137.0,298.257222101]],PRIMEM[&amp;quot;Greenwich&amp;quot;,0.0],UNIT[&amp;quot;Degree&amp;quot;,0.0174532925199433]],PROJECTION[&amp;quot;Lambert_Conformal_Conic&amp;quot;],PARAMETER[&amp;quot;False_Easting&amp;quot;,1968500.0],PARAMETER[&amp;quot;False_Northing&amp;quot;,13123333.33333333],PARAMETER[&amp;quot;Central_Meridian&amp;quot;,-99.0],PARAMETER[&amp;quot;Standard_Parallel_1&amp;quot;,28.38333333333333],PARAMETER[&amp;quot;Standard_Parallel_2&amp;quot;,30.28333333333334],PARAMETER[&amp;quot;Latitude_Of_Origin&amp;quot;,27.83333333333333],UNIT[&amp;quot;Foot_US&amp;quot;,0.3048006096012192],AUTHORITY[&amp;quot;EPSG&amp;quot;,2278]]&lt;/WKT&gt;&lt;XOrigin&gt;-126725700&lt;/XOrigin&gt;&lt;YOrigin&gt;-77828800&lt;/YOrigin&gt;&lt;XYScale&gt;3048.0060960121928&lt;/XYScale&gt;&lt;ZOrigin&gt;-100000&lt;/ZOrigin&gt;&lt;ZScale&gt;10000&lt;/ZScale&gt;&lt;MOrigin&gt;-100000&lt;/MOrigin&gt;&lt;MScale&gt;10000&lt;/MScale&gt;&lt;XYTolerance&gt;0.0032808333333333331&lt;/XYTolerance&gt;&lt;ZTolerance&gt;0.001&lt;/ZTolerance&gt;&lt;MTolerance&gt;0.001&lt;/MTolerance&gt;&lt;HighPrecision&gt;true&lt;/HighPrecision&gt;&lt;WKID&gt;102740&lt;/WKID&gt;&lt;LatestWKID&gt;2278&lt;/LatestWKID&gt;&lt;/ProjectedCoordinateSystem&gt;</peXml></coordRef></DataProperties><SyncDate>20150430</SyncDate><SyncTime>09354400</SyncTime><ModDate>20150430</ModDate><ModTime>09354400</ModTime><ArcGISFormat>1.0</ArcGISFormat></Esri><dataIdInfo><envirDesc Sync="TRUE">Microsoft Windows 7 Version 6.1 (Build 7601) Service Pack 1; Esri ArcGIS 10.2.2.3552</envirDesc><dataLang><languageCode value="eng" Sync="TRUE"></languageCode><countryCode value="USA" Sync="TRUE"></countryCode></dataLang><idCitation><resTitle Sync="TRUE">S_XS_1</resTitle><presForm><PresFormCd value="005" Sync="TRUE"></PresFormCd></presForm></idCitation><spatRpType><SpatRepTypCd value="001" Sync="TRUE"></SpatRepTypCd></spatRpType></dataIdInfo><mdLang><languageCode value="eng" Sync="TRUE"></languageCode><countryCode value="USA" Sync="TRUE"></countryCode></mdLang><distInfo><distFormat><formatName Sync="TRUE">File Geodatabase Feature Class</formatName></distFormat><distTranOps><transSize Sync="TRUE">0.000</transSize></distTranOps></distInfo><mdHrLv><ScopeCd value="005" Sync="TRUE"></ScopeCd></mdHrLv><mdHrLvName Sync="TRUE">dataset</mdHrLvName><refSysInfo><RefSystem><refSysID><identCode code="2278" Sync="TRUE" value="2278"></identCode><idCodeSpace Sync="TRUE">EPSG</idCodeSpace><idVersion Sync="TRUE">8.2.6</idVersion></refSysID></RefSystem></refSysInfo><spatRepInfo><VectSpatRep><geometObjs Name="S_XS_1"><geoObjTyp><GeoObjTypCd value="002" Sync="TRUE"></GeoObjTypCd></geoObjTyp><geoObjCnt Sync="TRUE">0</geoObjCnt></geometObjs><topLvl><TopoLevCd value="001" Sync="TRUE"></TopoLevCd></topLvl></VectSpatRep></spatRepInfo><spdoinfo><ptvctinf><esriterm Name="S_XS_1"><efeatyp Sync="TRUE">Simple</efeatyp><efeageom code="3" Sync="TRUE"></efeageom><esritopo Sync="TRUE">FALSE</esritopo><efeacnt Sync="TRUE">0</efeacnt><spindex Sync="TRUE">TRUE</spindex><linrefer Sync="TRUE">FALSE</linrefer></esriterm></ptvctinf></spdoinfo><eainfo><detailed Name="S_XS_1"><enttyp><enttypl Sync="TRUE">S_XS_1</enttypl><enttypt Sync="TRUE">Feature Class</enttypt><enttypc Sync="TRUE">0</enttypc></enttyp><attr><attrlabl Sync="TRUE">Shape</attrlabl><attalias Sync="TRUE">Shape</attalias><attrtype Sync="TRUE">Geometry</attrtype><attwidth Sync="TRUE">0</attwidth><atprecis Sync="TRUE">0</atprecis><attscale Sync="TRUE">0</attscale><attrdef Sync="TRUE">Feature geometry.</attrdef><attrdefs Sync="TRUE">ESRI</attrdefs><attrdomv><udom Sync="TRUE">Coordinates defining the features.</udom></attrdomv></attr><attr><attrlabl Sync="TRUE">OBJECTID</attrlabl><attalias Sync="TRUE">OBJECTID</attalias><attrtype Sync="TRUE">OID</attrtype><attwidth Sync="TRUE">4</attwidth><atprecis Sync="TRUE">0</atprecis><attscale Sync="TRUE">0</attscale><attrdef Sync="TRUE">Internal feature number.</attrdef><attrdefs Sync="TRUE">Esri</attrdefs><attrdomv><udom Sync="TRUE">Sequential unique whole numbers that are automatically generated.</udom></attrdomv></attr><attr><attrlabl Sync="TRUE">DFIRM_ID</attrlabl><attalias Sync="TRUE">DFIRM_ID</attalias><attrtype Sync="TRUE">String</attrtype><attwidth Sync="TRUE">6</attwidth><atprecis Sync="TRUE">0</atprecis><attscale Sync="TRUE">0</attscale></attr><attr><attrlabl Sync="TRUE">XS_LN_ID</attrlabl><attalias Sync="TRUE">XS_LN_ID</attalias><attrtype Sync="TRUE">String</attrtype><attwidth Sync="TRUE">32</attwidth><atprecis Sync="TRUE">0</atprecis><attscale Sync="TRUE">0</attscale></attr><attr><attrlabl Sync="TRUE">VERSION_ID</attrlabl><attalias Sync="TRUE">VERSION_ID</attalias><attrtype Sync="TRUE">String</attrtype><attwidth Sync="TRUE">11</attwidth><atprecis Sync="TRUE">0</atprecis><attscale Sync="TRUE">0</attscale></attr><attr><attrlabl Sync="TRUE">PROFXS_TXT</attrlabl><attalias Sync="TRUE">PROFXS_TXT</attalias><attrtype Sync="TRUE">String</attrtype><attwidth Sync="TRUE">80</attwidth><atprecis Sync="TRUE">0</atprecis><attscale Sync="TRUE">0</attscale></attr><attr><attrlabl Sync="TRUE">MODEL_ID</attrlabl><attalias Sync="TRUE">MODEL_ID</attalias><attrtype Sync="TRUE">String</attrtype><attwidth Sync="TRUE">100</attwidth><atprecis Sync="TRUE">0</atprecis><attscale Sync="TRUE">0</attscale></attr><attr><attrlabl Sync="TRUE">SEQ</attrlabl><attalias Sync="TRUE">SEQ</attalias><attrtype Sync="TRUE">Integer</attrtype><attwidth Sync="TRUE">4</attwidth><atprecis Sync="TRUE">0</atprecis><attscale Sync="TRUE">0</attscale></attr><attr><attrlabl Sync="TRUE">XS_LTR</attrlabl><attalias Sync="TRUE">XS_LTR</attalias><attrtype Sync="TRUE">String</attrtype><attwidth Sync="TRUE">12</attwidth><atprecis Sync="TRUE">0</atprecis><attscale Sync="TRUE">0</attscale></attr><attr><attrlabl Sync="TRUE">START_ID</attrlabl><attalias Sync="TRUE">START_ID</attalias><attrtype Sync="TRUE">String</attrtype><attwidth Sync="TRUE">32</attwidth><atprecis Sync="TRUE">0</atprecis><attscale Sync="TRUE">0</attscale></attr><attr><attrlabl Sync="TRUE">STREAM_STN</attrlabl><attalias Sync="TRUE">STREAM_STN</attalias><attrtype Sync="TRUE">Double</attrtype><attwidth Sync="TRUE">8</attwidth><atprecis Sync="TRUE">0</atprecis><attscale Sync="TRUE">0</attscale></attr><attr><attrlabl Sync="TRUE">XS_LN_TYP</attrlabl><attalias Sync="TRUE">XS_LN_TYP</attalias><attrtype Sync="TRUE">String</attrtype><attwidth Sync="TRUE">24</attwidth><atprecis Sync="TRUE">0</atprecis><attscale Sync="TRUE">0</attscale></attr><attr><attrlabl Sync="TRUE">WTR_NM</attrlabl><attalias Sync="TRUE">WTR_NM</attalias><attrtype Sync="TRUE">String</attrtype><attwidth Sync="TRUE">100</attwidth><atprecis Sync="TRUE">0</atprecis><attscale Sync="TRUE">0</attscale></attr><attr><attrlabl Sync="TRUE">STRMBED_EL</attrlabl><attalias Sync="TRUE">STRMBED_EL</attalias><attrtype Sync="TRUE">Double</attrtype><attwidth Sync="TRUE">8</attwidth><atprecis Sync="TRUE">0</atprecis><attscale Sync="TRUE">0</attscale></attr><attr><attrlabl Sync="TRUE">WSEL_REG</attrlabl><attalias Sync="TRUE">WSEL_REG</attalias><attrtype Sync="TRUE">Double</attrtype><attwidth Sync="TRUE">8</attwidth><atprecis Sync="TRUE">0</atprecis><attscale Sync="TRUE">0</attscale></attr><attr><attrlabl Sync="TRUE">LEN_UNIT</attrlabl><attalias Sync="TRUE">LEN_UNIT</attalias><attrtype Sync="TRUE">String</attrtype><attwidth Sync="TRUE">16</attwidth><atprecis Sync="TRUE">0</atprecis><attscale Sync="TRUE">0</attscale></attr><attr><attrlabl Sync="TRUE">V_DATUM</attrlabl><attalias Sync="TRUE">V_DATUM</attalias><attrtype Sync="TRUE">String</attrtype><attwidth Sync="TRUE">17</attwidth><atprecis Sync="TRUE">0</atprecis><attscale Sync="TRUE">0</attscale></attr><attr><attrlabl Sync="TRUE">SOURCE_CIT</attrlabl><attalias Sync="TRUE">SOURCE_CIT</attalias><attrtype Sync="TRUE">String</attrtype><attwidth Sync="TRUE">21</attwidth><atprecis Sync="TRUE">0</atprecis><attscale Sync="TRUE">0</attscale></attr><attr><attrlabl Sync="TRUE">Shape_Length</attrlabl><attalias Sync="TRUE">Shape_Length</attalias><attrtype Sync="TRUE">Double</attrtype><attwidth Sync="TRUE">8</attwidth><atprecis Sync="TRUE">0</atprecis><attscale Sync="TRUE">0</attscale><attrdef Sync="TRUE">Length of feature in internal units.</attrdef><attrdefs Sync="TRUE">Esri</attrdefs><attrdomv><udom Sync="TRUE">Positive real numbers that are automatically generated.</udom></attrdomv></attr></detailed></eainfo><mdDateSt Sync="TRUE">20150430</mdDateSt></metadata>
