,STAT_ID,STAT_NO,LATITUDE,LONGITUDE,watershed,BEGIN_YEAR,END_YEAR,num_years,BEGIN_DATE,END_DATE,STATION
1,US1LABG0001,1,30.8516,-93.2661,,2012,2013,1,9/8/2012,1/30/2013,"DERIDDER 1.5 ENE, LA US"
2,US1LABG0002,2,30.4713,-93.1591,,2015,2018,3,6/1/2015,3/21/2018,"RAGLEY 5.0 SE, LA US"
3,US1LACC0003,3,30.2322,-92.9986,,2008,2018,10,6/23/2008,3/19/2018,"IOWA 0.9 ESE, LA US"
4,US1LACC0005,4,30.2545,-93.2694,,2008,2017,9,2/22/2008,8/29/2017,"WESTLAKE 0.7 WNW, LA US"
5,US1LACC0006,5,30.2339,-93.3205,,2008,2018,10,1/29/2008,3/21/2018,"SULPHUR 2.2 E, LA US"
6,US1LACC0009,6,30.3698,-93.0669,,2009,2018,9,2/8/2009,3/16/2018,"IOWA 9.7 NNW, LA US"
7,US1LACC0011,7,30.1992,-93.4048,,2009,2011,2,9/9/2009,5/2/2011,"SULPHUR 3.6 SW, LA US"
8,US1LACC0014,8,30.145,-93.1764,,2011,2018,7,1/5/2011,3/20/2018,"LAKE CHARLES 4.8 SSE, LA US"
9,US1LACC0015,9,30.2297,-93.2167,,2014,2014,0,3/27/2014,10/14/2014,"LAKE CHARLES 1.5 NNW, LA US"
10,US1LACC0016,10,30.3912,-93.4114,,2015,2017,2,11/3/2015,6/1/2017,"DE QUINCY 4.4 SSE, LA US"
11,US1LACC0017,11,30.2308,-93.2109,,2016,2017,1,4/28/2016,1/31/2017,"LAKE CHARLES 1.5 NNW, LA US"
12,US1LACM0003,12,30.0483,-93.2414,,2014,2018,4,4/7/2014,3/21/2018,"LAKE CHARLES 11.5 SSW, LA US"
13,US1LAJD0002,13,30.236,-92.823,,2008,2018,10,2/2/2008,3/21/2018,"WELSH 0.7 W, LA US"
14,US1TXAR0010,14,28.3103,-96.8039,,2012,2013,1,8/4/2012,10/30/2013,"AUSTWELL 6.0 SSE, TX US"
15,US1TXAS0001,15,29.7904,-96.1599,,2009,2013,4,2/20/2009,12/18/2013,"SEALY 1.2 NNW, TX US"
16,US1TXAS0002,16,29.8925,-96.489,,1998,2017,19,6/16/1998,8/28/2017,"NEW ULM 0.1 ENE, TX US"
17,US1TXAS0003,17,29.881,-96.331,,2010,2018,8,4/30/2010,3/21/2018,"CAT SPRING 3.8 N, TX US"
18,US1TXAS0004,18,29.9515,-96.2544,,2011,2018,7,2/7/2011,3/21/2018,"BELLVILLE 0.4 NE, TX US"
19,US1TXAS0005,19,29.7757,-96.1581,,2007,2018,11,7/2/2007,3/21/2018,"SEALY 0.3 WNW, TX US"
20,US1TXAS0006,20,29.8029,-96.1211,,2010,2018,8,9/30/2010,3/21/2018,"SAN FELIPE 1.0 WNW, TX US"
21,US1TXAS0007,21,29.7987,-96.1392,,2011,2018,7,12/31/2011,3/21/2018,"SEALY 1.9 NNE, TX US"
22,US1TXAS0008,22,30.0255,-96.4733,,2012,2016,4,7/9/2012,12/2/2016,"INDUSTRY 4.0 NNE, TX US"
23,US1TXAS0010,23,29.8322,-96.162,,2013,2013,0,4/8/2013,9/8/2013,"SEALY 4.1 N, TX US"
24,US1TXAS0011,24,29.8553,-96.3207,,2013,2016,3,11/1/2013,3/23/2016,"CAT SPRING 0.7 NNE, TX US"
25,US1TXAS0012,25,29.8662,-96.3264,,2014,2018,4,1/28/2014,3/17/2018,"CAT SPRING 1.4 N, TX US"
26,US1TXAS0014,26,29.9082,-96.139,,2014,2017,3,12/31/2014,2/6/2017,"BELLVILLE 7.6 ESE, TX US"
27,US1TXAS0015,27,30.0341,-96.2209,,2014,2018,4,12/31/2014,3/19/2018,"BELLVILLE 6.5 NNE, TX US"
28,US1TXAS0016,28,30.0171,-96.2825,,2015,2015,0,1/31/2015,11/17/2015,"BELLVILLE 5.1 NNW, TX US"
29,US1TXAS0017,29,29.6411,-96.051,,2015,2018,3,3/17/2015,1/8/2018,"WALLIS 1.1 NE, TX US"
30,US1TXAS0018,30,29.9508,-96.2452,,2017,2018,1,2/2/2017,3/20/2018,"BELLVILLE 0.9 ENE, TX US"
31,US1TXBRL007,31,30.5475,-96.5282,,2012,2014,2,12/14/2012,1/26/2014,"TUNIS 0.2 NW, TX US"
32,US1TXBRZ012,32,29.1602,-95.7205,,2009,2015,6,6/1/2009,9/11/2015,"WEST COLUMBIA 4.6 WNW, TX US"
33,US1TXBRZ013,33,29.5394,-95.2462,,2009,2010,1,7/31/2009,7/28/2010,"PEARLAND 2.1 ESE, TX US"
34,US1TXBRZ017,34,29.3912,-95.2353,,1998,2014,16,6/16/1998,12/30/2014,"ALVIN 2.9 SSE, TX US"
35,US1TXBRZ018,35,29.4176,-95.2673,,2012,2018,6,2/16/2012,3/5/2018,"ALVIN 1.6 SW, TX US"
36,US1TXBRZ020,36,29.0296,-95.451,,2012,2017,5,7/10/2012,10/30/2017,"LAKE JACKSON 0.9 SSW, TX US"
37,US1TXBRZ021,37,29.1696,-95.4068,,2012,2018,6,10/21/2012,3/21/2018,"ANGLETON 1.3 E, TX US"
38,US1TXBRZ025,38,29.5478,-95.3485,,2013,2018,5,4/3/2013,3/21/2018,"PEARLAND 4.4 W, TX US"
39,US1TXBRZ027,39,29.0269,-95.4337,,2014,2017,3,4/2/2014,12/22/2017,"LAKE JACKSON 1.3 SE, TX US"
40,US1TXBRZ032,40,29.043,-95.4202,,2015,2018,3,5/29/2015,3/20/2018,"LAKE JACKSON 1.6 E, TX US"
41,US1TXBZS004,41,30.6389,-96.3222,,2009,2013,4,2/8/2009,1/30/2013,"COLLEGE STATION 2.7 NNW, TX US"
42,US1TXBZS012,42,30.565,-96.2856,,2009,2010,1,2/8/2009,11/24/2010,"COLLEGE STATION 2.9 SSE, TX US"
43,US1TXBZS013,43,30.5836,-96.3138,,2009,2009,0,2/8/2009,8/10/2009,"COLLEGE STATION 1.2 S, TX US"
44,US1TXBZS017,44,30.6035,-96.2862,,2009,2012,3,2/9/2009,8/8/2012,"COLLEGE STATION 1.6 E, TX US"
45,US1TXBZS020,45,30.6186,-96.2862,,2009,2014,5,2/8/2009,5/12/2014,"COLLEGE STATION 2.0 NE, TX US"
46,US1TXBZS022,46,30.619,-96.298,,2009,2010,1,2/9/2009,5/2/2010,"COLLEGE STATION 1.5 NE, TX US"
47,US1TXBZS034,47,30.6161,-96.3351,,2009,2010,1,2/24/2009,5/1/2010,"COLLEGE STATION 1.7 NW, TX US"
48,US1TXBZS040,48,30.6277,-96.2089,,2015,2018,3,10/27/2015,3/18/2018,"COLLEGE STATION 6.4 ENE, TX US"
49,US1TXBZS041,49,30.5636,-96.2873,,2009,2012,3,7/27/2009,5/14/2012,"COLLEGE STATION 3.0 SSE, TX US"
50,US1TXBZS042,50,30.6188,-96.3373,,2009,2012,3,8/25/2009,1/11/2012,"COLLEGE STATION 1.9 NW, TX US"
51,US1TXBZS043,51,30.6207,-96.3238,,2009,2010,1,9/5/2009,12/29/2010,"COLLEGE STATION 1.6 NNW, TX US"
52,US1TXBZS050,52,30.594,-96.327,,2010,2010,0,2/5/2010,6/17/2010,"COLLEGE STATION 1.0 WSW, TX US"
53,US1TXBZS062,53,30.6611,-96.3147,,2010,2010,0,2/9/2010,6/1/2010,"BRYAN 3.0 E, TX US"
54,US1TXBZS075,54,30.6014,-96.3145,,2011,2017,6,6/7/2011,8/27/2017,"COLLEGE STATION 0.1 WNW, TX US"
55,US1TXBZS077,55,30.647,-96.3237,,2010,2017,7,9/4/2010,5/23/2017,"BRYAN 2.9 ESE, TX US"
56,US1TXBZS083,56,30.6236,-96.3479,,2011,2013,2,8/17/2011,12/13/2013,"COLLEGE STATION 2.6 NW, TX US"
57,US1TXBZS088,57,30.7138,-96.3902,,2013,2018,5,5/24/2013,3/21/2018,"BRYAN 3.5 NNW, TX US"
58,US1TXBZS092,58,30.5774,-96.3146,,2014,2017,3,8/31/2014,8/25/2017,"COLLEGE STATION 1.6 S, TX US"
59,US1TXBZS096,59,30.6042,-96.3284,,2016,2018,2,7/10/2016,1/6/2018,"COLLEGE STATION 1.0 WNW, TX US"
60,US1TXBZS097,60,30.624,-96.3199,,2016,2018,2,7/28/2016,3/18/2018,"COLLEGE STATION 1.7 NNW, TX US"
61,US1TXBZS098,61,30.7714,-96.3734,,1998,2018,20,6/16/1998,3/21/2018,"BRYAN 7.1 N, TX US"
62,US1TXBZS099,62,30.6216,-96.399,,2016,2018,2,8/12/2016,3/21/2018,"BRYAN 3.8 SSW, TX US"
63,US1TXBZS100,63,30.5595,-96.3711,,2016,2018,2,8/13/2016,3/21/2018,"COLLEGE STATION 4.5 SW, TX US"
64,US1TXBZS102,64,30.6338,-96.351,,2016,2018,2,9/3/2016,3/21/2018,"BRYAN 2.5 SSE, TX US"
65,US1TXBZS103,65,30.5994,-96.3257,,2017,2018,1,1/8/2017,3/21/2018,"COLLEGE STATION 0.8 W, TX US"
66,US1TXCHM002,66,29.8697,-94.4002,,2008,2009,1,2/16/2008,4/27/2009,"WINNIE 3.9 NNW, TX US"
67,US1TXCHM003,67,29.8768,-94.4038,,2008,2009,1,2/22/2008,4/27/2009,"WINNIE 4.4 NNW, TX US"
68,US1TXCHM005,68,29.7793,-94.8456,,2009,2011,2,4/22/2009,6/6/2011,"BAYTOWN 8.0 NE, TX US"
69,US1TXCHM006,69,29.644,-94.6946,,2009,2012,3,11/28/2009,6/15/2012,"ANAHUAC 8.4 S, TX US"
70,US1TXCHM008,70,29.8722,-94.8893,Q,2012,2018,6,4/26/2012,3/20/2018,"MONT BELVIEU 1.5 NNW, TX US"
71,US1TXCLH001,71,28.4083,-96.6309,,2007,2018,11,9/11/2007,2/21/2018,"SEADRIFT 5.1 E, TX US"
72,US1TXCLH002,72,28.6225,-96.6334,,2007,2015,8,9/12/2007,6/16/2015,"PORT LAVACA 0.9 NW, TX US"
73,US1TXCLH003,73,28.4105,-96.7167,,2009,2012,3,5/21/2009,5/10/2012,"SEADRIFT 0.3 SSW, TX US"
74,US1TXCLH004,74,28.5122,-96.4876,,2007,2014,7,10/19/2007,9/20/2014,"INDIANOLA 1.3 SE, TX US"
75,US1TXCLH007,75,28.5822,-96.5731,,2009,2012,3,3/18/2009,7/14/2012,"PORT LAVACA 3.7 SE, TX US"
76,US1TXCLH008,76,28.6082,-96.6416,,2009,2010,1,5/23/2009,1/19/2010,"PORT LAVACA 1.3 WSW, TX US"
77,US1TXCLH009,77,28.4153,-96.7055,,2010,2017,7,5/8/2010,9/8/2017,"SEADRIFT 0.6 E, TX US"
78,US1TXCLH010,78,28.6831,-96.5551,,2010,2012,2,5/6/2010,12/10/2012,"POINT COMFORT 0.8 N, TX US"
79,US1TXCLH012,79,28.6004,-96.7314,,2012,2017,5,7/2/2012,10/22/2017,"PORT LAVACA 6.8 W, TX US"
80,US1TXCLH013,80,28.6471,-96.6942,,2012,2013,1,9/18/2012,2/25/2013,"PORT LAVACA 5.0 WNW, TX US"
81,US1TXCLH014,81,28.6605,-96.6353,,2013,2017,4,5/12/2013,11/8/2017,"PORT LAVACA 3.3 NNW, TX US"
82,US1TXCLH015,82,28.4378,-96.639,,2013,2018,5,9/7/2013,3/21/2018,"SEADRIFT 4.9 ENE, TX US"
83,US1TXCLH016,83,28.562,-96.5423,,2017,2017,0,3/31/2017,8/24/2017,"PORT LAVACA 6.0 SE, TX US"
84,US1TXCLR003,84,29.456,-96.4049,,2009,2018,9,11/30/2009,2/21/2018,"GARWOOD 0.7 NW, TX US"
85,US1TXCLR004,85,29.7088,-96.7952,,2011,2016,5,6/16/2011,8/22/2016,"WEIMAR 1.2 WNW, TX US"
86,US1TXCLR006,86,29.7891,-96.477,,2012,2018,6,5/7/2012,3/17/2018,"NEW ULM 7.2 S, TX US"
87,US1TXCLR009,87,29.6801,-96.5975,,2013,2018,5,9/1/2013,3/15/2018,"COLUMBUS 3.2 WSW, TX US"
88,US1TXCLR010,88,29.8188,-96.478,,2013,2018,5,11/3/2013,3/19/2018,"NEW ULM 5.1 S, TX US"
89,US1TXFB0001,89,29.4649,-95.8279,,2007,2012,5,5/25/2007,8/5/2012,"NEEDVILLE 4.8 N, TX US"
90,US1TXFB0002,90,29.6945,-95.8264,T,2007,2013,6,8/20/2007,12/29/2013,"FULSHEAR 3.5 E, TX US"
91,US1TXFB0005,91,29.6107,-95.6335,,2007,2018,11,10/29/2007,3/18/2018,"SUGAR LAND .5 SE, TX US"
92,US1TXFB0010,92,29.537,-95.6875,,2008,2012,4,8/16/2008,2/4/2012,"RICHMOND 5.6 ESE, TX US"
93,US1TXFB0011,93,29.5044,-95.5169,,2008,2014,6,11/23/2008,8/17/2014,"MISSOURI CITY 4.8 SSE, TX US"
94,US1TXFB0012,94,29.6166,-95.6332,,2008,2018,10,11/21/2008,3/21/2018,"SUGAR LAND 1.0 W, TX US"
95,US1TXFB0014,95,29.4008,-95.7959,,2009,2010,1,5/21/2009,11/10/2010,"NEEDVILLE 2.6 E, TX US"
96,US1TXFB0017,96,29.6176,-95.7268,,2009,2018,9,10/18/2009,3/17/2018,"RICHMOND 3.4 NE, TX US"
97,US1TXFB0018,97,29.612,-95.7318,,2009,2018,9,10/29/2009,3/11/2018,"RICHMOND 2.9 NE, TX US"
98,US1TXFB0020,98,29.6084,-95.5421,C,2010,2010,0,3/24/2010,8/9/2010,"STAFFORD 1.7 SE, TX US"
99,US1TXFB0022,99,29.5261,-95.7221,,2012,2018,6,2/6/2012,3/21/2018,"RICHMOND 4.6 SE, TX US"
100,US1TXFB0024,100,29.74,-95.7498,T,2012,2013,1,6/6/2012,8/15/2013,"KATY 6.0 SE, TX US"
101,US1TXFB0025,101,29.6388,-95.6269,,2012,2017,5,4/30/2012,8/26/2017,"SUGAR LAND 1.5 NNW, TX US"
102,US1TXFB0027,102,29.5828,-95.6294,,2012,2018,6,6/23/2012,3/15/2018,"SUGAR LAND 2.6 SSW, TX US"
103,US1TXFB0028,103,29.4702,-95.4934,,2013,2017,4,3/12/2013,8/31/2017,"MISSOURI CITY 7.5 SSE, TX US"
104,US1TXFB0030,104,29.7018,-95.8007,T,2013,2017,4,4/22/2013,1/11/2017,"KATY 6.8 SSE, TX US"
105,US1TXFB0032,105,29.7074,-95.9397,,1998,2017,19,6/16/1998,12/17/2017,"FULSHEAR 2.7 WNW, TX US"
106,US1TXFB0040,106,29.5681,-95.6399,,2014,2017,3,7/16/2014,1/7/2017,"SUGAR LAND 3.8 SSW, TX US"
107,US1TXFB0042,107,29.557,-95.74,,2015,2018,3,6/13/2015,3/19/2018,"RICHMOND 2.3 SE, TX US"
108,US1TXFB0043,108,29.4883,-95.5087,,2015,2016,1,5/13/2015,10/15/2016,"MISSOURI CITY 6.0 SSE, TX US"
109,US1TXFB0044,109,29.5571,-95.5227,,2015,2016,1,4/30/2015,2/23/2016,"MISSOURI CITY 1.3 SE, TX US"
110,US1TXFB0051,110,29.6408,-95.739,,2017,2018,1,1/18/2017,3/13/2018,"RICHMOND 4.4 NNE, TX US"
111,US1TXFY0002,111,30.0648,-96.6983,,2007,2018,11,8/26/2007,3/17/2018,"ROUND TOP 0.2 W, TX US"
112,US1TXFY0033,112,29.8965,-96.6866,,2009,2018,9,10/15/2009,3/21/2018,"FAYETTEVILLE 1.0 SW, TX US"
113,US1TXFY0035,113,30.0158,-96.6215,,2010,2014,4,4/30/2010,10/2/2014,"ROUND TOP 5.6 SE, TX US"
114,US1TXFY0042,114,29.9006,-96.8007,,2013,2017,4,2/28/2013,8/28/2017,"LA GRANGE 4.7 E, TX US"
115,US1TXFY0050,115,29.8224,-96.7873,,2016,2018,2,5/12/2016,3/18/2018,"LA GRANGE 8.1 SE, TX US"
116,US1TXGM0001,116,30.6754,-96.0912,,2009,2012,3,3/31/2009,7/10/2012,"IOLA 6.8 SSW, TX US"
117,US1TXGM0003,117,30.76,-96.07,,2012,2015,3,4/13/2012,10/24/2015,"IOLA 0.9 SSE, TX US"
118,US1TXGM0007,118,30.6348,-96.1423,,2016,2018,2,7/22/2016,3/21/2018,"IOLA 10.4 SSW, TX US"
119,US1TXGV0001,119,29.4764,-95.0273,,2006,2009,3,8/29/2006,10/21/2009,"DICKINSON 2.8 ENE, TX US"
120,US1TXGV0003,120,29.5158,-95.0499,,2006,2010,4,9/24/2006,3/18/2010,"KEMAH 2.0 WSW, TX US"
121,US1TXGV0004,121,29.5033,-95.1085,,2006,2009,3,9/30/2006,12/6/2009,"LEAGUE CITY 1.2 N, TX US"
122,US1TXGV0005,122,29.4867,-95.2072,,2006,2018,12,10/9/2006,3/10/2018,"FRIENDSWOOD 1.9 SSW, TX US"
123,US1TXGV0006,123,29.323,-94.9349,,2007,2018,11,7/31/2007,3/15/2018,"BAYOU VISTA 0.2 SE, TX US"
124,US1TXGV0007,124,29.456,-95.0891,,2007,2014,7,9/11/2007,4/14/2014,"DICKINSON 1.4 W, TX US"
125,US1TXGV0009,125,29.4555,-95.0889,,2008,2018,10,1/15/2008,3/9/2018,"DICKINSON 1.4 W, TX US"
126,US1TXGV0013,126,29.5068,-95.0557,,2009,2011,2,1/2/2009,7/31/2011,"LEAGUE CITY 2.4 E, TX US"
127,US1TXGV0014,127,29.4843,-95.1482,,2009,2011,2,1/5/2009,9/18/2011,"LEAGUE CITY 2.4 W, TX US"
128,US1TXGV0015,128,29.5057,-95.1242,,2009,2017,8,4/16/2009,8/25/2017,"LEAGUE CITY 1.7 NW, TX US"
129,US1TXGV0016,129,29.4808,-95.138,,2009,2015,6,5/2/2009,8/16/2015,"LEAGUE CITY 1.9 W, TX US"
130,US1TXGV0017,130,29.406,-94.9341,,2009,2018,9,5/3/2009,3/15/2018,"TEXAS CITY 1.5 E, TX US"
131,US1TXGV0018,131,29.2824,-94.805,,2009,2018,9,7/19/2009,3/19/2018,"GALVESTON 6.4 NE, TX US"
132,US1TXGV0021,132,29.4941,-95.1188,,1998,2015,17,6/16/1998,8/20/2015,"LEAGUE CITY 0.9 NW, TX US"
133,US1TXGV0022,133,29.511,-95.0898,,2010,2018,8,8/31/2010,3/21/2018,"LEAGUE CITY 2.1 NNE, TX US"
134,US1TXGV0023,134,29.5201,-95.056,,2010,2015,5,9/30/2010,10/19/2015,"KEMAH 2.2 WSW, TX US"
135,US1TXGV0024,135,29.4944,-95.1036,,2010,2015,5,9/30/2010,12/19/2015,"LEAGUE CITY 0.7 NNE, TX US"
136,US1TXGV0025,136,29.512,-95.0994,,2010,2016,6,6/30/2010,5/7/2016,"LEAGUE CITY 1.5 NE, TX US"
137,US1TXGV0026,137,29.5139,-95.0919,,2011,2015,4,3/31/2011,10/19/2015,"LEAGUE CITY 2.2 NNE, TX US"
138,US1TXGV0027,138,29.3059,-94.7895,,2011,2016,5,9/11/2011,2/27/2016,"GALVESTON 8.1 NE, TX US"
139,US1TXGV0028,139,29.5037,-95.1023,,1998,2015,17,6/16/1998,10/19/2015,"LEAGUE CITY 1.3 NNE, TX US"
140,US1TXGV0029,140,29.5303,-95.0236,,2011,2018,7,12/19/2011,3/18/2018,"KEMAH 0.2 WNW, TX US"
141,US1TXGV0033,141,29.4147,-95.1159,,2012,2018,6,3/19/2012,2/25/2018,"SANTA FE 2.5 NNW, TX US"
142,US1TXGV0034,142,29.5407,-95.0698,,2012,2018,6,3/21/2012,3/21/2018,"LEAGUE CITY 2.7 NE, TX US"
143,US1TXGV0035,143,29.3833,-95.1034,,2012,2013,1,3/26/2012,11/22/2013,"SANTA FE 0.3 WNW, TX US"
144,US1TXGV0036,144,29.4053,-94.9092,,2012,2015,3,4/5/2012,10/19/2015,"TEXAS CITY 3.0 E, TX US"
145,US1TXGV0037,145,29.4031,-94.8986,,2012,2015,3,4/5/2012,10/19/2015,"TEXAS CITY 3.6 E, TX US"
146,US1TXGV0038,146,29.5111,-95.0919,,2012,2015,3,3/31/2012,10/19/2015,"LEAGUE CITY 2.0 NNE, TX US"
147,US1TXGV0041,147,29.4498,-95.0927,,2012,2017,5,7/25/2012,12/25/2017,"LEAGUE CITY 2.6 SSE, TX US"
148,US1TXGV0043,148,29.4765,-94.5803,,2013,2018,5,4/10/2013,3/20/2018,"CRYSTAL BEACH 3.7 ENE, TX US"
149,US1TXGV0044,149,29.5014,-94.9898,,2012,2018,6,12/31/2012,3/21/2018,"BACLIFF 0.5 SSE, TX US"
150,US1TXGV0045,150,29.2726,-94.8448,,2013,2014,1,4/27/2013,8/27/2014,"GALVESTON 3.5 SW, TX US"
151,US1TXGV0046,151,29.5231,-95.0382,,2013,2018,5,6/23/2013,3/21/2018,"LEAGUE CITY 3.6 ENE, TX US"
152,US1TXGV0049,152,29.334,-94.9399,,2014,2018,4,8/6/2014,3/18/2018,"LA MARQUE 3.9 SE, TX US"
153,US1TXGV0050,153,29.5098,-95.0862,,2014,2016,2,9/16/2014,11/30/2016,"LEAGUE CITY 2.1 NE, TX US"
154,US1TXGV0051,154,29.3633,-94.9644,,2015,2018,3,1/22/2015,3/21/2018,"LA MARQUE 1.8 E, TX US"
155,US1TXGV0052,155,29.478,-95.1648,,2014,2018,4,8/31/2014,2/25/2018,"LEAGUE CITY 3.5 W, TX US"
156,US1TXGV0054,156,29.3017,-94.7809,,2015,2018,3,2/2/2015,3/5/2018,"GALVESTON 8.4 NE, TX US"
157,US1TXGV0060,157,29.3716,-95.099,,2017,2018,1,2/21/2017,3/18/2018,"SANTA FE 0.7 S, TX US"
158,US1TXGV0063,158,29.5001,-95.1873,,2017,2018,1,1/1/2017,3/21/2018,"FRIENDSWOOD 1.0 SE, TX US"
159,US1TXGV0064,159,29.338,-95.0261,,2017,2018,1,5/9/2017,3/21/2018,"HITCHCOCK 1.6 NNW, TX US"
160,US1TXHRN001,160,30.272,-94.2201,,2008,2018,10,2/16/2008,3/21/2018,"LUMBERTON 1.2 WNW, TX US"
161,US1TXHRN002,161,30.2179,-94.3287,,2009,2017,8,12/31/2009,4/22/2017,"KOUNTZE 10.6 SSW, TX US"
162,US1TXHRN005,162,30.3723,-94.3159,,2015,2018,3,11/30/2015,3/17/2018,"KOUNTZE 0.0 WSW, TX US"
163,US1TXHRN006,163,30.357,-94.3161,,2016,2018,2,8/27/2016,3/21/2018,"KOUNTZE 1.1 S, TX US"
164,US1TXHRN007,164,30.3166,-94.351,,2016,2017,1,9/15/2016,3/3/2017,"KOUNTZE 4.4 SSW, TX US"
165,US1TXHRR001,165,29.5822,-95.1299,,2006,2007,1,9/20/2006,2/22/2007,"WEBSTER 3.5 NNW, TX US"
166,US1TXHRR002,166,29.7207,-95.3073,D,2006,2009,3,8/29/2006,4/27/2009,"HOUSTON 5.8 SE, TX US"
167,US1TXHRR004,167,29.7129,-95.6688,D,2006,2017,11,11/30/2006,10/21/2017,"MISSION BEND 1.4 N, TX US"
168,US1TXHRR015,168,30.0022,-95.196,G,2007,2018,11,10/14/2007,3/21/2018,"KINGWOOD 3.9 S, TX US"
169,US1TXHRR017,169,29.781,-95.4759,W,2007,2012,5,12/14/2007,8/18/2012,"HILSHIRE VILLAGE 1.0 SE, TX US"
170,US1TXHRR018,170,29.7276,-95.3846,W,1998,2014,16,6/16/1998,8/25/2014,"HOUSTON 2.8 S, TX US"
171,US1TXHRR019,171,29.9248,-95.0759,,2008,2010,2,2/22/2008,11/2/2010,"CROSBY 1.3 NW, TX US"
172,US1TXHRR020,172,29.7845,-95.372,E,2008,2014,6,3/2/2008,6/19/2014,"HOUSTON 1.4 NE, TX US"
173,US1TXHRR023,173,29.5767,-95.1611,,2008,2008,0,3/31/2008,9/21/2008,"WEBSTER 4.0 NW, TX US"
174,US1TXHRR024,174,29.5743,-95.0633,,2008,2016,8,4/27/2008,4/25/2016,"TAYLOR LAKE VILLAGE 0.5 W, TX US"
175,US1TXHRR026,175,29.7087,-95.4391,D,2008,2012,4,4/9/2008,7/11/2012,"WEST UNIVERSITY PLACE 0.6 SW, TX US"
176,US1TXHRR027,176,29.8138,-95.5505,W,2008,2018,10,5/14/2008,3/21/2018,"BUNKER HILL VILLAGE 3.6 NNW, TX US"
177,US1TXHRR028,177,29.5371,-95.1215,,2008,2018,10,5/7/2008,3/21/2018,"WEBSTER 0.4 NW, TX US"
178,US1TXHRR029,178,30.0981,-95.6267,M,2008,2011,3,5/14/2008,10/27/2011,"TOMBALL 0.6 W, TX US"
179,US1TXHRR031,179,29.5453,-95.1821,,2008,2018,10,9/2/2008,3/18/2018,"FRIENDSWOOD 2.5 NNE, TX US"
180,US1TXHRR032,180,29.6077,-95.2561,,2008,2018,10,10/12/2008,3/16/2018,"SOUTH HOUSTON 4.0 SSW, TX US"
181,US1TXHRR033,181,30.0553,-95.1564,G,2008,2018,10,8/31/2008,3/21/2018,"KINGWOOD 1.8 E, TX US"
182,US1TXHRR034,182,29.8949,-95.2123,P,2008,2009,1,9/30/2008,7/22/2009,"HOUSTON 13.0 NE, TX US"
183,US1TXHRR036,183,29.8111,-95.7279,U,2009,2012,3,11/30/2009,5/11/2012,"KATY 5.8 E, TX US"
184,US1TXHRR041,184,29.8936,-95.6716,U,2009,2012,3,3/24/2009,7/16/2012,"JERSEY VILLAGE 6.2 W, TX US"
185,US1TXHRR043,185,30.0803,-95.7178,M,2009,2018,9,4/15/2009,3/9/2018,"TOMBALL 6.2 W, TX US"
186,US1TXHRR044,186,29.664,-95.0662,,2011,2016,5,5/11/2011,11/23/2016,"LA PORTE 1.3 W, TX US"
187,US1TXHRR046,187,29.7795,-95.1449,,2009,2012,3,5/31/2009,6/17/2012,"CHANNELVIEW 1.9 WSW, TX US"
188,US1TXHRR050,188,29.8025,-95.7104,U,2009,2012,3,8/26/2009,9/1/2012,"KATY 6.8 E, TX US"
189,US1TXHRR051,189,29.7495,-95.7355,T,2009,2013,4,9/30/2009,7/22/2013,"KATY 6.2 ESE, TX US"
190,US1TXHRR052,190,29.567,-95.0982,,2009,2018,9,9/16/2009,3/14/2018,"NASSAU BAY 1.6 NNW, TX US"
191,US1TXHRR058,191,29.8133,-95.5389,W,2009,2018,9,10/28/2009,3/18/2018,"SPRING VALLEY 2.7 NW, TX US"
192,US1TXHRR059,192,30.1512,-95.4667,J,2009,2015,6,11/4/2009,2/24/2015,"THE WOODLANDS 1.4 ESE, TX US"
193,US1TXHRR060,193,29.62,-95.0163,,2009,2011,2,11/12/2009,1/5/2011,"SHOREACRES 0.9 W, TX US"
194,US1TXHRR061,194,29.6239,-95.0301,,2009,2010,1,11/12/2009,10/28/2010,"SHOREACRES 1.8 WNW, TX US"
195,US1TXHRR069,195,29.7353,-95.3347,D,2010,2011,1,6/17/2010,2/20/2011,"HOUSTON 3.9 SE, TX US"
196,US1TXHRR070,196,29.9657,-95.6411,K,2010,2013,3,11/7/2010,9/15/2013,"CYPRESS 3.4 E, TX US"
197,US1TXHRR073,197,29.6784,-95.5163,D,2011,2011,0,4/30/2011,11/15/2011,"HOUSTON 9.9 SW, TX US"
198,US1TXHRR074,198,29.9564,-95.6463,K,2010,2018,8,6/5/2010,3/21/2018,"CYPRESS 3.2 ESE, TX US"
199,US1TXHRR075,199,29.7559,-94.9556,O,2011,2012,1,6/30/2011,2/20/2012,"BAYTOWN 1.0 ENE, TX US"
200,US1TXHRR076,200,29.6471,-95.1895,,2011,2016,5,6/27/2011,2/6/2016,"PASADENA 2.4 WSW, TX US"
201,US1TXHRR080,201,30.0943,-95.5458,M,2011,2014,3,7/29/2011,6/26/2014,"TOMBALL 4.2 E, TX US"
202,US1TXHRR081,202,29.9861,-95.4905,P,2011,2015,4,8/29/2011,2/8/2015,"HOUSTON 16.4 NNW, TX US"
203,US1TXHRR084,203,29.6339,-95.1881,,2011,2017,6,11/9/2011,7/17/2017,"PASADENA 2.8 SW, TX US"
204,US1TXHRR085,204,29.8066,-95.5607,W,2011,2014,3,12/31/2011,9/27/2014,"HOUSTON 11.8 WNW, TX US"
205,US1TXHRR086,205,29.775,-94.9253,Q,2012,2014,2,3/17/2012,5/26/2014,"BAYTOWN 3.2 NE, TX US"
206,US1TXHRR089,206,29.5289,-95.1852,,2012,2018,6,3/22/2012,3/15/2018,"FRIENDSWOOD 1.4 NNE, TX US"
207,US1TXHRR093,207,29.6849,-95.2197,,2012,2018,6,4/9/2012,3/21/2018,"PASADENA 4.4 WNW, TX US"
208,US1TXHRR094,208,29.6746,-95.2104,,2012,2014,2,3/27/2012,3/14/2014,"PASADENA 3.6 WNW, TX US"
209,US1TXHRR095,209,29.5993,-95.1161,,2012,2018,6,4/15/2012,3/9/2018,"TAYLOR LAKE VILLAGE 4.1 WNW, TX US"
210,US1TXHRR102,210,29.6935,-94.9359,Q,2012,2014,2,4/25/2012,11/16/2014,"BAYTOWN 4.3 SSE, TX US"
211,US1TXHRR113,211,29.728,-95.2165,G,2012,2014,2,6/7/2012,7/31/2014,"GALENA PARK 1.6 SE, TX US"
212,US1TXHRR114,212,30.0212,-95.8043,K,2012,2018,6,5/31/2012,3/9/2018,"HOCKLEY 2.5 ESE, TX US"
213,US1TXHRR116,213,29.8121,-95.8177,T,1998,2018,20,6/16/1998,3/17/2018,"KATY 1.0 NNE, TX US"
214,US1TXHRR117,214,30.1135,-95.5748,M,2012,2018,6,7/7/2012,3/21/2018,"TOMBALL 2.7 ENE, TX US"
215,US1TXHRR118,215,30.1345,-95.5547,M,2012,2014,2,7/9/2012,7/15/2014,"TOMBALL 4.5 NE, TX US"
216,US1TXHRR119,216,29.718,-95.4369,D,2012,2018,6,7/12/2012,3/20/2018,"WEST UNIVERSITY PLACE 0.4 WNW, TX US"
217,US1TXHRR120,217,30.0464,-95.5784,K,2012,2016,4,8/23/2012,7/17/2016,"SPRING 10.0 WSW, TX US"
218,US1TXHRR121,218,29.5839,-95.1414,,2012,2016,4,10/16/2012,8/31/2016,"CLEAR LAKE CITY 1.0 NNE, TX US"
219,US1TXHRR122,219,29.7054,-95.6652,D,2013,2018,5,1/6/2013,3/21/2018,"MISSION BEND 0.8 N, TX US"
220,US1TXHRR124,220,30.0075,-95.4846,K,2013,2018,5,3/5/2013,3/21/2018,"SPRING 7.1 WSW, TX US"
221,US1TXHRR128,221,30.1016,-95.5181,M,2013,2014,1,2/28/2013,7/11/2014,"SPRING 8.5 WNW, TX US"
222,US1TXHRR134,222,29.56,-95.1101,,2013,2014,1,3/17/2013,11/16/2014,"NASSAU BAY 1.7 NW, TX US"
223,US1TXHRR138,223,29.9861,-95.4042,P,2013,2014,1,3/16/2013,1/5/2014,"ALDINE 5.3 NNW, TX US"
224,US1TXHRR139,224,29.7851,-95.2015,P,2013,2018,5,3/14/2013,3/21/2018,"CLOVERLEAF 1.7 W, TX US"
225,US1TXHRR147,225,29.6172,-95.2341,,2013,2017,4,3/24/2013,9/22/2017,"SOUTH HOUSTON 3.0 S, TX US"
226,US1TXHRR150,226,30.0651,-95.1997,G,2013,2018,5,3/31/2013,3/5/2018,"KINGWOOD 0.9 WNW, TX US"
227,US1TXHRR151,227,29.6935,-95.432,D,2013,2014,1,4/5/2013,5/27/2014,"HOUSTON 5.9 SSW, TX US"
228,US1TXHRR159,228,29.9316,-95.5665,P,2012,2017,5,5/10/2012,8/7/2017,"JERSEY VILLAGE 3.0 N, TX US"
229,US1TXHRR162,229,29.6954,-95.53,D,2013,2018,5,4/21/2013,3/21/2018,"BELLAIRE 4.2 W, TX US"
230,US1TXHRR164,230,29.9326,-95.6258,E,2013,2018,5,4/11/2013,2/24/2018,"JERSEY VILLAGE 4.6 NW, TX US"
231,US1TXHRR165,231,29.7858,-95.3735,E,2013,2018,5,5/7/2013,3/20/2018,"HOUSTON 1.4 NE, TX US"
232,US1TXHRR166,232,30.0072,-95.4926,K,2013,2014,1,5/9/2013,5/12/2014,"SPRING 7.5 WSW, TX US"
233,US1TXHRR168,233,29.5761,-95.214,,2013,2018,5,4/13/2013,3/20/2018,"PEARLAND 4.0 ENE, TX US"
234,US1TXHRR170,234,29.5308,-95.181,,2013,2017,4,5/11/2013,9/28/2017,"FRIENDSWOOD 1.6 NE, TX US"
235,US1TXHRR176,235,29.8054,-95.4529,E,2013,2018,5,4/30/2013,3/21/2018,"HOUSTON 4.7 WNW, TX US"
236,US1TXHRR187,236,29.8207,-95.7256,U,2013,2014,1,8/16/2013,1/4/2014,"KATY 6.0 ENE, TX US"
237,US1TXHRR199,237,30.1343,-95.525,M,2014,2016,2,3/14/2014,12/2/2016,"SPRING 9.8 WNW, TX US"
238,US1TXHRR201,238,29.7491,-95.3943,W,2014,2014,0,3/13/2014,7/20/2014,"HOUSTON 1.4 SSW, TX US"
239,US1TXHRR203,239,29.7946,-95.5261,W,2014,2018,4,4/10/2014,3/21/2018,"HEDWIG VILLAGE 1.1 NNW, TX US"
240,US1TXHRR208,240,29.7649,-95.7493,T,2014,2016,2,6/9/2014,4/12/2016,"KATY 5.0 ESE, TX US"
241,US1TXHRR209,241,29.7973,-95.3741,E,2014,2018,4,6/20/2014,3/21/2018,"HOUSTON 2.1 NNE, TX US"
242,US1TXHRR211,242,29.7538,-95.4891,W,2014,2016,2,9/20/2014,7/19/2016,"HOUSTON 6.2 W, TX US"
243,US1TXHRR215,243,30.0698,-95.114,,2015,2016,1,3/11/2015,8/24/2016,"KINGWOOD 4.4 E, TX US"
244,US1TXHRR217,244,29.5548,-95.1255,,2015,2017,2,4/3/2015,12/16/2017,"WEBSTER 1.6 NNW, TX US"
245,US1TXHRR222,245,29.766,-95.7086,T,2015,2018,3,8/15/2015,3/18/2018,"MISSION BEND 5.7 NNW, TX US"
246,US1TXHRR225,246,30.0342,-95.6226,K,2015,2018,3,12/20/2015,3/16/2018,"TOMBALL 4.3 S, TX US"
247,US1TXHRR228,247,29.7948,-95.737,U,2016,2018,2,4/13/2016,3/21/2018,"KATY 5.2 E, TX US"
248,US1TXHRR232,248,29.7398,-95.3977,W,2016,2018,2,4/2/2016,3/18/2018,"HOUSTON 2.1 SSW, TX US"
249,US1TXHRR234,249,29.6703,-94.9945,,2016,2017,1,12/31/2016,6/3/2017,"MORGAN S POINT 0.8 ESE, TX US"
250,US1TXHRR236,250,29.7468,-95.6015,W,2017,2018,1,2/17/2017,3/17/2018,"BUNKER HILL VILLAGE 4.4 WSW, TX US"
251,US1TXHRR237,251,29.5727,-95.1271,,2017,2018,1,5/8/2017,3/21/2018,"WEBSTER 2.8 NNW, TX US"
252,US1TXJJ0001,252,29.9536,-93.9705,,2007,2012,5,9/30/2007,3/27/2012,"NEDERLAND 1.9 SE, TX US"
253,US1TXJJ0002,253,29.8678,-93.923,,2007,2008,1,10/20/2007,9/10/2008,"PORT ARTHUR 2.9 NNE, TX US"
254,US1TXJJ0003,254,29.9747,-93.9578,,2007,2018,11,11/27/2007,1/1/2018,"PORT NECHES 1.0 W, TX US"
255,US1TXJJ0004,255,29.9642,-93.9015,,2007,2010,3,12/6/2007,1/21/2010,"GROVES 1.6 NE, TX US"
256,US1TXJJ0005,256,30.0944,-94.128,,2008,2016,8,2/14/2008,2/10/2016,"BEAUMONT 1.1 ENE, TX US"
257,US1TXJJ0007,257,30.0725,-94.1692,,2008,2018,10,5/18/2008,3/5/2018,"BEAUMONT 1.8 SW, TX US"
258,US1TXJJ0008,258,30.0874,-94.1389,,2009,2018,9,12/31/2009,3/18/2018,"BEAUMONT 0.3 E, TX US"
259,US1TXJJ0009,259,30.0527,-94.182,,2011,2018,7,10/3/2011,3/20/2018,"BEAUMONT 3.3 SW, TX US"
260,US1TXJJ0010,260,29.9526,-93.9727,,2012,2017,5,4/13/2012,8/26/2017,"PORT ARTHUR 9.1 NNW, TX US"
261,US1TXJJ0011,261,30.0225,-94.1555,,2011,2018,7,12/31/2011,3/11/2018,"BEAUMONT 4.6 S, TX US"
262,US1TXJK0001,262,28.9099,-96.6286,,2008,2015,7,3/11/2008,11/8/2015,"EDNA 4.6 SSE, TX US"
263,US1TXJK0003,263,29.1833,-96.6499,,2011,2014,3,12/31/2011,10/30/2014,"EDNA 14.5 N, TX US"
264,US1TXJK0004,264,28.9608,-96.6329,,2012,2014,2,1/1/2012,10/29/2014,"EDNA 1.3 SE, TX US"
265,US1TXJK0005,265,29.0432,-96.5367,,2014,2018,4,2/13/2014,3/21/2018,"GANADO 1.5 W, TX US"
266,US1TXJS0002,266,30.903,-94.1065,,2007,2018,11,11/20/2007,3/18/2018,"JASPER 6.7 W, TX US"
267,US1TXJS0003,267,30.6405,-93.8851,,2007,2018,11,12/7/2007,3/19/2018,"KIRBYVILLE 1.5 SE, TX US"
268,US1TXJS0004,268,30.9033,-94.1067,,2012,2013,1,5/10/2012,6/1/2013,"JASPER 6.7 W, TX US"
269,US1TXJS0006,269,30.4647,-93.963,,2017,2017,0,4/4/2017,8/30/2017,"BUNA 1.4 N, TX US"
270,US1TXLR0001,270,30.3336,-95.0889,,2009,2017,8,1/11/2009,12/4/2017,"CLEVELAND 0.9 SW, TX US"
271,US1TXLR0003,271,29.9698,-94.8311,,2009,2010,1,7/31/2009,2/9/2010,"DAYTON 6.8 SE, TX US"
272,US1TXLR0004,272,30.0618,-94.8914,,2013,2013,0,2/28/2013,11/26/2013,"DAYTON 0.8 NNE, TX US"
273,US1TXLR0005,273,30.053,-94.894,,2013,2016,3,4/7/2013,9/27/2016,"DAYTON 0.2 NNE, TX US"
274,US1TXLR0007,274,30.067,-94.8789,,2013,2015,2,4/16/2013,5/17/2015,"DAYTON 1.5 NE, TX US"
275,US1TXLR0010,275,30.2722,-95.0688,,2013,2018,5,8/10/2013,2/25/2018,"CLEVELAND 5.0 S, TX US"
276,US1TXLR0013,276,30.2928,-95.082,,2015,2018,3,5/16/2015,3/17/2018,"CLEVELAND 3.6 S, TX US"
277,US1TXLR0014,277,30.0501,-94.8914,,2016,2018,2,3/4/2016,3/21/2018,"DAYTON 0.2 E, TX US"
278,US1TXLR0015,278,30.0403,-94.8815,,2016,2018,2,6/9/2016,3/21/2018,"DAYTON 1.1 SE, TX US"
279,US1TXLV0002,279,29.255,-96.76,,2007,2018,11,2/20/2007,3/18/2018,"HALLETTSVILLE 17.1 SE, TX US"
280,US1TXLV0005,280,29.3324,-96.7612,,2007,2016,9,4/15/2007,5/15/2016,"HALLETTSVILLE 13.4 SE, TX US"
281,US1TXMDS002,281,30.9023,-95.9182,,2009,2017,8,3/11/2009,10/20/2017,"MADISONVILLE 3.5 S, TX US"
282,US1TXMLM014,282,30.819,-96.7856,,2014,2016,2,9/21/2014,1/6/2016,"GAUSE 4.5 WNW, TX US"
283,US1TXMLM016,283,30.6574,-96.8167,,2014,2017,3,9/18/2014,12/2/2017,"MILANO 4.3 SE, TX US"
284,US1TXMLM017,284,30.79,-96.7631,,2015,2018,3,2/16/2015,3/21/2018,"GAUSE 2.5 W, TX US"
285,US1TXMLM018,285,30.8182,-96.7485,,2015,2018,3,2/14/2015,3/21/2018,"GAUSE 2.8 NNW, TX US"
286,US1TXMLM021,286,30.764,-96.6702,,2016,2017,1,11/15/2016,8/3/2017,"GAUSE 3.4 ESE, TX US"
287,US1TXMLM022,287,30.6398,-96.8213,,2017,2018,1,2/21/2017,3/21/2018,"MILANO 5.2 SSE, TX US"
288,US1TXMNG003,288,30.2755,-95.7612,J,2008,2010,2,10/31/2008,2/21/2010,"MONTGOMERY 8.7 SW, TX US"
289,US1TXMNG004,289,30.4496,-95.6901,,2009,2018,9,3/13/2009,3/21/2018,"MONTGOMERY 4.0 N, TX US"
290,US1TXMNG006,290,30.4498,-95.4664,,2009,2012,3,4/25/2009,12/6/2012,"WILLIS 1.9 NNE, TX US"
291,US1TXMNG008,291,30.1667,-95.5103,J,2009,2018,9,9/27/2009,3/16/2018,"THE WOODLANDS 1.4 WNW, TX US"
292,US1TXMNG014,292,30.413,-95.66,,2012,2018,6,5/13/2012,3/20/2018,"MONTGOMERY 2.6 NE, TX US"
293,US1TXMNG015,293,30.3723,-95.6288,,2012,2013,1,5/31/2012,3/24/2013,"MONTGOMERY 4.2 ESE, TX US"
294,US1TXMNG016,294,30.3883,-95.488,,2011,2014,3,10/19/2011,1/9/2014,"CONROE 4.6 NNW, TX US"
295,US1TXMNG018,295,30.3867,-95.6135,,2012,2017,5,6/12/2012,8/26/2017,"MONTGOMERY 4.9 E, TX US"
296,US1TXMNG020,296,30.3774,-95.6335,,2012,2018,6,5/31/2012,3/18/2018,"MONTGOMERY 3.8 ESE, TX US"
297,US1TXMNG021,297,30.3976,-95.6954,,2012,2018,6,5/31/2012,3/21/2018,"MONTGOMERY 0.4 N, TX US"
298,US1TXMNG023,298,30.2185,-95.5084,J,2012,2017,5,6/9/2012,5/9/2017,"THE WOODLANDS 4.4 NNW, TX US"
299,US1TXMNG025,299,30.197,-95.5851,J,2012,2016,4,6/20/2012,6/2/2016,"THE WOODLANDS 6.3 WNW, TX US"
300,US1TXMNG026,300,30.1985,-95.4959,J,2012,2018,6,6/14/2012,3/20/2018,"THE WOODLANDS 2.8 N, TX US"
301,US1TXMNG029,301,30.1232,-95.389,J,2012,2015,3,6/29/2012,2/21/2015,"SPRING 4.2 N, TX US"
302,US1TXMNG030,302,30.1417,-95.4658,J,2012,2018,6,10/20/2012,3/21/2018,"THE WOODLANDS 1.8 SE, TX US"
303,US1TXMNG031,303,30.3227,-95.4596,,2012,2018,6,10/10/2012,3/18/2018,"CONROE 0.7 E, TX US"
304,US1TXMNG032,304,30.3444,-95.5084,,2012,2013,1,11/3/2012,11/2/2013,"CONROE 2.6 WNW, TX US"
305,US1TXMNG035,305,30.153,-95.6572,J,2013,2018,5,4/15/2013,3/21/2018,"PINEHURST 3.8 SE, TX US"
306,US1TXMNG036,306,30.2135,-95.5621,J,2013,2018,5,4/10/2013,3/9/2018,"THE WOODLANDS 5.8 NW, TX US"
307,US1TXMNG038,307,30.3887,-95.6149,,2013,2014,1,3/22/2013,2/25/2014,"MONTGOMERY 4.8 E, TX US"
308,US1TXMNG041,308,30.1142,-95.6965,J,2013,2013,0,4/14/2013,9/22/2013,"MAGNOLIA 7.4 SSE, TX US"
309,US1TXMNG045,309,30.2767,-95.5533,,2013,2015,2,9/19/2013,12/27/2015,"MONTGOMERY 11.6 SE, TX US"
310,US1TXMNG049,310,30.2339,-95.5748,J,2013,2016,3,9/9/2013,7/17/2016,"MAGNOLIA 10.6 ENE, TX US"
311,US1TXMNG051,311,30.1703,-95.7552,J,2014,2018,4,8/23/2014,3/21/2018,"MAGNOLIA 2.8 S, TX US"
312,US1TXMNG054,312,30.2731,-95.5437,,2015,2017,2,4/30/2015,10/23/2017,"MONTGOMERY 12.2 SE, TX US"
313,US1TXMNG055,313,30.2724,-95.7408,J,2014,2016,2,5/24/2014,11/28/2016,"MONTGOMERY 8.6 SSW, TX US"
314,US1TXMNG058,314,30.1474,-95.4528,J,2015,2017,2,6/27/2015,12/30/2017,"THE WOODLANDS 2.3 ESE, TX US"
315,US1TXMNG061,315,30.2947,-95.4842,,2016,2018,2,6/22/2016,3/19/2018,"CONROE 2.1 SSW, TX US"
316,US1TXMTG001,316,28.9997,-95.9532,,2005,2006,1,3/31/2005,3/28/2006,"BAY CITY 1.6 NNE, TX US"
317,US1TXMTG002,317,28.9907,-95.9533,,2007,2009,2,9/11/2007,4/21/2009,"BAY CITY 1.0 NE, TX US"
318,US1TXMTG004,318,28.8681,-96.1662,,2015,2018,3,10/27/2015,3/21/2018,"PALACIOS 11.5 NNE, TX US"
319,US1TXOR0001,319,30.0428,-93.8675,,2007,2018,11,10/2/2007,3/21/2018,"BRIDGE CITY 1.3 NW, TX US"
320,US1TXOR0003,320,30.1278,-93.9861,,2008,2012,4,2/4/2008,11/12/2012,"VIDOR 0.9 E, TX US"
321,US1TXOR0004,321,30.0822,-93.7345,,2008,2016,8,2/13/2008,5/30/2016,"ORANGE 2.1 SE, TX US"
322,US1TXOR0006,322,30.2327,-93.9818,,2016,2018,2,10/6/2016,3/20/2018,"VIDOR 7.2 N, TX US"
323,US1TXPL0002,323,30.6497,-94.9078,,2010,2012,2,9/15/2010,5/10/2012,"LIVINGSTON 4.5 SSE, TX US"
324,US1TXPL0003,324,30.8009,-95.1039,,2008,2018,10,3/21/2008,2/3/2018,"ONALASKA 0.6 SSE, TX US"
325,US1TXPL0004,325,30.7093,-94.9337,,2009,2010,1,4/13/2009,1/14/2010,"LIVINGSTON 0.1 E, TX US"
326,US1TXPL0009,326,30.6799,-94.7456,,2010,2011,1,9/21/2010,10/27/2011,"LIVINGSTON 11.5 E, TX US"
327,US1TXPL0010,327,30.7853,-95.0927,,2010,2015,5,10/12/2010,10/9/2015,"ONALASKA 1.8 SSE, TX US"
328,US1TXPL0013,328,30.6644,-94.8982,,2010,2012,2,11/28/2010,4/15/2012,"LIVINGSTON 3.8 SE, TX US"
329,US1TXPL0016,329,30.7097,-94.9271,,2011,2018,7,2/27/2011,3/20/2018,"LIVINGSTON 0.5 E, TX US"
330,US1TXPL0018,330,30.6984,-95.0765,,2011,2018,7,3/21/2011,3/21/2018,"LIVINGSTON 8.4 W, TX US"
331,US1TXPL0019,331,30.8055,-95.1152,,2011,2015,4,3/18/2011,8/21/2015,"ONALASKA 0.6 WSW, TX US"
332,US1TXPL0020,332,30.5022,-94.8252,,2011,2015,4,3/25/2011,5/15/2015,"ACE 2.4 S, TX US"
333,US1TXPL0022,333,30.7131,-94.9478,,2011,2018,7,9/14/2011,2/13/2018,"LIVINGSTON 0.7 WNW, TX US"
334,US1TXPL0024,334,30.6733,-94.9483,,2012,2017,5,4/12/2012,4/26/2017,"LIVINGSTON 2.6 SSW, TX US"
335,US1TXPL0025,335,30.6904,-94.7108,,2012,2015,3,6/5/2012,3/4/2015,"LIVINGSTON 13.4 E, TX US"
336,US1TXPL0027,336,30.8064,-95.1165,,2012,2018,6,5/31/2012,3/21/2018,"ONALASKA 0.6 WSW, TX US"
337,US1TXPL0028,337,30.7286,-95.1025,,2012,2018,6,6/12/2012,3/18/2018,"LIVINGSTON 10.0 W, TX US"
338,US1TXPL0029,338,30.8267,-95.0796,,2013,2015,2,4/15/2013,8/25/2015,"LIVINGSTON 11.3 NW, TX US"
339,US1TXPL0032,339,30.8977,-94.9428,,2014,2018,4,3/22/2014,3/18/2018,"MOSCOW 7.0 W, TX US"
340,US1TXPL0035,340,30.8603,-95.0783,,2014,2018,4,7/29/2014,3/21/2018,"LIVINGSTON 13.4 NW, TX US"
341,US1TXSJ0003,341,30.5309,-95.1476,,2012,2014,2,1/22/2012,1/31/2014,"COLDSPRING 4.3 SSW, TX US"
342,US1TXSJ0010,342,30.8304,-95.2116,,1998,2018,20,6/16/1998,3/19/2018,"POINT BLANK 5.8 N, TX US"
343,US1TXSJ0011,343,30.7407,-95.2072,,2014,2018,4,10/11/2014,3/19/2018,"POINT BLANK 0.7 ESE, TX US"
344,US1TXTR0002,344,30.6693,-94.4245,,2007,2015,8,9/30/2007,7/9/2015,"WOODVILLE 7.3 S, TX US"
345,US1TXTR0003,345,30.6704,-94.4295,,1998,2018,20,6/16/1998,3/21/2018,"WOODVILLE 7.2 S, TX US"
346,US1TXTR0008,346,30.8035,-94.5643,,2016,2017,1,3/20/2016,4/27/2017,"WOODVILLE 8.7 WNW, TX US"
347,US1TXTR0009,347,30.8855,-94.3959,,2016,2018,2,6/10/2016,3/18/2018,"COLMESNEIL 2.3 SE, TX US"
348,US1TXVC0011,348,28.843,-96.7991,,2009,2011,2,4/11/2009,5/14/2011,"INEZ 2.2 S, TX US"
349,US1TXVC0037,349,28.8603,-96.7876,,2013,2018,5,5/12/2013,3/21/2018,"INEZ 1.1 SSE, TX US"
350,US1TXWA0001,350,30.0817,-96.6238,,2007,2018,11,5/17/2007,3/21/2018,"BURTON 6.9 SSW, TX US"
351,US1TXWA0003,351,30.2299,-96.1356,,2007,2018,11,9/30/2007,3/21/2018,"HEMPSTEAD 10.0 NNW, TX US"
352,US1TXWA0004,352,30.3093,-96.3752,,2007,2011,4,10/9/2007,12/29/2011,"INDEPENDENCE 1.8 WSW, TX US"
353,US1TXWA0005,353,30.0895,-96.4865,,2007,2016,9,11/4/2007,11/12/2016,"BRENHAM 7.2 SW, TX US"
354,US1TXWA0006,354,30.1572,-96.2626,,2007,2018,11,11/18/2007,3/21/2018,"BRENHAM 8.0 E, TX US"
355,US1TXWA0007,355,30.3118,-96.1864,,2008,2014,6,3/2/2008,8/1/2014,"WASHINGTON 2.0 WSW, TX US"
356,US1TXWA0008,356,30.2453,-96.5532,,2008,2018,10,8/29/2008,3/18/2018,"BURTON 5.3 NNE, TX US"
357,US1TXWA0009,357,30.1564,-96.263,,2009,2018,9,11/1/2009,3/21/2018,"CHAPPELL HILL 1.0 NW, TX US"
358,US1TXWA0010,358,30.169,-96.2534,,2010,2018,8,1/26/2010,3/21/2018,"CHAPPELL HILL 1.8 N, TX US"
359,US1TXWA0012,359,30.2821,-96.171,,2011,2018,7,10/19/2011,3/5/2018,"WASHINGTON 3.1 SSW, TX US"
360,US1TXWA0014,360,30.2214,-96.2225,,2013,2018,5,8/31/2013,3/21/2018,"WASHINGTON 8.6 SSW, TX US"
361,US1TXWA0015,361,30.1594,-96.7394,,2013,2018,5,9/12/2013,3/18/2018,"CARMINE 3.1 WNW, TX US"
362,US1TXWA0016,362,30.1465,-96.3674,,2013,2014,1,11/3/2013,4/23/2014,"BRENHAM 2.0 ESE, TX US"
363,US1TXWA0017,363,30.3014,-96.4213,,2014,2018,4,3/3/2014,3/18/2018,"BRENHAM 9.9 N, TX US"
364,US1TXWA0018,364,30.1794,-96.404,,2014,2018,4,5/26/2014,3/5/2018,"BRENHAM 1.4 NNW, TX US"
365,US1TXWA0021,365,30.0963,-96.5126,,2016,2018,2,1/8/2016,3/21/2018,"BRENHAM 8.2 WSW, TX US"
366,US1TXWA0022,366,30.2127,-96.5348,,2016,2018,2,4/29/2016,3/21/2018,"BURTON 4.4 ENE, TX US"
367,US1TXWA0024,367,30.1589,-96.3849,,2016,2018,2,5/1/2016,3/21/2018,"BRENHAM 0.7 E, TX US"
368,US1TXWA0027,368,30.2454,-96.5051,,2017,2018,1,2/8/2017,3/20/2018,"BRENHAM 8.7 NW, TX US"
369,US1TXWH0001,369,29.3161,-96.0934,,2007,2018,11,9/5/2007,3/21/2018,"WHARTON 0.3 E, TX US"
370,US1TXWH0002,370,29.1267,-96.2602,,2008,2018,10,1/31/2008,3/18/2018,"EL CAMPO 4.9 SSE, TX US"
371,US1TXWH0003,371,29.2977,-96.0577,,2008,2008,0,7/22/2008,11/2/2008,"WHARTON 2.8 ESE, TX US"
372,US1TXWH0004,372,29.2061,-96.289,,2008,2018,10,7/31/2008,3/18/2018,"EL CAMPO 1.0 NW, TX US"
373,US1TXWH0005,373,29.1845,-96.3156,,2008,2017,9,11/10/2008,9/18/2017,"EL CAMPO 2.5 WSW, TX US"
374,US1TXWH0006,374,29.508,-96.054,,2009,2012,3,5/27/2009,4/11/2012,"EAST BERNARD 1.5 SSE, TX US"
375,US1TXWH0009,375,29.3541,-96.0697,,2010,2018,8,6/7/2010,3/21/2018,"WHARTON 3.1 NE, TX US"
376,US1TXWH0010,376,29.1981,-96.2677,,2011,2017,6,4/30/2011,3/4/2017,"EL CAMPO 0.5 ENE, TX US"
377,US1TXWH0011,377,29.2278,-96.302,,2012,2018,6,6/29/2012,3/17/2018,"EL CAMPO 2.7 NW, TX US"
378,US1TXWH0015,378,29.3534,-96.1477,,2012,2017,5,7/9/2012,4/17/2017,"WHARTON 3.9 NW, TX US"
379,US1TXWH0016,379,29.3099,-96.0774,,2012,2018,6,7/7/2012,3/21/2018,"WHARTON 1.4 ESE, TX US"
380,US1TXWH0018,380,29.4178,-96.0577,,2016,2018,2,3/6/2016,3/20/2018,"EAST BERNARD 7.6 S, TX US"
381,US1TXWK0002,381,30.7695,-95.5841,,2009,2016,7,4/23/2009,11/6/2016,"HUNTSVILLE 4.5 NNW, TX US"
382,US1TXWK0003,382,30.6256,-95.7148,,2009,2018,9,5/8/2009,3/19/2018,"HUNTSVILLE 11.5 WSW, TX US"
383,US1TXWK0004,383,30.8194,-95.3851,,2009,2015,6,7/1/2009,4/15/2015,"HUNTSVILLE 12.3 NE, TX US"
384,US1TXWK0005,384,30.702,-95.596,,2011,2018,7,4/26/2011,3/21/2018,"HUNTSVILLE 2.8 WSW, TX US"
385,US1TXWK0007,385,30.7793,-95.6744,,2011,2016,5,5/4/2011,8/26/2016,"HUNTSVILLE 8.7 WNW, TX US"
386,US1TXWK0010,386,30.6876,-95.7374,,2013,2015,2,1/12/2013,6/22/2015,"HUNTSVILLE 11.3 W, TX US"
387,US1TXWK0011,387,30.5403,-95.4385,,2013,2017,4,1/25/2013,8/29/2017,"NEW WAVERLY 2.6 E, TX US"
388,US1TXWK0012,388,30.7587,-95.576,,2013,2018,5,2/17/2013,3/21/2018,"HUNTSVILLE 3.6 NNW, TX US"
389,US1TXWK0013,389,30.7751,-95.5835,,2013,2018,5,2/25/2013,3/19/2018,"HUNTSVILLE 4.8 NNW, TX US"
390,US1TXWK0014,390,30.8515,-95.4825,,2013,2018,5,3/19/2013,3/18/2018,"HUNTSVILLE 10.4 NNE, TX US"
391,US1TXWK0015,391,30.7228,-95.4016,,2013,2018,5,4/17/2013,3/18/2018,"DODGE 1.6 S, TX US"
392,US1TXWK0016,392,30.6861,-95.7819,,2013,2015,2,7/31/2013,1/4/2015,"HUNTSVILLE 13.9 W, TX US"
393,US1TXWK0018,393,30.6954,-95.5404,,2013,2018,5,7/26/2013,3/21/2018,"HUNTSVILLE 1.3 SSE, TX US"
394,US1TXWK0019,394,30.7484,-95.6321,,2013,2015,2,8/9/2013,6/2/2015,"HUNTSVILLE 5.5 WNW, TX US"
395,US1TXWK0020,395,30.6822,-95.5175,,2014,2018,4,2/21/2014,3/18/2018,"HUNTSVILLE 2.8 SE, TX US"
396,US1TXWK0021,396,30.856,-95.4309,,2014,2018,4,7/23/2014,3/19/2018,"RIVERSIDE 2.0 WNW, TX US"
397,US1TXWK0025,397,30.679,-95.555,,2016,2018,2,10/19/2016,3/18/2018,"HUNTSVILLE 2.3 S, TX US"
398,US1TXWK0026,398,30.6831,-95.4353,,2017,2018,1,4/22/2017,3/21/2018,"HUNTSVILLE 7.1 ESE, TX US"
399,US1TXWL0001,399,29.8687,-95.9878,,2011,2014,3,9/26/2011,10/2/2014,"BROOKSHIRE 6.3 NNW, TX US"
400,US1TXWL0004,400,30.1382,-96.1051,,2012,2015,3,8/18/2012,12/3/2015,"HEMPSTEAD 3.4 NNW, TX US"
401,US1TXWL0007,401,30.1668,-95.8466,J,2012,2013,1,6/30/2012,10/29/2013,"HOCKLEY 9.6 N, TX US"
402,US1TXWL0009,402,29.8729,-96.003,,1998,2018,20,6/16/1998,3/19/2018,"BROOKSHIRE 6.9 NNW, TX US"
403,USC00160658,403,29.9747,-93.0897,,1997,2018,21,1/31/1997,3/21/2018,"BELL CITY 13 SW, LA US"
404,USC00161425,404,29.75,-93.33333,,1892,1949,57,1892-12-31,4/21/1949,"CAMERON, LA US"
405,USC00161601,405,29.86667,-92.85,,1951,1966,15,6/6/1951,12/30/1966,"CATFISH POINT, LA US"
406,USC00162361,406,30.43472,-93.46917,,1940,2003,63,5/17/1940,8/30/2003,"DE QUINCY, LA US"
407,USC00162364,407,30.36667,-93.46667,,1982,1985,3,10/31/1982,10/30/1985,"DE QUINCY FIRE TOWER, LA US"
408,USC00162367,408,30.8427,-93.2869,,1903,2016,113,2/26/1903,10/30/2016,"DE RIDDER, LA US"
409,USC00162641,409,30.7414,-93.1386,,1994,2018,24,8/31/1994,3/18/2018,"DRY CREEK, LA US"
410,USC00162800,410,30.85,-92.78333,,1924,2002,78,10/31/1924,11/29/2002,"ELIZABETH, LA US"
411,USC00163798,411,29.76667,-92.95,,1923,1969,46,7/21/1923,12/30/1969,"GRAND CHENIER, LA US"
412,USC00163979,412,29.88944,-93.40194,,1939,2018,79,3/31/1939,3/22/2018,"HACKBERRY 8 SSW, LA US"
413,USC00163981,413,29.9872,-93.2694,,2001,2005,4,4/30/2001,10/30/2005,"HACKBERRY 4 NE, LA US"
414,USC00164164,414,30.35,-93.08333,,1954,1958,4,5/31/1954,11/29/1958,"HECKER, LA US"
415,USC00164884,415,30.5,-92.9,,1942,1986,44,12/21/1942,12/30/1986,"KINDER 3 W, LA US"
416,USC00165065,416,30.0206,-92.7681,,1901,2018,117,11/30/1901,3/21/2018,"LAKE ARTHUR 7 SW, LA US"
417,USC00165072,417,30.3013,-93.2688,,2001,2018,17,5/31/2001,3/21/2018,"LAKE CHARLES 7 NW, LA US"
418,USC00165074,418,30.2544,-93.2186,,1972,2018,46,4/30/1972,3/22/2018,"LAKE CHARLES 2 N, LA US"
419,USC00165075,419,30.21667,-93.21667,,1948,1959,11,12/31/1948,7/30/1959,"LAKE CHARLES, LA US"
420,USC00165076,420,30.2141,-93.2494,,1955,2018,63,2/1/1955,3/22/2018,"LAKE CHARLES PORT, LA US"
421,USC00165584,421,30.6,-93.23333,,1943,1990,47,12/31/1943,12/30/1990,"LONGVILLE, LA US"
422,USC00166271,422,30.7,-92.88333,,1954,1985,31,5/31/1954,12/30/1985,"MITTIE 2 SE, LA US"
423,USC00166431,423,30.2944,-93.2077,,1988,2018,30,12/31/1988,3/22/2018,"MOSS BLUFF, LA US"
424,USC00166434,424,30.3393,-93.2151,,2007,2018,11,12/31/2007,3/21/2018,"MOSS BLUFF 2 NNW, LA US"
425,USC00166938,425,30.6036,-92.7739,,1952,2018,66,4/30/1952,3/20/2018,"OBERLIN FIRE TOWER, LA US"
426,USC00166968,426,30.2869,-93.1444,,1953,2018,65,12/31/1953,3/22/2018,"OLD TOWN BAY, LA US"
427,USC00167331,427,30.91667,-92.91667,,1953,1953,0,1/31/1953,10/30/1953,"PITKIN 1 SE, LA US"
428,USC00167651,428,30.51139,-93.21722,,1994,2007,13,10/31/1994,11/29/2007,"RAGLEY 1 W, LA US"
429,USC00167932,429,29.7286,-92.818,,1964,2018,54,11/30/1964,3/22/2018,"ROCKEFELLR WL REFUGE, LA US"
430,USC00168519,430,30.65,-93.41667,,1954,1974,20,3/31/1954,5/30/1974,"SINGER, LA US"
431,USC00168750,431,30.31667,-93.66667,,1952,1955,3,7/31/1952,6/29/1955,"STARKS FIRE TOWER, LA US"
432,USC00168828,432,30.85,-93.01667,,1893,1992,99,1893-05-10,12/30/1992,"SUGARTOWN, LA US"
433,USC00168831,433,30.2383,-93.3447,,1972,2018,46,3/31/1972,3/21/2018,"SULPHUR, LA US"
434,USC00168930,434,30.766667,-92.9,,1918,1923,5,8/31/1918,12/30/1923,"TEN MILE, LA US"
435,USC00169375,435,30.19222,-93.58111,,1915,2003,88,1/7/1915,1/30/2003,"VINTON, LA US"
436,USC00169376,436,30.1991,-93.6777,,2009,2018,9,4/30/2009,2/13/2018,"VINTON 5 W, LA US"
437,USC00410183,437,29.383333,-95.066667,,1944,1945,1,3/31/1944,7/30/1945,"ALTA LOMA, TX US"
438,USC00410204,438,29.3653,-95.2337,,1898,2013,115,1898-05-31,9/23/2013,"ALVIN, TX US"
439,USC00410235,439,29.7878,-94.6343,,1909,2018,109,5/31/1909,3/21/2018,"ANAHUAC, TX US"
440,USC00410244,440,30.48333,-95.98333,,1914,1972,58,5/17/1914,9/29/1972,"ANDERSON, TX US"
441,USC00410257,441,29.1573,-95.4593,,1895,2018,123,1895-05-31,1/30/2018,"ANGLETON 2 W, TX US"
442,USC00410305,442,28.30806,-96.80472,,1970,2013,43,12/31/1970,11/29/2013,"ARANSAS WILDLIFE REFUGE, TX US"
443,USC00410437,443,28.30806,-96.80472,,1940,1970,30,6/3/1940,12/30/1970,"ARANSAS WILDLIFE REFUGE, TX US"
444,USC00410520,444,29.8142,-95.7276,U,1947,1948,1,12/31/1947,5/30/1948,"HOUSTON BARKER, TX US"
445,USC00410569,445,28.9798,-95.9749,,1909,2018,109,9/30/1909,1/30/2018,"BAY CITY WATERWORKS, TX US"
446,USC00410572,446,29,-95.96667,,1948,1951,3,5/31/1948,9/20/1951,"BAY CITY 2 N, TX US"
447,USC00410586,447,29.9142,-94.9908,Q,1946,2018,72,6/14/1946,3/21/2018,"BAYTOWN, TX US"
448,USC00410605,448,29.5,-95.86667,,1948,1950,2,5/31/1948,9/17/1950,"BEASLEY, TX US"
449,USC00410611,449,30.0969,-94.0997,,1901,2018,117,10/31/1901,3/22/2018,"BEAUMONT CITY, TX US"
450,USC00410613,450,30.0688,-94.2927,,1947,2018,71,8/31/1947,3/22/2018,"BEAUMONT RESRCH CTR, TX US"
451,USC00410635,451,30.78333,-95.95,,1940,1985,45,3/7/1940,12/30/1985,"BEDIAS, TX US"
452,USC00410655,452,30.0316,-96.2166,,1978,2018,40,10/31/1978,3/22/2018,"BELLVILLE 6 NNE, TX US"
453,USC00410917,453,30.73333,-93.65,,1913,1988,75,12/31/1913,6/29/1988,"BON WIER, TX US"
454,USC00411034,454,29.05,-95.56667,,1892,1929,37,1892-12-31,9/29/1929,"BRAZORIA, TX US"
455,USC00411048,455,30.1591,-96.3972,,1896,2018,122,1896-12-31,3/22/2018,"BRENHAM, TX US"
456,USC00411156,456,30.86667,-96.18333,,1996,1996,0,4/30/1996,11/29/1996,"BRYAN 17 NE, TX US"
457,USC00411314,457,30.5327,-96.7022,,1936,2018,82,5/7/1936,1/30/2018,"CALDWELL, TX US"
458,USC00411325,458,29.533333,-96.333333,,1948,1951,3,5/31/1948,9/29/1951,"CALHOUN, TX US"
459,USC00411397,459,29.383333,-95.033333,,1941,1943,2,11/30/1941,10/30/1943,"CAMP WALLACE, TX US"
460,USC00411810,460,30.3637,-95.084,,1954,2018,64,5/31/1954,3/18/2018,"CLEVELAND, TX US"
461,USC00411838,461,29.7067,-95.6878,D,1942,2011,69,12/31/1942,11/21/2011,"CLODINE, TX US"
462,USC00411870,462,30.53333,-95.15,,1954,2002,48,5/31/1954,2/27/2002,"COLDSPRING 5 SSW, TX US"
463,USC00411885,463,28.716667,-96.183333,,1912,1914,2,1/16/1912,6/29/1914,COLLEGEPORT
464,USC00411888,464,30.53333,-96.41667,,1882,1984,102,1882-04-30,5/30/1984,"COLLEGE STATION 6 SW, TX US"
465,USC00411911,465,29.699,-96.573,,1903,2018,115,9/29/1903,3/18/2018,"COLUMBUS, TX US"
466,USC00411956,466,30.3302,-95.4831,,1897,2018,121,1897-08-15,2/27/2018,"CONROE, TX US"
467,USC00412073,467,29.53333,-95.75,,1948,1951,3,5/31/1948,9/29/1951,"CRABB 2 W, TX US"
468,USC00412206,468,30.021,-95.7069,K,1942,2018,76,12/31/1942,1/30/2018,"CYPRESS, TX US"
469,USC00412218,469,30.4364,-95.7919,,1954,2012,58,5/31/1954,9/2/2012,"DACUS, TX US"
470,USC00412266,470,29.0567,-96.2319,,1896,2018,122,1896-02-29,3/22/2018,"DANEVANG 1 W, TX US"
471,USC00412348,471,29.72833,-95.13056,G,1947,1948,1,12/31/1947,5/30/1948,"HOUSTON DEER PARK, TX US"
472,USC00412436,472,30.2263,-93.7394,,1954,1986,32,4/30/1954,3/30/1986,"ORANGE 9 N, TX US"
473,USC00412676,473,29.6212,-96.366,,2010,2018,8,12/31/2010,3/19/2018,"EAGLE LAKE RES CTR, TX US"
474,USC00412695,474,29.15,-95.61667,,1896,1912,16,1896-12-31,5/30/1912,"EAST COLUMBIA, TX US"
475,USC00412768,475,28.96667,-96.68333,,1968,1995,27,2/29/1968,11/29/1995,"EDNA HIGHWAY 59 BRIDGE, TX US"
476,USC00412769,476,28.95,-96.68333,,1909,1968,59,6/30/1909,2/28/1968,"EDNA 3 SW, TX US"
477,USC00412770,477,29.0623,-96.7714,,1995,2016,21,11/30/1995,5/27/2016,"EDNA 7 NW, TX US"
478,USC00412780,478,29.4,-96.23333,,1921,1928,7,4/30/1921,5/29/1928,"EGYPT, TX US"
479,USC00412786,479,29.2,-96.2654,,1941,2018,77,9/30/1941,3/22/2018,"EL CAMPO, TX US"
480,USC00413000,480,30.33333,-94.08333,,1944,2004,60,8/23/1944,3/30/2004,"EVADALE, TX US"
481,USC00413043,481,29.80417,-95.49139,W,1947,1948,1,8/31/1947,5/30/1948,"HOUSTON SPRING BRCH, TX US"
482,USC00413298,482,30.65,-95.41667,,1940,1964,24,6/30/1940,12/30/1964,"FOUR NOTCH GUARD STATION, TX US"
483,USC00413340,483,28.9845,-95.3809,,1930,2018,88,12/31/1930,3/22/2018,"FREEPORT 2 NW, TX US"
484,USC00413480,484,29.71667,-95.73333,T,1947,1951,4,8/31/1947,1/30/1951,"GASTON, TX US"
485,USC00413640,485,29.73333,-94.96667,O,1921,1956,35,9/30/1921,8/30/1956,"GOOSE CREEK, TX US"
486,USC00414080,486,30.1,-96.08333,,1903,1978,75,9/29/1903,9/29/1978,"HEMPSTEAD, TX US"
487,USC00414194,487,29.35,-95.016667,,1916,1922,6,12/31/1916,8/30/1922,"HITCHCOCK, TX US"
488,USC00414309,488,29.76889,-95.64389,W,1948,1951,3,5/31/1948,4/29/1951,"HOUSTON ADDICKS, TX US"
489,USC00414310,489,29.79139,-95.42611,E,1947,1948,1,9/30/1947,5/30/1948,"HOUSTON HEIGHTS, TX US"
490,USC00414311,490,29.71472,-95.59472,D,1948,1964,16,5/31/1948,12/30/1964,"HOUSTON ALIEF, TX US"
491,USC00414313,491,29.8142,-95.7276,U,1942,2013,71,12/31/1942,11/29/2013,"HOUSTON BARKER, TX US"
492,USC00414315,492,29.72833,-95.13056,G,1945,2011,66,7/31/1945,3/26/2011,"HOUSTON DEER PARK, TX US"
493,USC00414317,493,29.80417,-95.49139,W,1942,1954,12,12/31/1942,3/30/1954,"HOUSTON SPRING BRCH, TX US"
494,USC00414319,494,29.68333,-95.28333,C,1948,1950,2,6/8/1948,4/30/1950,"HOUSTON GOLF CREST, TX US"
495,USC00414321,495,29.79139,-95.42611,E,1948,2012,64,5/31/1948,2/18/2012,"HOUSTON HEIGHTS, TX US"
496,USC00414323,496,29.86667,-95.41667,E,1942,1995,53,12/31/1942,6/29/1995,"HOUSTON INDEPENDENCE HEIGHTS, TX US"
497,USC00414325,497,29.66,-95.6275,D,1948,2018,70,5/31/1948,3/16/2018,"HOUSTON WESTBURY, TX US"
498,USC00414326,498,29.7456,-95.28,,1991,2014,23,1/31/1991,3/2/2014,"HOUSTON PORT, TX US"
499,USC00414327,499,29.8732,-95.5274,E,1947,2018,71,8/31/1947,1/30/2018,"HOUSTON NORTH HOUSTON, TX US"
500,USC00414328,500,29.91667,-95.15,G,1954,1996,42,5/31/1954,9/29/1996,"HOUSTON SAN JACINTO, TX US"
501,USC00414329,501,29.93333,-95.63333,E,1948,1964,16,5/31/1948,12/30/1964,"HOUSTON SATSUMA, TX US"
502,USC00414331,502,29.80417,-95.49139,W,1954,2000,46,3/31/1954,12/30/2000,"HOUSTON SPRING BRCH, TX US"
503,USC00414333,503,29.4718,-95.0832,,1990,2018,28,11/30/1990,3/21/2018,"HOUSTON NATIONAL WEATHER SERVICE OFFICE, TX US"
504,USC00414358,504,29.433333,-95.016667,,1898,1900,2,1898-03-31,11/29/1900,"HULEN, TX US"
505,USC00414362,505,30,-95.25,G,1954,1985,31,5/31/1954,5/30/1985,"HUMBLE, TX US"
506,USC00414382,506,30.7065,-95.5421,,1902,2018,116,12/31/1902,3/21/2018,"HUNTSVILLE, TX US"
507,USC00414397,507,30.56667,-94.4,,1935,1953,18,3/31/1935,10/30/1953,"HYATT, TX US"
508,USC00414430,508,29.86667,-95.41667,E,1947,1948,1,9/30/1947,5/30/1948,"HOUSTON INDEPENDENCE HEIGHTS, TX US"
509,USC00414531,509,29.19667,-94.98833,,2001,2008,7,12/31/2001,9/3/2008,"JAMAICA BEACH, TX US"
510,USC00414563,510,30.9152,-94.0097,,1878,2018,140,1878-09-19,3/18/2018,"JASPER, TX US"
511,USC00414564,511,30.91667,-93.96667,,1948,1952,4,12/14/1948,11/29/1952,"JASPER 2 E, TX US"
512,USC00414703,512,29.78333,-95.81667,T,1948,1995,47,5/31/1948,4/27/1995,"KATY, TX US"
513,USC00414704,513,29.8024,-95.8196,T,1952,2018,66,3/31/1952,3/20/2018,"KATY CITY, TX US"
514,USC00414819,514,30.61667,-93.91667,,1928,1999,71,12/31/1928,2/27/1999,"KIRBYVILLE, TX US"
515,USC00414878,515,30.375,-94.2994,,1948,2018,70,5/31/1948,3/13/2018,"KOUNTZE, TX US"
516,USC00415196,516,30.0591,-94.7949,,1903,2018,115,9/30/1903,1/13/2018,"LIBERTY, TX US"
517,USC00415271,517,30.7394,-94.9256,,1937,2018,81,2/28/1937,1/30/2018,"LIVINGSTON 2 NNE, TX US"
518,USC00415435,518,30.2502,-94.1786,,1995,2018,23,10/31/1995,3/22/2018,"LUMBERTON, TX US"
519,USC00415492,519,29.133333,-96.033333,,1942,1943,1,1/27/1942,8/30/1943,"MAGNET, TX US"
520,USC00415496,520,30.21667,-95.78333,J,1954,1986,32,5/31/1954,6/29/1986,"MAGNOLIA 1 W, TX US"
521,USC00415659,521,28.6835,-95.9733,,1910,2018,108,6/30/1910,3/6/2018,"MATAGORDA 2, TX US"
522,USC00415670,522,28.91667,-96.46667,,1943,1966,23,12/31/1943,1/30/1966,"MAURBRO, TX US"
523,USC00416015,523,29.866667,-94.883333,Q,1909,1918,9,9/30/1909,2/27/1918,"MONT BELVIEU, TX US"
524,USC00416024,524,30.3907,-95.697,,1954,2018,64,5/31/1954,3/22/2018,"MONTGOMERY, TX US"
525,USC00416078,525,30.91667,-94.83333,,1940,1969,29,6/3/1940,4/29/1969,"MOSCOW, TX US"
526,USC00416211,526,30.38333,-96.11667,,1915,1951,36,3/31/1915,12/30/1951,"NAVASOTA, TX US"
527,USC00416280,527,30.1374,-95.1783,G,1951,2017,66,12/31/1951,12/4/2017,"NEW CANEY 2 E, TX US"
528,USC00416286,528,29.26667,-95.895,,1946,1999,53,5/31/1946,2/27/1999,"NEW GULF, TX US"
529,USC00416339,529,30.85,-93.76667,,1965,1977,12,12/31/1965,3/30/1977,"NEWTON, TX US"
530,USC00416341,530,30.833,-93.7369,,1979,2013,34,12/31/1979,10/1/2013,"NEWTON, TX US"
531,USC00416435,531,29.33333,-94.76667,,1904,1905,1,5/31/1904,8/30/1905,"NORTH GALVESTON, TX US"
532,USC00416663,532,30.06667,-93.75,,1948,1950,2,10/31/1948,10/30/1950,"ORANGE DUPONT, TX US"
533,USC00416664,533,30.0858,-93.7416,,1896,2018,122,1896-12-31,1/30/2018,"ORANGE, TX US"
534,USC00416680,534,30.2263,-93.7394,,1986,2018,32,3/31/1986,3/22/2018,"ORANGE 9 N, TX US"
535,USC00416825,535,29.71667,-95.21667,G,1956,1960,4,9/30/1956,1/30/1960,"PASADENA HOUSTON, TX US"
536,USC00416843,536,29.9,-95.83333,U,1947,1952,5,8/31/1947,3/30/1952,"KATY WOLF HILL, TX US"
537,USC00417020,537,29.2353,-96.1816,,1904,2014,110,4/30/1904,10/12/2014,"PIERCE 1 E, TX US"
538,USC00417097,538,29.46667,-95.78333,,1948,1950,2,5/31/1948,9/23/1950,"PLEAK, TX US"
539,USC00417140,539,28.6575,-96.5553,,1957,2018,61,10/31/1957,1/30/2018,"POINT COMFORT, TX US"
540,USC00417172,540,29.9044,-93.9708,,1975,2018,43,10/31/1975,3/17/2018,"PORT ARTHUR CITY, TX US"
541,USC00417173,541,29.86667,-93.93333,,1911,1967,56,2/28/1911,12/30/1967,"PORT ARTHUR WEATHER BUREAU CITY, TX US"
542,USC00417182,542,28.61667,-96.63333,,1901,1988,87,1/31/1901,2/28/1988,"PORT LAVACA 2, TX US"
543,USC00417183,543,28.6079,-96.6416,,1982,2015,33,1/31/1982,10/4/2015,"PORT LAVACA, TX US"
544,USC00417186,544,28.4342,-96.4277,,1948,2013,65,3/31/1948,2/11/2013,"PORT O CONNOR, TX US"
545,USC00417213,545,30.26667,-96.71667,,1963,1981,18,3/31/1963,5/30/1981,"POST OAK SCHOOL, TX US"
546,USC00417299,546,29.28333,-96.63333,,1943,1966,23,12/31/1943,8/30/1966,"PROVIDENT CITY, TX US"
547,USC00417586,547,30.5381,-95.8458,,1954,2013,59,5/31/1954,7/30/2013,"RICHARDS, TX US"
548,USC00417594,548,29.5838,-95.7552,,1919,2018,99,5/31/1919,3/21/2018,"RICHMOND, TX US"
549,USC00417651,549,30.85,-95.4,,1903,1970,67,7/26/1903,1/30/1970,"RIVERSIDE, TX US"
550,USC00417693,550,29.53333,-96.58333,,1898,1907,9,1898-12-31,10/30/1907,"ROCK ISLAND, TX US"
551,USC00417729,551,30.43333,-94.85,,1982,1989,7,9/30/1982,5/30/1989,"ROMAYOR 1 WSW, TX US"
552,USC00417756,552,29.55,-95.78333,,1900,1960,60,8/31/1900,2/28/1960,"ROSENBERG, TX US"
553,USC00417875,553,29.71667,-93.86667,,1898,1903,5,1898-11-09,12/30/1903,"SABINE, TX US"
554,USC00417957,554,28.91667,-95.58333,,1984,1987,3,10/31/1984,12/30/1987,"SAN BERNARD W L REFU, TX US"
555,USC00418045,555,30.61667,-95.71667,,1977,1986,9,1/31/1977,9/29/1986,"SAN JACINTO, TX US"
556,USC00418160,556,29.77139,-96.14556,,1910,2003,93,9/30/1910,3/30/2003,"SEALY, TX US"
557,USC00418265,557,30.48333,-95,,1948,1951,3,5/31/1948,9/29/1951,"SHEPHERD, TX US"
558,USC00418311,558,30.3702,-94.2019,,1995,2018,23,10/31/1995,3/10/2018,"SILSBEE 4 N, TX US"
559,USC00418445,559,30.35,-96.51667,,1907,1951,44,12/31/1907,9/29/1951,"SOMERVILLE, TX US"
560,USC00418446,560,30.3368,-96.5402,,1963,2018,55,4/19/1963,3/22/2018,"SOMERVILLE DAM, TX US"
561,USC00418519,561,29.2728,-96.6858,,1966,2018,52,12/31/1966,3/5/2018,"SPEAKS 2, TX US"
562,USC00418538,562,30.23333,-95.16667,G,1947,1951,4,8/31/1947,8/30/1951,"SPLENDORA, TX US"
563,USC00418568,563,30.793,-94.1819,,1953,1970,17,7/31/1953,1/30/1970,"TOWN BLUFF DAM, TX US"
564,USC00418683,564,29.78333,-94.38333,,1911,1915,4,5/31/1911,7/30/1915,"STOWELL, TX US"
565,USC00418728,565,29.61833,-95.63583,,1893,2013,120,1893-03-31,6/20/2013,"SUGAR LAND, TX US"
566,USC00418947,566,29.38333,-94.9,,1913,1916,3,10/31/1913,7/30/1916,"TEXAS CITY, TX US"
567,USC00418995,567,29.466667,-95.55,,1942,1945,3,1/16/1942,12/30/1945,"THOMPSONS, TX US"
568,USC00418996,568,29.4821,-95.6314,,1942,2017,75,1/31/1942,12/3/2017,"THOMPSONS 3 WSW, TX US"
569,USC00419076,569,30.1004,-95.6114,M,1941,2014,73,11/6/1941,2/2/2014,"TOMBALL, TX US"
570,USC00419101,570,30.793,-94.1819,,1970,2018,48,1/31/1970,3/22/2018,"TOWN BLUFF DAM, TX US"
571,USC00419280,571,30.83333,-96.63333,,1902,1977,75,3/31/1902,12/30/1977,"VALLEY JUNCTION, TX US"
572,USC00419448,572,30.04861,-95.925,K,1942,1999,57,12/31/1942,4/29/1999,"WALLER, TX US"
573,USC00419480,573,30.58333,-94.4,,1935,2017,82,4/30/1935,12/19/2017,"WARREN 2 S, TX US"
574,USC00419491,574,30.3237,-96.1594,,1915,2018,103,3/31/1915,3/21/2018,"WASHINGTON STATE PARK, TX US"
575,USC00419549,575,29.7,-96.78333,,1902,1903,1,1/31/1902,9/29/1903,"WEIMAR, TX US"
576,USC00419605,576,29.1378,-95.6252,,2010,2018,8,12/31/2010,3/22/2018,"WEST COLUMBIA 1 ESE, TX US"
577,USC00419655,577,29.3177,-96.0847,,1902,2018,116,4/30/1902,2/25/2018,"WHARTON, TX US"
578,USC00419665,578,30.9002,-96.3952,,1948,1951,3,5/31/1948,9/29/1951,"WHEELOCK, TX US"
579,USC00419754,579,30.5347,-94.4455,,1992,2016,24,1/31/1992,11/28/2016,"WILDWOOD, TX US"
580,USC00419772,580,29.25,-95.55,,1948,1964,16,11/30/1948,4/29/1964,"WILLIAM HARRIS RESER, TX US"
581,USC00419780,581,30.43333,-95.48333,,1906,1928,22,12/31/1906,1/30/1928,"WILLIS, TX US"
582,USC00419896,582,30.78333,-94.43333,,1917,1919,2,3/31/1917,2/27/1919,"WOODVILLE, TX US"
583,USC00419898,583,30.7677,-94.4116,,1988,2018,30,8/31/1988,3/18/2018,"WOODVILLE, TX US"
584,USW00003904,584,30.58917,-96.36472,,1951,2018,67,7/31/1951,3/22/2018,"COLLEGE STATION EASTERWOOD FIELD, TX US"
585,USW00003937,585,30.12472,-93.22833,,1942,2018,76,5/1/1942,3/22/2018,"LAKE CHARLES REGIONAL AIRPORT, LA US"
586,USW00012906,586,29.61667,-95.16667,,1950,1970,20,1/8/1950,12/30/1970,"HOUSTON ELLINGTON AFB, TX US"
587,USW00012917,587,29.95056,-94.02056,,1947,2018,71,9/30/1947,3/22/2018,"PORT ARTHUR SE TX REGIONAL AIRPORT, TX US"
588,USW00012918,588,29.63806,-95.28194,C,1930,2018,88,7/31/1930,3/22/2018,"HOUSTON WILLIAM P HOBBY AIRPORT, TX US"
589,USW00012923,589,29.2733,-94.8592,,1946,2018,72,7/31/1946,3/22/2018,"GALVESTON SCHOLES FIELD, TX US"
590,USW00012935,590,28.72472,-96.25361,,1943,2018,75,1/31/1943,3/21/2018,"PALACIOS MUNICIPAL AIRPORT, TX US"
591,USW00012944,591,29.33333,-94.77167,,1896,2011,115,1896-12-31,3/30/2011,"GALVESTON, TX US"
592,USW00012945,592,29.76667,-95.36667,E,1883,1990,107,1883-03-31,8/30/1990,"HOUSTON WEATHER BUREAU CITY, TX US"
593,USW00012960,593,29.98,-95.36,P,1969,2018,49,5/31/1969,3/22/2018,"HOUSTON INTERCONTINENTAL AIRPORT, TX US"
594,USW00012975,594,29.51889,-95.24167,,1997,2018,21,5/31/1997,3/21/2018,"HOUSTON CLOVER FIELD, TX US"
595,USW00012976,595,29.10972,-95.46194,,1998,2018,20,5/10/1998,3/21/2018,"ANGLETON LAKE JACKSON BRAZORIA CO AIRPORT, TX US"
596,USW00012977,596,29.62194,-95.65667,,2000,2018,18,11/30/2000,3/21/2018,"HOUSTON SUGARLAND MEM, TX US"
597,USW00013905,597,30.66667,-96.55,,1948,1958,10,1/31/1948,6/10/1958,"BRYAN AFB, TX US"
598,USW00013941,598,30.21028,-93.14333,,1929,1963,34,12/31/1929,3/30/1963,"LAKE CHARLES CHENNAULT INTERNATIONAL AIRPORT, LA US"
599,USW00053902,599,30.35667,-95.41389,,1996,2018,22,12/31/1996,3/21/2018,"CONROE MONTGOMERY CO AIRPORT, TX US"
600,USW00053903,600,30.74389,-95.58611,,1997,2018,21,1/31/1997,3/21/2018,"HUNTSVILLE MUNICIPAL AIRPORT, TX US"
601,USW00053910,601,30.0675,-95.55611,K,1997,2018,21,12/31/1997,3/21/2018,"HOUSTON HOOKS MEMORIAL AIRPORT, TX US"
