<?xml version="1.0" encoding="UTF-8"?>
<metadata xml:lang="en"><Esri><CreaDate>20150622</CreaDate><CreaTime>15240300</CreaTime><ArcGISFormat>1.0</ArcGISFormat><ArcGISstyle>XTools Pro Metadata</ArcGISstyle><SyncOnce>FALSE</SyncOnce><DataProperties><lineage><Process ToolSource="c:\program files (x86)\arcgis\desktop10.1\ArcToolbox\Toolboxes\Data Management Tools.tbx\CalculateField" Date="20130718" Time="141753" Name="" export="">CalculateField S_XS XS_LN_ID [OBJECTID] VB #</Process><Process ToolSource="c:\program files (x86)\arcgis\desktop10.1\ArcToolbox\Toolboxes\Data Management Tools.tbx\CalculateField" Date="20130722" Time="151138" Name="" export="">CalculateField "FMD\S_XS fmd" XS_LN_ID [OBJECTID] VB #</Process><Process ToolSource="c:\program files (x86)\arcgis\desktop10.1\ArcToolbox\Toolboxes\Data Management Tools.tbx\CopyFeatures" Date="20130723" Time="135957" Name="" export="">CopyFeatures C:\GIS\Planning\FEMA_Submittals\Flood_Map_Desktop\LOMR_bad\LOMR.GDB\Basemap\S_XS C:\GIS\Planning\FEMA_Submittals\Flood_Map_Desktop\LOMR\LOMR.GDB\Basemap\S_XS # 0 0 0</Process><Process ToolSource="c:\program files (x86)\arcgis\desktop10.1\ArcToolbox\Toolboxes\Data Management Tools.tbx\CalculateField" Date="20140627" Time="102140" Name="" export="">CalculateField 14-06-2404P\(02)S_XS VISIBLE N VB #</Process><Process ToolSource="c:\program files (x86)\arcgis\desktop10.1\ArcToolbox\Toolboxes\Data Management Tools.tbx\CopyFeatures" Date="20140813" Time="104617" Name="" export="">CopyFeatures C:\Flood_Map_Desktop\LOMR\LOMR.GDB\Basemap\S_XS "S:\Operations\EngDiv\EngrServices\GIS\RMD LOMR Delegation\MakeOneDataSet201408\LOMR.gdb\S_XS" # 0 0 0</Process><Process ToolSource="c:\program files (x86)\arcgis\desktop10.1\ArcToolbox\Toolboxes\Data Management Tools.tbx\CopyFeatures" Date="20140828" Time="094516" Name="" export="">CopyFeatures "S:\Operations\EngDiv\EngrServices\GIS\RMD LOMR Delegation\MakeOneDataSet201408\LOMR.gdb\S_XS" "Database Connections\fcgis sde_ecd as SDE.sde\sde_ecd.SDE.Firmette\sde_ecd.SDE.S_XS" # 0 0 0</Process><Process ToolSource="c:\program files (x86)\arcgis\desktop10.1\ArcToolbox\Toolboxes\Data Management Tools.tbx\CalculateField" Date="20141110" Time="115218" Name="" export="">CalculateField sde_ecd.SDE.S_XS WSEL_REG "11.5" VB #</Process><Process ToolSource="c:\program files (x86)\arcgis\desktop10.1\ArcToolbox\Toolboxes\Data Management Tools.tbx\CalculateField" Date="20141110" Time="141109" Name="" export="">CalculateField sde_ecd.SDE.S_XS WSEL_REG "20.1" VB #</Process><Process ToolSource="c:\program files (x86)\arcgis\desktop10.1\ArcToolbox\Toolboxes\Data Management Tools.tbx\CalculateField" Date="20141110" Time="141212" Name="" export="">CalculateField sde_ecd.SDE.S_XS WSEL_REG "25.9" VB #</Process><Process ToolSource="c:\program files (x86)\arcgis\desktop10.1\ArcToolbox\Toolboxes\Data Management Tools.tbx\CalculateField" Date="20141110" Time="141354" Name="" export="">CalculateField sde_ecd.SDE.S_XS WSEL_REG "31.9" VB #</Process><Process ToolSource="c:\program files (x86)\arcgis\desktop10.1\ArcToolbox\Toolboxes\Data Management Tools.tbx\CalculateField" Date="20141110" Time="141502" Name="" export="">CalculateField sde_ecd.SDE.S_XS WSEL_REG "31.9" VB #</Process><Process ToolSource="c:\program files (x86)\arcgis\desktop10.1\ArcToolbox\Toolboxes\Data Management Tools.tbx\CalculateField" Date="20141110" Time="142244" Name="" export="">CalculateField sde_ecd.SDE.S_XS WSEL_REG "19.5" VB #</Process><Process ToolSource="c:\program files (x86)\arcgis\desktop10.1\ArcToolbox\Toolboxes\Data Management Tools.tbx\CalculateField" Date="20141110" Time="142529" Name="" export="">CalculateField sde_ecd.SDE.S_XS WSEL_REG "20.7" VB #</Process><Process ToolSource="c:\program files (x86)\arcgis\desktop10.1\ArcToolbox\Toolboxes\Data Management Tools.tbx\CalculateField" Date="20141110" Time="143032" Name="" export="">CalculateField sde_ecd.SDE.S_XS WSEL_REG "21.3" VB #</Process><Process ToolSource="c:\program files (x86)\arcgis\desktop10.1\ArcToolbox\Toolboxes\Data Management Tools.tbx\CalculateField" Date="20141110" Time="143250" Name="" export="">CalculateField sde_ecd.SDE.S_XS WSEL_REG "24.4" VB #</Process><Process ToolSource="c:\program files (x86)\arcgis\desktop10.1\ArcToolbox\Toolboxes\Data Management Tools.tbx\CalculateField" Date="20141110" Time="143331" Name="" export="">CalculateField sde_ecd.SDE.S_XS WSEL_REG "29.0" VB #</Process><Process ToolSource="c:\program files (x86)\arcgis\desktop10.1\ArcToolbox\Toolboxes\Data Management Tools.tbx\CalculateField" Date="20141110" Time="143537" Name="" export="">CalculateField sde_ecd.SDE.S_XS WSEL_REG "34.9" VB #</Process><Process ToolSource="c:\program files (x86)\arcgis\desktop10.1\ArcToolbox\Toolboxes\Data Management Tools.tbx\CalculateField" Date="20141110" Time="143955" Name="" export="">CalculateField sde_ecd.SDE.S_XS WSEL_REG "36.0" VB #</Process><Process ToolSource="c:\program files (x86)\arcgis\desktop10.1\ArcToolbox\Toolboxes\Data Management Tools.tbx\CalculateField" Date="20141110" Time="144352" Name="" export="">CalculateField sde_ecd.SDE.S_XS WSEL_REG "39.9" VB #</Process><Process ToolSource="c:\program files (x86)\arcgis\desktop10.1\ArcToolbox\Toolboxes\Data Management Tools.tbx\CalculateField" Date="20141110" Time="144836" Name="" export="">CalculateField sde_ecd.SDE.S_XS WSEL_REG "42.3" VB #</Process><Process ToolSource="c:\program files (x86)\arcgis\desktop10.1\ArcToolbox\Toolboxes\Data Management Tools.tbx\CalculateField" Date="20141110" Time="145202" Name="" export="">CalculateField sde_ecd.SDE.S_XS WSEL_REG "51.8" VB #</Process><Process ToolSource="c:\program files (x86)\arcgis\desktop10.1\ArcToolbox\Toolboxes\Data Management Tools.tbx\CalculateField" Date="20141110" Time="150727" Name="" export="">CalculateField sde_ecd.SDE.S_XS WSEL_REG "48.3" VB #</Process><Process ToolSource="c:\program files (x86)\arcgis\desktop10.1\ArcToolbox\Toolboxes\Data Management Tools.tbx\CalculateField" Date="20141110" Time="150745" Name="" export="">CalculateField sde_ecd.SDE.S_XS WSEL_REG "49.0" VB #</Process><Process ToolSource="c:\program files (x86)\arcgis\desktop10.1\ArcToolbox\Toolboxes\Data Management Tools.tbx\CalculateField" Date="20141110" Time="153114" Name="" export="">CalculateField sde_ecd.SDE.S_XS WSEL_REG "70.8" VB #</Process><Process ToolSource="c:\program files (x86)\arcgis\desktop10.1\ArcToolbox\Toolboxes\Data Management Tools.tbx\CalculateField" Date="20141111" Time="084524" Name="" export="">CalculateField sde_ecd.SDE.S_XS WSEL_REG "78.3" VB #</Process><Process ToolSource="c:\program files (x86)\arcgis\desktop10.1\ArcToolbox\Toolboxes\Data Management Tools.tbx\CalculateField" Date="20141125" Time="151816" Name="" export="">CalculateField sde_ecd.SDE.S_XS WSEL_REG "11.4" VB #</Process><Process ToolSource="c:\program files (x86)\arcgis\desktop10.1\ArcToolbox\Toolboxes\Data Management Tools.tbx\CalculateField" Date="20141125" Time="151925" Name="" export="">CalculateField sde_ecd.SDE.S_XS WSEL_REG "11.4" VB #</Process><Process ToolSource="c:\program files (x86)\arcgis\desktop10.1\ArcToolbox\Toolboxes\Data Management Tools.tbx\CalculateField" Date="20141125" Time="152004" Name="" export="">CalculateField sde_ecd.SDE.S_XS WSEL_REG "11.4" VB #</Process><Process ToolSource="c:\program files (x86)\arcgis\desktop10.1\ArcToolbox\Toolboxes\Data Management Tools.tbx\CalculateField" Date="20141125" Time="152034" Name="" export="">CalculateField sde_ecd.SDE.S_XS WSEL_REG "11.4" VB #</Process><Process ToolSource="c:\program files (x86)\arcgis\desktop10.1\ArcToolbox\Toolboxes\Data Management Tools.tbx\CalculateField" Date="20141125" Time="152454" Name="" export="">CalculateField sde_ecd.SDE.S_XS WSEL_REG "11.5" VB #</Process><Process ToolSource="c:\program files (x86)\arcgis\desktop10.1\ArcToolbox\Toolboxes\Data Management Tools.tbx\CalculateField" Date="20141201" Time="091441" Name="" export="">CalculateField sde_ecd.SDE.S_XS WSEL_REG "72.4" VB #</Process><Process ToolSource="c:\program files (x86)\arcgis\desktop10.1\ArcToolbox\Toolboxes\Data Management Tools.tbx\CalculateField" Date="20141201" Time="091811" Name="" export="">CalculateField sde_ecd.SDE.S_XS WSEL_REG "60.6" VB #</Process><Process ToolSource="c:\program files (x86)\arcgis\desktop10.1\ArcToolbox\Toolboxes\Data Management Tools.tbx\CalculateField" Date="20141201" Time="092010" Name="" export="">CalculateField sde_ecd.SDE.S_XS WSEL_REG "60.6" VB #</Process><Process ToolSource="c:\program files (x86)\arcgis\desktop10.1\ArcToolbox\Toolboxes\Data Management Tools.tbx\CalculateField" Date="20141201" Time="092059" Name="" export="">CalculateField sde_ecd.SDE.S_XS WSEL_REG "67.4" VB #</Process><Process ToolSource="c:\program files (x86)\arcgis\desktop10.1\ArcToolbox\Toolboxes\Data Management Tools.tbx\CalculateField" Date="20141201" Time="092207" Name="" export="">CalculateField sde_ecd.SDE.S_XS WSEL_REG "65.7" VB #</Process><Process ToolSource="c:\program files (x86)\arcgis\desktop10.1\ArcToolbox\Toolboxes\Data Management Tools.tbx\CalculateField" Date="20141201" Time="092830" Name="" export="">CalculateField sde_ecd.SDE.S_XS WSEL_REG "65.7" VB #</Process><Process ToolSource="c:\program files (x86)\arcgis\desktop10.1\ArcToolbox\Toolboxes\Data Management Tools.tbx\CalculateField" Date="20141201" Time="093002" Name="" export="">CalculateField sde_ecd.SDE.S_XS WSEL_REG "70.4" VB #</Process><Process ToolSource="c:\program files (x86)\arcgis\desktop10.1\ArcToolbox\Toolboxes\Data Management Tools.tbx\CalculateField" Date="20141201" Time="093243" Name="" export="">CalculateField sde_ecd.SDE.S_XS WSEL_REG "84.9" VB #</Process><Process ToolSource="c:\program files (x86)\arcgis\desktop10.1\ArcToolbox\Toolboxes\Data Management Tools.tbx\CalculateField" Date="20141201" Time="093340" Name="" export="">CalculateField sde_ecd.SDE.S_XS WSEL_REG "89.4" VB #</Process><Process ToolSource="c:\program files (x86)\arcgis\desktop10.1\ArcToolbox\Toolboxes\Data Management Tools.tbx\CalculateField" Date="20141201" Time="093444" Name="" export="">CalculateField sde_ecd.SDE.S_XS WSEL_REG "104" VB #</Process><Process ToolSource="c:\program files (x86)\arcgis\desktop10.1\ArcToolbox\Toolboxes\Data Management Tools.tbx\CalculateField" Date="20141201" Time="093717" Name="" export="">CalculateField sde_ecd.SDE.S_XS WSEL_REG "98.6" VB #</Process><Process ToolSource="c:\program files (x86)\arcgis\desktop10.1\ArcToolbox\Toolboxes\Data Management Tools.tbx\CalculateField" Date="20141201" Time="094551" Name="" export="">CalculateField sde_ecd.SDE.S_XS WSEL_REG "12.5" VB #</Process><Process ToolSource="c:\program files (x86)\arcgis\desktop10.1\ArcToolbox\Toolboxes\Data Management Tools.tbx\CalculateField" Date="20141201" Time="111136" Name="" export="">CalculateField sde_ecd.SDE.S_XS WSEL_REG "11.4" VB #</Process><Process ToolSource="c:\program files (x86)\arcgis\desktop10.1\ArcToolbox\Toolboxes\Data Management Tools.tbx\CalculateField" Date="20141201" Time="111152" Name="" export="">CalculateField sde_ecd.SDE.S_XS WSEL_REG "11.5" VB #</Process><Process ToolSource="c:\program files (x86)\arcgis\desktop10.1\ArcToolbox\Toolboxes\Data Management Tools.tbx\CalculateField" Date="20141201" Time="111212" Name="" export="">CalculateField sde_ecd.SDE.S_XS WSEL_REG "11.6" VB #</Process><Process ToolSource="c:\program files (x86)\arcgis\desktop10.1\ArcToolbox\Toolboxes\Data Management Tools.tbx\CalculateField" Date="20141201" Time="111307" Name="" export="">CalculateField sde_ecd.SDE.S_XS WSEL_REG "11.9" VB #</Process><Process ToolSource="c:\program files (x86)\arcgis\desktop10.1\ArcToolbox\Toolboxes\Data Management Tools.tbx\CalculateField" Date="20141201" Time="111343" Name="" export="">CalculateField sde_ecd.SDE.S_XS WSEL_REG "12.1" VB #</Process><Process ToolSource="c:\program files (x86)\arcgis\desktop10.1\ArcToolbox\Toolboxes\Data Management Tools.tbx\CalculateField" Date="20141201" Time="111355" Name="" export="">CalculateField sde_ecd.SDE.S_XS WSEL_REG "12.2" VB #</Process><Process ToolSource="c:\program files (x86)\arcgis\desktop10.1\ArcToolbox\Toolboxes\Data Management Tools.tbx\CalculateField" Date="20141201" Time="113130" Name="" export="">CalculateField sde_ecd.SDE.S_XS WSEL_REG "65.8" VB #</Process><Process ToolSource="c:\program files (x86)\arcgis\desktop10.1\ArcToolbox\Toolboxes\Data Management Tools.tbx\CalculateField" Date="20141201" Time="113453" Name="" export="">CalculateField sde_ecd.SDE.S_XS WSEL_REG "20.1" VB #</Process><Process ToolSource="c:\program files (x86)\arcgis\desktop10.1\ArcToolbox\Toolboxes\Data Management Tools.tbx\CalculateField" Date="20141201" Time="113859" Name="" export="">CalculateField sde_ecd.SDE.S_XS WSEL_REG "11.9" VB #</Process><Process ToolSource="c:\program files (x86)\arcgis\desktop10.1\ArcToolbox\Toolboxes\Data Management Tools.tbx\CalculateField" Date="20141201" Time="114220" Name="" export="">CalculateField sde_ecd.SDE.S_XS WSEL_REG "26.0" VB #</Process><Process ToolSource="c:\program files (x86)\arcgis\desktop10.1\ArcToolbox\Toolboxes\Data Management Tools.tbx\CalculateField" Date="20141201" Time="114301" Name="" export="">CalculateField sde_ecd.SDE.S_XS WSEL_REG "45.1" VB #</Process><Process ToolSource="c:\program files (x86)\arcgis\desktop10.1\ArcToolbox\Toolboxes\Data Management Tools.tbx\CalculateField" Date="20141201" Time="114341" Name="" export="">CalculateField sde_ecd.SDE.S_XS WSEL_REG "45.5" VB #</Process><Process ToolSource="c:\program files (x86)\arcgis\desktop10.1\ArcToolbox\Toolboxes\Data Management Tools.tbx\CalculateField" Date="20141201" Time="130801" Name="" export="">CalculateField sde_ecd.SDE.S_XS WSEL_REG "89.4" VB #</Process><Process ToolSource="c:\program files (x86)\arcgis\desktop10.1\ArcToolbox\Toolboxes\Data Management Tools.tbx\CalculateField" Date="20141201" Time="130848" Name="" export="">CalculateField sde_ecd.SDE.S_XS WSEL_REG "116.6" VB #</Process><Process ToolSource="c:\program files (x86)\arcgis\desktop10.1\ArcToolbox\Toolboxes\Data Management Tools.tbx\CalculateField" Date="20141201" Time="131020" Name="" export="">CalculateField sde_ecd.SDE.S_XS WSEL_REG "151.9" VB #</Process><Process ToolSource="c:\program files (x86)\arcgis\desktop10.1\ArcToolbox\Toolboxes\Data Management Tools.tbx\CalculateField" Date="20141201" Time="132905" Name="" export="">CalculateField sde_ecd.SDE.S_XS WSEL_REG "77.8" VB #</Process><Process ToolSource="c:\program files (x86)\arcgis\desktop10.1\ArcToolbox\Toolboxes\Data Management Tools.tbx\CalculateField" Date="20141201" Time="133858" Name="" export="">CalculateField sde_ecd.SDE.S_XS WSEL_REG "85.1" VB #</Process><Process ToolSource="c:\program files (x86)\arcgis\desktop10.1\ArcToolbox\Toolboxes\Data Management Tools.tbx\CalculateField" Date="20141201" Time="134014" Name="" export="">CalculateField sde_ecd.SDE.S_XS WSEL_REG "92.0" VB #</Process><Process ToolSource="c:\program files (x86)\arcgis\desktop10.1\ArcToolbox\Toolboxes\Data Management Tools.tbx\CalculateField" Date="20141201" Time="134205" Name="" export="">CalculateField sde_ecd.SDE.S_XS WSEL_REG "92.0" VB #</Process><Process ToolSource="c:\program files (x86)\arcgis\desktop10.1\ArcToolbox\Toolboxes\Data Management Tools.tbx\CalculateField" Date="20141201" Time="135033" Name="" export="">CalculateField sde_ecd.SDE.S_XS WSEL_REG "96.3" VB #</Process><Process ToolSource="c:\program files (x86)\arcgis\desktop10.1\ArcToolbox\Toolboxes\Data Management Tools.tbx\CalculateField" Date="20141201" Time="140525" Name="" export="">CalculateField sde_ecd.SDE.S_XS WSEL_REG "107.5" VB #</Process><Process ToolSource="c:\program files (x86)\arcgis\desktop10.1\ArcToolbox\Toolboxes\Data Management Tools.tbx\CalculateField" Date="20141201" Time="141124" Name="" export="">CalculateField sde_ecd.SDE.S_XS WSEL_REG "120.6" VB #</Process><Process ToolSource="c:\program files (x86)\arcgis\desktop10.1\ArcToolbox\Toolboxes\Data Management Tools.tbx\CalculateField" Date="20141201" Time="143252" Name="" export="">CalculateField sde_ecd.SDE.S_XS WSEL_REG "112.4" VB #</Process><Process ToolSource="c:\program files (x86)\arcgis\desktop10.1\ArcToolbox\Toolboxes\Data Management Tools.tbx\CalculateField" Date="20141201" Time="143520" Name="" export="">CalculateField sde_ecd.SDE.S_XS WSEL_REG "121.5" VB #</Process><Process ToolSource="c:\program files (x86)\arcgis\desktop10.1\ArcToolbox\Toolboxes\Data Management Tools.tbx\CalculateField" Date="20141201" Time="152506" Name="" export="">CalculateField sde_ecd.SDE.S_XS WSEL_REG "128.2" VB #</Process><Process ToolSource="c:\program files (x86)\arcgis\desktop10.1\ArcToolbox\Toolboxes\Data Management Tools.tbx\CalculateField" Date="20141201" Time="152604" Name="" export="">CalculateField sde_ecd.SDE.S_XS WSEL_REG "130.1" VB #</Process><Process ToolSource="c:\program files (x86)\arcgis\desktop10.1\ArcToolbox\Toolboxes\Data Management Tools.tbx\CalculateField" Date="20141201" Time="152747" Name="" export="">CalculateField sde_ecd.SDE.S_XS WSEL_REG "143.3" VB #</Process><Process ToolSource="c:\program files (x86)\arcgis\desktop10.1\ArcToolbox\Toolboxes\Data Management Tools.tbx\CalculateField" Date="20141201" Time="152829" Name="" export="">CalculateField sde_ecd.SDE.S_XS WSEL_REG "160.2" VB #</Process><Process ToolSource="c:\program files (x86)\arcgis\desktop10.1\ArcToolbox\Toolboxes\Data Management Tools.tbx\CalculateField" Date="20141209" Time="112031" Name="" export="">CalculateField sde_ecd.SDE.S_XS WSEL_REG "28.2" VB #</Process><Process ToolSource="c:\program files (x86)\arcgis\desktop10.1\ArcToolbox\Toolboxes\Data Management Tools.tbx\CalculateField" Date="20141209" Time="112216" Name="" export="">CalculateField sde_ecd.SDE.S_XS WSEL_REG "72.5" VB #</Process><Process ToolSource="c:\program files (x86)\arcgis\desktop10.1\ArcToolbox\Toolboxes\Data Management Tools.tbx\CalculateField" Date="20141209" Time="112329" Name="" export="">CalculateField sde_ecd.SDE.S_XS WSEL_REG "56.2" VB #</Process><Process ToolSource="c:\program files (x86)\arcgis\desktop10.1\ArcToolbox\Toolboxes\Data Management Tools.tbx\CalculateField" Date="20141209" Time="112426" Name="" export="">CalculateField sde_ecd.SDE.S_XS WSEL_REG "57.8" VB #</Process><Process ToolSource="c:\program files (x86)\arcgis\desktop10.1\ArcToolbox\Toolboxes\Data Management Tools.tbx\CalculateField" Date="20141209" Time="112834" Name="" export="">CalculateField sde_ecd.SDE.S_XS WSEL_REG "12.2" VB #</Process><Process ToolSource="c:\program files (x86)\arcgis\desktop10.1\ArcToolbox\Toolboxes\Data Management Tools.tbx\CalculateField" Date="20141209" Time="113054" Name="" export="">CalculateField sde_ecd.SDE.S_XS WSEL_REG "12.5" VB #</Process><Process ToolSource="c:\program files (x86)\arcgis\desktop10.1\ArcToolbox\Toolboxes\Data Management Tools.tbx\CalculateField" Date="20141209" Time="114411" Name="" export="">CalculateField sde_ecd.SDE.S_XS WSEL_REG "34" VB #</Process><Process ToolSource="c:\program files (x86)\arcgis\desktop10.1\ArcToolbox\Toolboxes\Data Management Tools.tbx\CalculateField" Date="20141209" Time="114448" Name="" export="">CalculateField sde_ecd.SDE.S_XS WSEL_REG "51.9" VB #</Process><Process ToolSource="c:\program files (x86)\arcgis\desktop10.1\ArcToolbox\Toolboxes\Data Management Tools.tbx\CalculateField" Date="20141209" Time="130305" Name="" export="">CalculateField sde_ecd.SDE.S_XS WSEL_REG "119.3" VB #</Process><Process ToolSource="c:\program files (x86)\arcgis\desktop10.1\ArcToolbox\Toolboxes\Data Management Tools.tbx\CalculateField" Date="20141209" Time="131005" Name="" export="">CalculateField sde_ecd.SDE.S_XS WSEL_REG "51.6" VB #</Process><Process ToolSource="c:\program files (x86)\arcgis\desktop10.1\ArcToolbox\Toolboxes\Data Management Tools.tbx\CalculateField" Date="20141209" Time="131038" Name="" export="">CalculateField sde_ecd.SDE.S_XS WSEL_REG "51.6" VB #</Process><Process ToolSource="c:\program files (x86)\arcgis\desktop10.1\ArcToolbox\Toolboxes\Data Management Tools.tbx\CalculateField" Date="20141209" Time="131057" Name="" export="">CalculateField sde_ecd.SDE.S_XS WSEL_REG "65.5" VB #</Process><Process ToolSource="c:\program files (x86)\arcgis\desktop10.1\ArcToolbox\Toolboxes\Data Management Tools.tbx\CalculateField" Date="20141209" Time="131120" Name="" export="">CalculateField sde_ecd.SDE.S_XS WSEL_REG "66.8" VB #</Process><Process ToolSource="c:\program files (x86)\arcgis\desktop10.1\ArcToolbox\Toolboxes\Data Management Tools.tbx\CalculateField" Date="20141209" Time="131138" Name="" export="">CalculateField sde_ecd.SDE.S_XS WSEL_REG "75.3" VB #</Process><Process ToolSource="c:\program files (x86)\arcgis\desktop10.1\ArcToolbox\Toolboxes\Data Management Tools.tbx\CalculateField" Date="20141209" Time="131535" Name="" export="">CalculateField sde_ecd.SDE.S_XS WSEL_REG "52.7" VB #</Process><Process ToolSource="c:\program files (x86)\arcgis\desktop10.1\ArcToolbox\Toolboxes\Data Management Tools.tbx\CalculateField" Date="20141212" Time="141123" Name="" export="">CalculateField sde_ecd.SDE.S_XS WSEL_REG "47.5" VB #</Process><Process ToolSource="c:\program files (x86)\arcgis\desktop10.1\ArcToolbox\Toolboxes\Data Management Tools.tbx\CalculateField" Date="20141212" Time="141144" Name="" export="">CalculateField sde_ecd.SDE.S_XS WSEL_REG "47.5" VB #</Process><Process ToolSource="c:\program files (x86)\arcgis\desktop10.1\ArcToolbox\Toolboxes\Data Management Tools.tbx\CalculateField" Date="20141212" Time="141244" Name="" export="">CalculateField sde_ecd.SDE.S_XS WSEL_REG "11.6" VB #</Process><Process ToolSource="c:\program files (x86)\arcgis\desktop10.1\ArcToolbox\Toolboxes\Data Management Tools.tbx\CalculateField" Date="20141212" Time="141303" Name="" export="">CalculateField sde_ecd.SDE.S_XS WSEL_REG "11.7" VB #</Process><Process ToolSource="c:\program files (x86)\arcgis\desktop10.1\ArcToolbox\Toolboxes\Data Management Tools.tbx\CalculateField" Date="20141212" Time="141317" Name="" export="">CalculateField sde_ecd.SDE.S_XS WSEL_REG "11.7" VB #</Process><Process ToolSource="c:\program files (x86)\arcgis\desktop10.1\ArcToolbox\Toolboxes\Data Management Tools.tbx\CalculateField" Date="20141212" Time="141326" Name="" export="">CalculateField sde_ecd.SDE.S_XS WSEL_REG "11.7" VB #</Process><Process ToolSource="c:\program files (x86)\arcgis\desktop10.1\ArcToolbox\Toolboxes\Data Management Tools.tbx\CalculateField" Date="20141212" Time="142123" Name="" export="">CalculateField sde_ecd.SDE.S_XS WSEL_REG 26.9 VB #</Process><Process ToolSource="c:\program files (x86)\arcgis\desktop10.1\ArcToolbox\Toolboxes\Data Management Tools.tbx\CalculateField" Date="20141212" Time="142150" Name="" export="">CalculateField sde_ecd.SDE.S_XS WSEL_REG 25.9 VB #</Process><Process ToolSource="c:\program files (x86)\arcgis\desktop10.1\ArcToolbox\Toolboxes\Data Management Tools.tbx\CalculateField" Date="20141212" Time="142326" Name="" export="">CalculateField sde_ecd.SDE.S_XS WSEL_REG 65.8 VB #</Process><Process ToolSource="c:\program files (x86)\arcgis\desktop10.1\ArcToolbox\Toolboxes\Data Management Tools.tbx\CalculateField" Date="20141212" Time="145807" Name="" export="">CalculateField sde_ecd.SDE.S_XS WSEL_REG "58.7" VB #</Process><Process ToolSource="c:\program files (x86)\arcgis\desktop10.1\ArcToolbox\Toolboxes\Data Management Tools.tbx\CalculateField" Date="20141212" Time="150030" Name="" export="">CalculateField sde_ecd.SDE.S_XS WSEL_REG "92.1" VB #</Process><Process ToolSource="c:\program files (x86)\arcgis\desktop10.1\ArcToolbox\Toolboxes\Data Management Tools.tbx\CalculateField" Date="20141212" Time="150112" Name="" export="">CalculateField sde_ecd.SDE.S_XS WSEL_REG "99.3" VB #</Process><Process ToolSource="c:\program files (x86)\arcgis\desktop10.1\ArcToolbox\Toolboxes\Data Management Tools.tbx\CalculateField" Date="20141215" Time="074541" Name="" export="">CalculateField sde_ecd.SDE.S_XS WSEL_REG "31.6" VB #</Process><Process ToolSource="c:\program files (x86)\arcgis\desktop10.1\ArcToolbox\Toolboxes\Data Management Tools.tbx\CalculateField" Date="20141215" Time="074640" Name="" export="">CalculateField sde_ecd.SDE.S_XS WSEL_REG "65.4" VB #</Process><Process ToolSource="c:\program files (x86)\arcgis\desktop10.1\ArcToolbox\Toolboxes\Conversion Tools.tbx\FeatureClassToFeatureClass" Date="20150217" Time="150639" Name="" export="">FeatureClassToFeatureClass S_XS_MBARR "S:\Operations\EngDiv\EngrServices\GIS\Projects\2014 SCHEMA Update - AV\2015XS_QC_AV\20150217_XS_fix.gdb" S_XS_MBARR # "OBJECTID "OBJECTID" true true false 10 Double 0 10 ,First,#,S:\Operations\EngDiv\EngrServices\GIS\Projects\2014 SCHEMA Update - AV\2015XS_QC_AV\S_XS_MBARR.shp,OBJECTID,-1,-1;XS_LN_ID "XS_LN_ID" true true false 11 Text 0 0 ,First,#,S:\Operations\EngDiv\EngrServices\GIS\Projects\2014 SCHEMA Update - AV\2015XS_QC_AV\S_XS_MBARR.shp,XS_LN_ID,-1,-1;XS_LTR "XS_LTR" true true false 12 Text 0 0 ,First,#,S:\Operations\EngDiv\EngrServices\GIS\Projects\2014 SCHEMA Update - AV\2015XS_QC_AV\S_XS_MBARR.shp,XS_LTR,-1,-1;START_ID "START_ID" true true false 11 Text 0 0 ,First,#,S:\Operations\EngDiv\EngrServices\GIS\Projects\2014 SCHEMA Update - AV\2015XS_QC_AV\S_XS_MBARR.shp,START_ID,-1,-1;STREAM_STN "STREAM_STN" true true false 12 Text 0 0 ,First,#,S:\Operations\EngDiv\EngrServices\GIS\Projects\2014 SCHEMA Update - AV\2015XS_QC_AV\S_XS_MBARR.shp,STREAM_STN,-1,-1;XS_LN_TYP "XS_LN_TYP" true true false 20 Text 0 0 ,First,#,S:\Operations\EngDiv\EngrServices\GIS\Projects\2014 SCHEMA Update - AV\2015XS_QC_AV\S_XS_MBARR.shp,XS_LN_TYP,-1,-1;WTR_NM "WTR_NM" true true false 100 Text 0 0 ,First,#,S:\Operations\EngDiv\EngrServices\GIS\Projects\2014 SCHEMA Update - AV\2015XS_QC_AV\S_XS_MBARR.shp,WTR_NM,-1,-1;WSEL_REG "WSEL_REG" true true false 19 Double 8 18 ,First,#,S:\Operations\EngDiv\EngrServices\GIS\Projects\2014 SCHEMA Update - AV\2015XS_QC_AV\S_XS_MBARR.shp,WSEL_REG,-1,-1;LEN_UNIT "LEN_UNIT" true true false 20 Text 0 0 ,First,#,S:\Operations\EngDiv\EngrServices\GIS\Projects\2014 SCHEMA Update - AV\2015XS_QC_AV\S_XS_MBARR.shp,LEN_UNIT,-1,-1;V_DATUM "V_DATUM" true true false 6 Text 0 0 ,First,#,S:\Operations\EngDiv\EngrServices\GIS\Projects\2014 SCHEMA Update - AV\2015XS_QC_AV\S_XS_MBARR.shp,V_DATUM,-1,-1;SOURCE_CIT "SOURCE_CIT" true true false 11 Text 0 0 ,First,#,S:\Operations\EngDiv\EngrServices\GIS\Projects\2014 SCHEMA Update - AV\2015XS_QC_AV\S_XS_MBARR.shp,SOURCE_CIT,-1,-1;BED_ELEV "BED_ELEV" true true false 19 Double 8 18 ,First,#,S:\Operations\EngDiv\EngrServices\GIS\Projects\2014 SCHEMA Update - AV\2015XS_QC_AV\S_XS_MBARR.shp,BED_ELEV,-1,-1;TOP_WIDTH "TOP_WIDTH" true true false 19 Double 8 18 ,First,#,S:\Operations\EngDiv\EngrServices\GIS\Projects\2014 SCHEMA Update - AV\2015XS_QC_AV\S_XS_MBARR.shp,TOP_WIDTH,-1,-1;XS_AREA "XS_AREA" true true false 19 Double 8 18 ,First,#,S:\Operations\EngDiv\EngrServices\GIS\Projects\2014 SCHEMA Update - AV\2015XS_QC_AV\S_XS_MBARR.shp,XS_AREA,-1,-1;AREA_UNIT "AREA_UNIT" true true false 20 Text 0 0 ,First,#,S:\Operations\EngDiv\EngrServices\GIS\Projects\2014 SCHEMA Update - AV\2015XS_QC_AV\S_XS_MBARR.shp,AREA_UNIT,-1,-1;VELOCITY "VELOCITY" true true false 19 Double 8 18 ,First,#,S:\Operations\EngDiv\EngrServices\GIS\Projects\2014 SCHEMA Update - AV\2015XS_QC_AV\S_XS_MBARR.shp,VELOCITY,-1,-1;VEL_UNIT "VEL_UNIT" true true false 20 Text 0 0 ,First,#,S:\Operations\EngDiv\EngrServices\GIS\Projects\2014 SCHEMA Update - AV\2015XS_QC_AV\S_XS_MBARR.shp,VEL_UNIT,-1,-1;VISIBLE "VISIBLE" true true false 10 Text 0 0 ,First,#,S:\Operations\EngDiv\EngrServices\GIS\Projects\2014 SCHEMA Update - AV\2015XS_QC_AV\S_XS_MBARR.shp,VISIBLE,-1,-1;X_DETAIL "X_DETAIL" true true false 50 Text 0 0 ,First,#,S:\Operations\EngDiv\EngrServices\GIS\Projects\2014 SCHEMA Update - AV\2015XS_QC_AV\S_XS_MBARR.shp,X_DETAIL,-1,-1;Shape_STLe "Shape_STLe" true true false 19 Double 0 0 ,First,#,S:\Operations\EngDiv\EngrServices\GIS\Projects\2014 SCHEMA Update - AV\2015XS_QC_AV\S_XS_MBARR.shp,Shape_STLe,-1,-1" #</Process><Process ToolSource="c:\program files (x86)\arcgis\desktop10.1\ArcToolbox\Toolboxes\Data Management Tools.tbx\UnsplitLine" Date="20150218" Time="113435" Name="" export="">UnsplitLine S_XS_MBARR "S:\Operations\EngDiv\EngrServices\GIS\Projects\2014 SCHEMA Update - AV\2015XS_QC_AV\20150217_XS_fix.gdb\S_XS_MBARR_unsplit1b" XS_LTR;START_ID;STREAM_STN;WTR_NM;WSEL_REG #</Process><Process ToolSource="c:\program files (x86)\arcgis\desktop10.1\ArcToolbox\Toolboxes\Editing Tools.tbx\FlipLine" Date="20150218" Time="145650" Name="" export="">FlipLine S_XS_MBARR_unsplit1b</Process><Process ToolSource="c:\program files (x86)\arcgis\desktop10.1\ArcToolbox\Toolboxes\Editing Tools.tbx\FlipLine" Date="20150218" Time="145811" Name="" export="">FlipLine S_XS_MBARR_unsplit1b</Process><Process ToolSource="c:\program files (x86)\arcgis\desktop10.1\ArcToolbox\Toolboxes\Editing Tools.tbx\FlipLine" Date="20150218" Time="145853" Name="" export="">FlipLine S_XS_MBARR_unsplit1b</Process><Process ToolSource="c:\program files (x86)\arcgis\desktop10.1\ArcToolbox\Toolboxes\Editing Tools.tbx\FlipLine" Date="20150218" Time="145946" Name="" export="">FlipLine S_XS_MBARR_unsplit1b</Process><Process ToolSource="c:\program files (x86)\arcgis\desktop10.1\ArcToolbox\Toolboxes\Editing Tools.tbx\FlipLine" Date="20150218" Time="150005" Name="" export="">FlipLine S_XS_MBARR_unsplit1b</Process><Process ToolSource="c:\program files (x86)\arcgis\desktop10.1\ArcToolbox\Toolboxes\Editing Tools.tbx\FlipLine" Date="20150218" Time="150256" Name="" export="">FlipLine S_XS_MBARR_unsplit1b</Process><Process ToolSource="c:\program files (x86)\arcgis\desktop10.1\ArcToolbox\Toolboxes\Editing Tools.tbx\FlipLine" Date="20150218" Time="150336" Name="" export="">FlipLine S_XS_MBARR_unsplit1b</Process><Process ToolSource="c:\program files (x86)\arcgis\desktop10.1\ArcToolbox\Toolboxes\Editing Tools.tbx\FlipLine" Date="20150218" Time="150700" Name="" export="">FlipLine S_XS_MBARR_unsplit1b</Process><Process ToolSource="c:\program files (x86)\arcgis\desktop10.1\ArcToolbox\Toolboxes\Editing Tools.tbx\FlipLine" Date="20150218" Time="150904" Name="" export="">FlipLine S_XS_MBARR_unsplit1b</Process><Process ToolSource="c:\program files (x86)\arcgis\desktop10.1\ArcToolbox\Toolboxes\Editing Tools.tbx\FlipLine" Date="20150218" Time="150942" Name="" export="">FlipLine S_XS_MBARR_unsplit1b</Process><Process ToolSource="c:\program files (x86)\arcgis\desktop10.1\ArcToolbox\Toolboxes\Editing Tools.tbx\FlipLine" Date="20150218" Time="152159" Name="" export="">FlipLine S_XS_MBARR_unsplit1b</Process><Process ToolSource="c:\program files (x86)\arcgis\desktop10.1\ArcToolbox\Toolboxes\Editing Tools.tbx\FlipLine" Date="20150218" Time="152239" Name="" export="">FlipLine S_XS_MBARR_unsplit1b</Process><Process ToolSource="c:\program files (x86)\arcgis\desktop10.1\ArcToolbox\Toolboxes\Editing Tools.tbx\FlipLine" Date="20150218" Time="152401" Name="" export="">FlipLine S_XS_MBARR_unsplit1b</Process><Process ToolSource="c:\program files (x86)\arcgis\desktop10.1\ArcToolbox\Toolboxes\Editing Tools.tbx\FlipLine" Date="20150218" Time="152442" Name="" export="">FlipLine S_XS_MBARR_unsplit1b</Process><Process ToolSource="c:\program files (x86)\arcgis\desktop10.1\ArcToolbox\Toolboxes\Editing Tools.tbx\FlipLine" Date="20150218" Time="152524" Name="" export="">FlipLine S_XS_MBARR_unsplit1b</Process><Process ToolSource="c:\program files (x86)\arcgis\desktop10.1\ArcToolbox\Toolboxes\Editing Tools.tbx\FlipLine" Date="20150218" Time="152557" Name="" export="">FlipLine S_XS_MBARR_unsplit1b</Process><Process ToolSource="c:\program files (x86)\arcgis\desktop10.1\ArcToolbox\Toolboxes\Editing Tools.tbx\FlipLine" Date="20150219" Time="094853" Name="" export="">FlipLine S_XS_MBARR_unsplit1b</Process><Process ToolSource="c:\program files (x86)\arcgis\desktop10.1\ArcToolbox\Toolboxes\Editing Tools.tbx\FlipLine" Date="20150219" Time="095503" Name="" export="">FlipLine S_XS_MBARR_unsplit1b</Process><Process ToolSource="c:\program files (x86)\arcgis\desktop10.1\ArcToolbox\Toolboxes\Editing Tools.tbx\FlipLine" Date="20150219" Time="095608" Name="" export="">FlipLine S_XS_MBARR_unsplit1b</Process><Process ToolSource="c:\program files (x86)\arcgis\desktop10.1\ArcToolbox\Toolboxes\Editing Tools.tbx\FlipLine" Date="20150219" Time="095640" Name="" export="">FlipLine S_XS_MBARR_unsplit1b</Process><Process ToolSource="c:\program files (x86)\arcgis\desktop10.1\ArcToolbox\Toolboxes\Editing Tools.tbx\FlipLine" Date="20150219" Time="100333" Name="" export="">FlipLine S_XS_MBARR_unsplit1b</Process><Process ToolSource="c:\program files (x86)\arcgis\desktop10.1\ArcToolbox\Toolboxes\Editing Tools.tbx\FlipLine" Date="20150219" Time="100823" Name="" export="">FlipLine S_XS_MBARR_unsplit1b</Process><Process ToolSource="c:\program files (x86)\arcgis\desktop10.1\ArcToolbox\Toolboxes\Editing Tools.tbx\FlipLine" Date="20150219" Time="100936" Name="" export="">FlipLine S_XS_MBARR_unsplit1b</Process><Process ToolSource="c:\program files (x86)\arcgis\desktop10.1\ArcToolbox\Toolboxes\Editing Tools.tbx\FlipLine" Date="20150219" Time="101329" Name="" export="">FlipLine S_XS_MBARR_unsplit1b</Process><Process ToolSource="c:\program files (x86)\arcgis\desktop10.1\ArcToolbox\Toolboxes\Editing Tools.tbx\FlipLine" Date="20150219" Time="101540" Name="" export="">FlipLine S_XS_MBARR_unsplit1b</Process><Process ToolSource="c:\program files (x86)\arcgis\desktop10.1\ArcToolbox\Toolboxes\Editing Tools.tbx\FlipLine" Date="20150219" Time="101748" Name="" export="">FlipLine S_XS_MBARR_unsplit1b</Process><Process ToolSource="c:\program files (x86)\arcgis\desktop10.1\ArcToolbox\Toolboxes\Editing Tools.tbx\FlipLine" Date="20150219" Time="101902" Name="" export="">FlipLine S_XS_MBARR_unsplit1b</Process><Process ToolSource="c:\program files (x86)\arcgis\desktop10.1\ArcToolbox\Toolboxes\Editing Tools.tbx\FlipLine" Date="20150219" Time="102421" Name="" export="">FlipLine S_XS_MBARR_unsplit1b</Process><Process ToolSource="c:\program files (x86)\arcgis\desktop10.1\ArcToolbox\Toolboxes\Editing Tools.tbx\FlipLine" Date="20150219" Time="102448" Name="" export="">FlipLine S_XS_MBARR_unsplit1b</Process><Process ToolSource="c:\program files (x86)\arcgis\desktop10.1\ArcToolbox\Toolboxes\Editing Tools.tbx\FlipLine" Date="20150219" Time="102930" Name="" export="">FlipLine S_XS_MBARR_unsplit1b</Process><Process ToolSource="c:\program files (x86)\arcgis\desktop10.1\ArcToolbox\Toolboxes\Editing Tools.tbx\FlipLine" Date="20150219" Time="103056" Name="" export="">FlipLine S_XS_MBARR_unsplit1b</Process><Process ToolSource="c:\program files (x86)\arcgis\desktop10.1\ArcToolbox\Toolboxes\Editing Tools.tbx\FlipLine" Date="20150219" Time="103812" Name="" export="">FlipLine S_XS_MBARR_unsplit1b</Process><Process ToolSource="c:\program files (x86)\arcgis\desktop10.1\ArcToolbox\Toolboxes\Editing Tools.tbx\FlipLine" Date="20150219" Time="104454" Name="" export="">FlipLine S_XS_MBARR_unsplit1b</Process><Process ToolSource="c:\program files (x86)\arcgis\desktop10.1\ArcToolbox\Toolboxes\Editing Tools.tbx\FlipLine" Date="20150219" Time="104841" Name="" export="">FlipLine S_XS_MBARR_unsplit1b</Process><Process ToolSource="c:\program files (x86)\arcgis\desktop10.1\ArcToolbox\Toolboxes\Editing Tools.tbx\FlipLine" Date="20150219" Time="105537" Name="" export="">FlipLine S_XS_MBARR_unsplit1b</Process><Process ToolSource="c:\program files (x86)\arcgis\desktop10.1\ArcToolbox\Toolboxes\Editing Tools.tbx\FlipLine" Date="20150219" Time="110239" Name="" export="">FlipLine S_XS_MBARR_unsplit1b</Process><Process ToolSource="c:\program files (x86)\arcgis\desktop10.1\ArcToolbox\Toolboxes\Editing Tools.tbx\FlipLine" Date="20150219" Time="110330" Name="" export="">FlipLine S_XS_MBARR_unsplit1b</Process><Process ToolSource="c:\program files (x86)\arcgis\desktop10.1\ArcToolbox\Toolboxes\Editing Tools.tbx\FlipLine" Date="20150219" Time="110655" Name="" export="">FlipLine S_XS_MBARR_unsplit1b</Process><Process ToolSource="c:\program files (x86)\arcgis\desktop10.1\ArcToolbox\Toolboxes\Editing Tools.tbx\FlipLine" Date="20150219" Time="111614" Name="" export="">FlipLine S_XS_MBARR_unsplit1b</Process><Process ToolSource="c:\program files (x86)\arcgis\desktop10.1\ArcToolbox\Toolboxes\Editing Tools.tbx\FlipLine" Date="20150219" Time="112038" Name="" export="">FlipLine S_XS_MBARR_unsplit1b</Process><Process ToolSource="c:\program files (x86)\arcgis\desktop10.1\ArcToolbox\Toolboxes\Editing Tools.tbx\FlipLine" Date="20150219" Time="112124" Name="" export="">FlipLine S_XS_MBARR_unsplit1b</Process><Process ToolSource="c:\program files (x86)\arcgis\desktop10.1\ArcToolbox\Toolboxes\Editing Tools.tbx\FlipLine" Date="20150219" Time="112135" Name="" export="">FlipLine S_XS_MBARR_unsplit1b</Process><Process ToolSource="c:\program files (x86)\arcgis\desktop10.1\ArcToolbox\Toolboxes\Editing Tools.tbx\FlipLine" Date="20150219" Time="112150" Name="" export="">FlipLine S_XS_MBARR_unsplit1b</Process><Process ToolSource="c:\program files (x86)\arcgis\desktop10.1\ArcToolbox\Toolboxes\Data Management Tools.tbx\CalculateField" Date="20150219" Time="144930" Name="" export="">CalculateField S_XS_MBARR_unsplit1b DFIRM_ID "48201C" VB #</Process><Process ToolSource="c:\program files (x86)\arcgis\desktop10.1\ArcToolbox\Toolboxes\Data Management Tools.tbx\CalculateField" Date="20150219" Time="145603" Name="" export="">CalculateField S_XS_MBARR_unsplit1b WTRNM [WTR_NM] VB #</Process><Process ToolSource="c:\program files (x86)\arcgis\desktop10.1\ArcToolbox\Toolboxes\Data Management Tools.tbx\CalculateField" Date="20150219" Time="145648" Name="" export="">CalculateField S_XS_MBARR_unsplit1b WTR_NM [WTRNM] VB #</Process><Process ToolSource="c:\program files (x86)\arcgis\desktop10.1\ArcToolbox\Toolboxes\Data Management Tools.tbx\CalculateField" Date="20150219" Time="145725" Name="" export="">CalculateField S_XS_MBARR_unsplit1b STRMST [STREAM_STN] VB #</Process><Process ToolSource="c:\program files (x86)\arcgis\desktop10.1\ArcToolbox\Toolboxes\Data Management Tools.tbx\CalculateField" Date="20150219" Time="145754" Name="" export="">CalculateField S_XS_MBARR_unsplit1b STREAM_STN [STRMST] VB #</Process><Process ToolSource="c:\program files (x86)\arcgis\desktop10.1\ArcToolbox\Toolboxes\Data Management Tools.tbx\CalculateField" Date="20150219" Time="145828" Name="" export="">CalculateField S_XS_MBARR_unsplit1b LTR [XS_LTR] VB #</Process><Process ToolSource="c:\program files (x86)\arcgis\desktop10.1\ArcToolbox\Toolboxes\Data Management Tools.tbx\CalculateField" Date="20150219" Time="145900" Name="" export="">CalculateField S_XS_MBARR_unsplit1b START [START_ID]
 VB #</Process><Process ToolSource="c:\program files (x86)\arcgis\desktop10.1\ArcToolbox\Toolboxes\Data Management Tools.tbx\CalculateField" Date="20150219" Time="145952" Name="" export="">CalculateField S_XS_MBARR_unsplit1b START_ID [START] VB #</Process><Process ToolSource="c:\program files (x86)\arcgis\desktop10.1\ArcToolbox\Toolboxes\Data Management Tools.tbx\CalculateField" Date="20150219" Time="150002" Name="" export="">CalculateField S_XS_MBARR_unsplit1b XS_LTR [LTR] VB #</Process><Process ToolSource="c:\program files (x86)\arcgis\desktop10.1\ArcToolbox\Toolboxes\Data Management Tools.tbx\CalculateField" Date="20150219" Time="150103" Name="" export="">CalculateField S_XS_MBARR_unsplit1b WSEL [WSEL_REG] VB #</Process><Process ToolSource="c:\program files (x86)\arcgis\desktop10.1\ArcToolbox\Toolboxes\Data Management Tools.tbx\CalculateField" Date="20150219" Time="150147" Name="" export="">CalculateField S_XS_MBARR_unsplit1b WSEL_REG [WSEL] VB #</Process><Process ToolSource="c:\program files (x86)\arcgis\desktop10.1\ArcToolbox\Toolboxes\Data Management Tools.tbx\CalculateField" Date="20150219" Time="150245" Name="" export="">CalculateField S_XS_MBARR_unsplit1b STRMBED_EL -8888 VB #</Process><Process ToolSource="c:\program files (x86)\arcgis\desktop10.1\ArcToolbox\Toolboxes\Data Management Tools.tbx\CalculateField" Date="20150219" Time="150442" Name="" export="">CalculateField S_XS_MBARR_unsplit1b SEQ -9999 VB #</Process><Process ToolSource="c:\program files (x86)\arcgis\desktop10.1\ArcToolbox\Toolboxes\Data Management Tools.tbx\CalculateField" Date="20150219" Time="150451" Name="" export="">CalculateField S_XS_MBARR_unsplit1b MODEL_ID "" VB #</Process><Process ToolSource="c:\program files (x86)\arcgis\desktop10.1\ArcToolbox\Toolboxes\Data Management Tools.tbx\CalculateField" Date="20150219" Time="150501" Name="" export="">CalculateField S_XS_MBARR_unsplit1b PROFXS_TXT "" VB #</Process><Process ToolSource="c:\program files (x86)\arcgis\desktop10.1\ArcToolbox\Toolboxes\Data Management Tools.tbx\CalculateField" Date="20150219" Time="150522" Name="" export="">CalculateField S_XS_MBARR_unsplit1b V_DATUM "NAVD88" VB #</Process><Process ToolSource="c:\program files (x86)\arcgis\desktop10.1\ArcToolbox\Toolboxes\Data Management Tools.tbx\CalculateField" Date="20150219" Time="150538" Name="" export="">CalculateField S_XS_MBARR_unsplit1b LEN_UNIT "FEET" VB #</Process><Process ToolSource="c:\program files (x86)\arcgis\desktop10.1\ArcToolbox\Toolboxes\Data Management Tools.tbx\CalculateField" Date="20150219" Time="150554" Name="" export="">CalculateField S_XS_MBARR_unsplit1b VERSION_ID "" VB #</Process><Process ToolSource="c:\program files (x86)\arcgis\desktop10.1\ArcToolbox\Toolboxes\Data Management Tools.tbx\CalculateField" Date="20150219" Time="150609" Name="" export="">CalculateField S_XS_MBARR_unsplit1b XS_LN_ID "" VB #</Process><Process ToolSource="c:\program files (x86)\arcgis\desktop10.1\ArcToolbox\Toolboxes\Data Management Tools.tbx\CalculateField" Date="20150219" Time="152409" Name="" export="">CalculateField S_XS_MBARR_unsplit1b XS_LN_TYP "LETTERED, MAPPED" VB #</Process><Process ToolSource="c:\program files (x86)\arcgis\desktop10.1\ArcToolbox\Toolboxes\Data Management Tools.tbx\CalculateField" Date="20150219" Time="152445" Name="" export="">CalculateField S_XS_MBARR_unsplit1b XS_LN_TYP "NOT LETTERED, NOT MAPPED" VB #</Process><Process ToolSource="c:\program files (x86)\arcgis\desktop10.1\ArcToolbox\Toolboxes\Data Management Tools.tbx\CalculateField" Date="20150219" Time="153015" Name="" export="">CalculateField S_XS_MBARR_unsplit1b XS_LN_TYP "LETTERED, MAPPED" VB #</Process><Process ToolSource="c:\program files (x86)\arcgis\desktop10.1\ArcToolbox\Toolboxes\Data Management Tools.tbx\CalculateField" Date="20150220" Time="085618" Name="" export="">CalculateField S_XS_MBARR_unsplit1b VERSION_ID "" VB #</Process><Process ToolSource="c:\program files (x86)\arcgis\desktop10.1\ArcToolbox\Toolboxes\Data Management Tools.tbx\CalculateField" Date="20150220" Time="085731" Name="" export="">CalculateField S_XS_MBARR_unsplit1b STRMBED_EL -8888 VB #</Process><Process ToolSource="c:\program files (x86)\arcgis\desktop10.1\ArcToolbox\Toolboxes\Data Management Tools.tbx\CalculateField" Date="20150220" Time="085747" Name="" export="">CalculateField S_XS_MBARR_unsplit1b SEQ -9999 VB #</Process><Process ToolSource="c:\program files (x86)\arcgis\desktop10.1\ArcToolbox\Toolboxes\Data Management Tools.tbx\CalculateField" Date="20150220" Time="085759" Name="" export="">CalculateField S_XS_MBARR_unsplit1b PROFXS_TXT ""
 VB #</Process><Process ToolSource="c:\program files (x86)\arcgis\desktop10.1\ArcToolbox\Toolboxes\Data Management Tools.tbx\CalculateField" Date="20150220" Time="085802" Name="" export="">CalculateField S_XS_MBARR_unsplit1b MODEL_ID ""
 VB #</Process><Process ToolSource="c:\program files (x86)\arcgis\desktop10.1\ArcToolbox\Toolboxes\Data Management Tools.tbx\CalculateField" Date="20150220" Time="091804" Name="" export="">CalculateField S_XS_MBARR_unsplit1b VERSION_ID ""
 VB #</Process><Process ToolSource="c:\program files (x86)\arcgis\desktop10.1\ArcToolbox\Toolboxes\Data Management Tools.tbx\CalculateField" Date="20150220" Time="091821" Name="" export="">CalculateField S_XS_MBARR_unsplit1b PROFXS_TXT ""
 VB #</Process><Process ToolSource="c:\program files (x86)\arcgis\desktop10.1\ArcToolbox\Toolboxes\Data Management Tools.tbx\CalculateField" Date="20150220" Time="091826" Name="" export="">CalculateField S_XS_MBARR_unsplit1b MODEL_ID ""
 VB #</Process><Process ToolSource="c:\program files (x86)\arcgis\desktop10.1\ArcToolbox\Toolboxes\Data Management Tools.tbx\CalculateField" Date="20150220" Time="091841" Name="" export="">CalculateField S_XS_MBARR_unsplit1b STRMBED_EL -8888
 VB #</Process><Process ToolSource="c:\program files (x86)\arcgis\desktop10.1\ArcToolbox\Toolboxes\Data Management Tools.tbx\CalculateField" Date="20150220" Time="091850" Name="" export="">CalculateField S_XS_MBARR_unsplit1b SEQ -9999
 VB #</Process><Process ToolSource="c:\program files (x86)\arcgis\desktop10.1\ArcToolbox\Toolboxes\Data Management Tools.tbx\CalculateField" Date="20150220" Time="092315" Name="" export="">CalculateField S_XS_MBARR_unsplit1b STRMBED_EL -8888 VB #</Process><Process ToolSource="c:\program files (x86)\arcgis\desktop10.1\ArcToolbox\Toolboxes\Data Management Tools.tbx\CalculateField" Date="20150220" Time="092324" Name="" export="">CalculateField S_XS_MBARR_unsplit1b SEQ -9999 VB #</Process><Process ToolSource="c:\program files (x86)\arcgis\desktop10.1\ArcToolbox\Toolboxes\Data Management Tools.tbx\CalculateField" Date="20150220" Time="092331" Name="" export="">CalculateField S_XS_MBARR_unsplit1b MODEL_ID "" VB #</Process><Process ToolSource="c:\program files (x86)\arcgis\desktop10.1\ArcToolbox\Toolboxes\Data Management Tools.tbx\CalculateField" Date="20150220" Time="092335" Name="" export="">CalculateField S_XS_MBARR_unsplit1b PROFXS_TXT "" VB #</Process><Process ToolSource="c:\program files (x86)\arcgis\desktop10.1\ArcToolbox\Toolboxes\Data Management Tools.tbx\CalculateField" Date="20150220" Time="092341" Name="" export="">CalculateField S_XS_MBARR_unsplit1b VERSION_ID "" VB #</Process><Process ToolSource="c:\program files (x86)\arcgis\desktop10.1\ArcToolbox\Toolboxes\Data Management Tools.tbx\CalculateField" Date="20150220" Time="104334" Name="" export="">CalculateField S_XS_MBARR_unsplit1b STRMBED_EL -8888 VB #</Process><Process ToolSource="c:\program files (x86)\arcgis\desktop10.1\ArcToolbox\Toolboxes\Data Management Tools.tbx\CalculateField" Date="20150220" Time="104345" Name="" export="">CalculateField S_XS_MBARR_unsplit1b SEQ -9999 VB #</Process><Process ToolSource="c:\program files (x86)\arcgis\desktop10.1\ArcToolbox\Toolboxes\Data Management Tools.tbx\CalculateField" Date="20150220" Time="104353" Name="" export="">CalculateField S_XS_MBARR_unsplit1b MODEL_ID "" VB #</Process><Process ToolSource="c:\program files (x86)\arcgis\desktop10.1\ArcToolbox\Toolboxes\Data Management Tools.tbx\CalculateField" Date="20150220" Time="104357" Name="" export="">CalculateField S_XS_MBARR_unsplit1b PROFXS_TXT "" VB #</Process><Process ToolSource="c:\program files (x86)\arcgis\desktop10.1\ArcToolbox\Toolboxes\Data Management Tools.tbx\CalculateField" Date="20150220" Time="104403" Name="" export="">CalculateField S_XS_MBARR_unsplit1b VERSION_ID "" VB #</Process><Process ToolSource="c:\program files (x86)\arcgis\desktop10.1\ArcToolbox\Toolboxes\Data Management Tools.tbx\CalculateField" Date="20150220" Time="110419" Name="" export="">CalculateField S_XS_MBARR_unsplit1b STRMBED_EL -8888 VB #</Process><Process ToolSource="c:\program files (x86)\arcgis\desktop10.1\ArcToolbox\Toolboxes\Data Management Tools.tbx\CalculateField" Date="20150220" Time="110431" Name="" export="">CalculateField S_XS_MBARR_unsplit1b SEQ -9999 VB #</Process><Process ToolSource="c:\program files (x86)\arcgis\desktop10.1\ArcToolbox\Toolboxes\Data Management Tools.tbx\CalculateField" Date="20150220" Time="110438" Name="" export="">CalculateField S_XS_MBARR_unsplit1b MODEL_ID "" VB #</Process><Process ToolSource="c:\program files (x86)\arcgis\desktop10.1\ArcToolbox\Toolboxes\Data Management Tools.tbx\CalculateField" Date="20150220" Time="110442" Name="" export="">CalculateField S_XS_MBARR_unsplit1b PROFXS_TXT "" VB #</Process><Process ToolSource="c:\program files (x86)\arcgis\desktop10.1\ArcToolbox\Toolboxes\Data Management Tools.tbx\CalculateField" Date="20150220" Time="110450" Name="" export="">CalculateField S_XS_MBARR_unsplit1b VERSION_ID "" VB #</Process><Process ToolSource="c:\program files (x86)\arcgis\desktop10.1\ArcToolbox\Toolboxes\Data Management Tools.tbx\CalculateField" Date="20150220" Time="125521" Name="" export="">CalculateField S_XS_MBARR_unsplit1b VERSION_ID "" VB #</Process><Process ToolSource="c:\program files (x86)\arcgis\desktop10.1\ArcToolbox\Toolboxes\Data Management Tools.tbx\CalculateField" Date="20150220" Time="125527" Name="" export="">CalculateField S_XS_MBARR_unsplit1b MODEL_ID "" VB #</Process><Process ToolSource="c:\program files (x86)\arcgis\desktop10.1\ArcToolbox\Toolboxes\Data Management Tools.tbx\CalculateField" Date="20150220" Time="125531" Name="" export="">CalculateField S_XS_MBARR_unsplit1b PROFXS_TXT "" VB #</Process><Process ToolSource="c:\program files (x86)\arcgis\desktop10.1\ArcToolbox\Toolboxes\Data Management Tools.tbx\CalculateField" Date="20150220" Time="125539" Name="" export="">CalculateField S_XS_MBARR_unsplit1b STRMBED_EL -8888 VB #</Process><Process ToolSource="c:\program files (x86)\arcgis\desktop10.1\ArcToolbox\Toolboxes\Data Management Tools.tbx\CalculateField" Date="20150220" Time="125548" Name="" export="">CalculateField S_XS_MBARR_unsplit1b SEQ -9999 VB #</Process><Process ToolSource="c:\program files (x86)\arcgis\desktop10.1\ArcToolbox\Toolboxes\Data Management Tools.tbx\CalculateField" Date="20150220" Time="130711" Name="" export="">CalculateField S_XS_MBARR_unsplit1b VERSION_ID "" VB #</Process><Process ToolSource="c:\program files (x86)\arcgis\desktop10.1\ArcToolbox\Toolboxes\Data Management Tools.tbx\CalculateField" Date="20150220" Time="130744" Name="" export="">CalculateField S_XS_MBARR_unsplit1b PROFXS_TXT "" VB #</Process><Process ToolSource="c:\program files (x86)\arcgis\desktop10.1\ArcToolbox\Toolboxes\Data Management Tools.tbx\CalculateField" Date="20150220" Time="130748" Name="" export="">CalculateField S_XS_MBARR_unsplit1b MODEL_ID "" VB #</Process><Process ToolSource="c:\program files (x86)\arcgis\desktop10.1\ArcToolbox\Toolboxes\Data Management Tools.tbx\CalculateField" Date="20150220" Time="130756" Name="" export="">CalculateField S_XS_MBARR_unsplit1b STRMBED_EL -8888 VB #</Process><Process ToolSource="c:\program files (x86)\arcgis\desktop10.1\ArcToolbox\Toolboxes\Data Management Tools.tbx\CalculateField" Date="20150220" Time="130804" Name="" export="">CalculateField S_XS_MBARR_unsplit1b SEQ -9999 VB #</Process><Process ToolSource="c:\program files (x86)\arcgis\desktop10.1\ArcToolbox\Toolboxes\Conversion Tools.tbx\FeatureClassToFeatureClass" Date="20150227" Time="100822" Name="" export="">FeatureClassToFeatureClass "S:\Operations\EngDiv\EngrServices\GIS\Projects\2014 SCHEMA Update - AV\2015XS_QC_AV\20150217_XS_fix.gdb\S_XS_Final" "Database Connections\fcgis sde_ecd as SDE.sde\sde_ecd.SDE.FEMA" S_XS_Final # "DFIRM_ID "DFIRM_ID" true true false 6 Text 0 0 ,First,#,S:\Operations\EngDiv\EngrServices\GIS\Projects\2014 SCHEMA Update - AV\2015XS_QC_AV\20150217_XS_fix.gdb\S_XS_Final,DFIRM_ID,-1,-1;VERSION_ID "VERSION_ID" true true false 11 Text 0 0 ,First,#,S:\Operations\EngDiv\EngrServices\GIS\Projects\2014 SCHEMA Update - AV\2015XS_QC_AV\20150217_XS_fix.gdb\S_XS_Final,VERSION_ID,-1,-1;XS_LN_ID "XS_LN_ID" true true false 32 Text 0 0 ,First,#,S:\Operations\EngDiv\EngrServices\GIS\Projects\2014 SCHEMA Update - AV\2015XS_QC_AV\20150217_XS_fix.gdb\S_XS_Final,XS_LN_ID,-1,-1;WTR_NM "WTR_NM" true true false 100 Text 0 0 ,First,#,S:\Operations\EngDiv\EngrServices\GIS\Projects\2014 SCHEMA Update - AV\2015XS_QC_AV\20150217_XS_fix.gdb\S_XS_Final,WTR_NM,-1,-1;STREAM_STN "STREAM_STN" true true false 8 Double 0 0 ,First,#,S:\Operations\EngDiv\EngrServices\GIS\Projects\2014 SCHEMA Update - AV\2015XS_QC_AV\20150217_XS_fix.gdb\S_XS_Final,STREAM_STN,-1,-1;START_ID "START_ID" true true false 32 Text 0 0 ,First,#,S:\Operations\EngDiv\EngrServices\GIS\Projects\2014 SCHEMA Update - AV\2015XS_QC_AV\20150217_XS_fix.gdb\S_XS_Final,START_ID,-1,-1;XS_LTR "XS_LTR" true true false 12 Text 0 0 ,First,#,S:\Operations\EngDiv\EngrServices\GIS\Projects\2014 SCHEMA Update - AV\2015XS_QC_AV\20150217_XS_fix.gdb\S_XS_Final,XS_LTR,-1,-1;XS_LN_TYP "XS_LN_TYP" true true false 24 Text 0 0 ,First,#,S:\Operations\EngDiv\EngrServices\GIS\Projects\2014 SCHEMA Update - AV\2015XS_QC_AV\20150217_XS_fix.gdb\S_XS_Final,XS_LN_TYP,-1,-1;WSEL_REG "WSEL_REG" true true false 8 Double 0 0 ,First,#,S:\Operations\EngDiv\EngrServices\GIS\Projects\2014 SCHEMA Update - AV\2015XS_QC_AV\20150217_XS_fix.gdb\S_XS_Final,WSEL_REG,-1,-1;STRMBED_EL "STRMBED_EL" true true false 8 Double 0 0 ,First,#,S:\Operations\EngDiv\EngrServices\GIS\Projects\2014 SCHEMA Update - AV\2015XS_QC_AV\20150217_XS_fix.gdb\S_XS_Final,STRMBED_EL,-1,-1;LEN_UNIT "LEN_UNIT" true true false 16 Text 0 0 ,First,#,S:\Operations\EngDiv\EngrServices\GIS\Projects\2014 SCHEMA Update - AV\2015XS_QC_AV\20150217_XS_fix.gdb\S_XS_Final,LEN_UNIT,-1,-1;V_DATUM "V_DATUM" true true false 17 Text 0 0 ,First,#,S:\Operations\EngDiv\EngrServices\GIS\Projects\2014 SCHEMA Update - AV\2015XS_QC_AV\20150217_XS_fix.gdb\S_XS_Final,V_DATUM,-1,-1;PROFXS_TXT "PROFXS_TXT" true true false 80 Text 0 0 ,First,#,S:\Operations\EngDiv\EngrServices\GIS\Projects\2014 SCHEMA Update - AV\2015XS_QC_AV\20150217_XS_fix.gdb\S_XS_Final,PROFXS_TXT,-1,-1;MODEL_ID "MODEL_ID" true true false 100 Text 0 0 ,First,#,S:\Operations\EngDiv\EngrServices\GIS\Projects\2014 SCHEMA Update - AV\2015XS_QC_AV\20150217_XS_fix.gdb\S_XS_Final,MODEL_ID,-1,-1;SEQ "SEQ" true true false 4 Long 0 0 ,First,#,S:\Operations\EngDiv\EngrServices\GIS\Projects\2014 SCHEMA Update - AV\2015XS_QC_AV\20150217_XS_fix.gdb\S_XS_Final,SEQ,-1,-1;SOURCE_CIT "SOURCE_CIT" true true false 21 Text 0 0 ,First,#,S:\Operations\EngDiv\EngrServices\GIS\Projects\2014 SCHEMA Update - AV\2015XS_QC_AV\20150217_XS_fix.gdb\S_XS_Final,SOURCE_CIT,-1,-1;Shape_Length "Shape_Length" false true true 8 Double 0 0 ,First,#,S:\Operations\EngDiv\EngrServices\GIS\Projects\2014 SCHEMA Update - AV\2015XS_QC_AV\20150217_XS_fix.gdb\S_XS_Final,Shape_Length,-1,-1" #</Process><Process ToolSource="c:\program files (x86)\arcgis\desktop10.1\ArcToolbox\Toolboxes\Data Management Tools.tbx\CalculateField" Date="20150227" Time="101636" Name="" export="">CalculateField sde_ecd.SDE.S_XS XS_LN_TYP "NOT LETTERED, MAPPED" VB #</Process><Process ToolSource="c:\program files (x86)\arcgis\desktop10.1\ArcToolbox\Toolboxes\Data Management Tools.tbx\CalculateField" Date="20150227" Time="101814" Name="" export="">CalculateField sde_ecd.SDE.S_XS XS_LN_TYP "NOT LETTERED, NOT MAPPED" VB #</Process><Process ToolSource="c:\program files (x86)\arcgis\desktop10.1\ArcToolbox\Toolboxes\Data Management Tools.tbx\CalculateField" Date="20150423" Time="113223">CalculateField Version\sde_ecd.SDE.S_XS SEQ -9999 VB #</Process><Process ToolSource="c:\program files (x86)\arcgis\desktop10.1\ArcToolbox\Toolboxes\Data Management Tools.tbx\CalculateField" Date="20150423" Time="114026">CalculateField Version\sde_ecd.SDE.S_XS PROFXS_TXT " " VB #</Process><Process ToolSource="c:\program files (x86)\arcgis\desktop10.1\ArcToolbox\Toolboxes\Data Management Tools.tbx\CalculateField" Date="20150423" Time="130435">CalculateField Version\sde_ecd.SDE.S_XS MODEL_ID " " VB #</Process><Process ToolSource="c:\program files (x86)\arcgis\desktop10.1\ArcToolbox\Toolboxes\Data Management Tools.tbx\CalculateField" Date="20150423" Time="130456">CalculateField Version\sde_ecd.SDE.S_XS STRMBED_EL -8888 VB #</Process><Process ToolSource="c:\program files (x86)\arcgis\desktop10.1\ArcToolbox\Toolboxes\Data Management Tools.tbx\CalculateField" Date="20150423" Time="130638">CalculateField Version\sde_ecd.SDE.S_XS VERSION_ID " " VB #</Process><Process ToolSource="c:\program files (x86)\arcgis\desktop10.1\ArcToolbox\Toolboxes\Data Management Tools.tbx\CalculateField" Date="20150622" Time="153052">CalculateField Export_Output START_ID 1 VB #</Process><Process ToolSource="c:\program files (x86)\arcgis\desktop10.1\ArcToolbox\Toolboxes\Data Management Tools.tbx\CalculateField" Date="20150622" Time="153207">CalculateField Export_Output WSEL_REG round( [WSEL_REG],2) VB #</Process></lineage><itemProps><itemName Sync="TRUE">sde_ecd.SDE.S_XS_Final</itemName><imsContentType Sync="TRUE">002</imsContentType><itemLocation><linkage Sync="TRUE">Server=FCGIS; Service=sde:sqlserver:FCGIS; Database=sde_ecd; User=sde; Version=sde.DEFAULT</linkage><protocol Sync="TRUE">ArcSDE Connection</protocol></itemLocation></itemProps><coordRef><type Sync="TRUE">Projected</type><geogcsn Sync="TRUE">GCS_North_American_1983</geogcsn><csUnits Sync="TRUE">Linear Unit: Foot_US (0.304801)</csUnits><projcsn Sync="TRUE">NAD_1983_StatePlane_Texas_South_Central_FIPS_4204_Feet</projcsn><peXml Sync="TRUE">&lt;ProjectedCoordinateSystem xsi:type='typens:ProjectedCoordinateSystem' xmlns:xsi='http://www.w3.org/2001/XMLSchema-instance' xmlns:xs='http://www.w3.org/2001/XMLSchema' xmlns:typens='http://www.esri.com/schemas/ArcGIS/10.1'&gt;&lt;WKT&gt;PROJCS[&amp;quot;NAD_1983_StatePlane_Texas_South_Central_FIPS_4204_Feet&amp;quot;,GEOGCS[&amp;quot;GCS_North_American_1983&amp;quot;,DATUM[&amp;quot;D_North_American_1983&amp;quot;,SPHEROID[&amp;quot;GRS_1980&amp;quot;,6378137.0,298.257222101]],PRIMEM[&amp;quot;Greenwich&amp;quot;,0.0],UNIT[&amp;quot;Degree&amp;quot;,0.0174532925199433]],PROJECTION[&amp;quot;Lambert_Conformal_Conic&amp;quot;],PARAMETER[&amp;quot;False_Easting&amp;quot;,1968500.0],PARAMETER[&amp;quot;False_Northing&amp;quot;,13123333.33333333],PARAMETER[&amp;quot;Central_Meridian&amp;quot;,-99.0],PARAMETER[&amp;quot;Standard_Parallel_1&amp;quot;,28.38333333333333],PARAMETER[&amp;quot;Standard_Parallel_2&amp;quot;,30.28333333333333],PARAMETER[&amp;quot;Latitude_Of_Origin&amp;quot;,27.83333333333333],UNIT[&amp;quot;Foot_US&amp;quot;,0.3048006096012192],AUTHORITY[&amp;quot;EPSG&amp;quot;,2278]]&lt;/WKT&gt;&lt;XOrigin&gt;-126725700&lt;/XOrigin&gt;&lt;YOrigin&gt;-77828800&lt;/YOrigin&gt;&lt;XYScale&gt;3048.0060960121928&lt;/XYScale&gt;&lt;ZOrigin&gt;0&lt;/ZOrigin&gt;&lt;ZScale&gt;1&lt;/ZScale&gt;&lt;MOrigin&gt;0&lt;/MOrigin&gt;&lt;MScale&gt;1&lt;/MScale&gt;&lt;XYTolerance&gt;0.0032808333333333331&lt;/XYTolerance&gt;&lt;ZTolerance&gt;0.001&lt;/ZTolerance&gt;&lt;MTolerance&gt;0.001&lt;/MTolerance&gt;&lt;HighPrecision&gt;true&lt;/HighPrecision&gt;&lt;WKID&gt;102740&lt;/WKID&gt;&lt;LatestWKID&gt;2278&lt;/LatestWKID&gt;&lt;/ProjectedCoordinateSystem&gt;</peXml></coordRef></DataProperties><SyncDate>20150227</SyncDate><SyncTime>10074600</SyncTime><ModDate>20150317</ModDate><ModTime>9362000</ModTime><scaleRange><minScale>150000000</minScale><maxScale>5000</maxScale></scaleRange><ArcGISProfile>ItemDescription</ArcGISProfile></Esri><dataIdInfo><envirDesc Sync="TRUE">Microsoft Windows 7 Version 6.1 (Build 7601) Service Pack 1; Esri ArcGIS 10.1.0.3035</envirDesc><dataLang><languageCode value="eng" Sync="TRUE"/><countryCode value="USA" Sync="TRUE"/></dataLang><idCitation><resTitle Sync="TRUE">sde_ecd.SDE.S_XS_Final</resTitle><presForm><PresFormCd value="005" Sync="TRUE"/></presForm></idCitation><spatRpType><SpatRepTypCd value="001" Sync="TRUE"/></spatRpType><idAbs>&lt;DIV STYLE="text-align:Left;"&gt;&lt;DIV&gt;&lt;DIV&gt;&lt;P&gt;&lt;SPAN STYLE="font-weight:bold;"&gt;New Schema Projection:&lt;/SPAN&gt;&lt;/P&gt;&lt;P&gt;&lt;SPAN&gt;Projected Coordinate System: NAD_1983_StatePlane_Texas_South_Central_FIPS_4204_Feet &lt;/SPAN&gt;&lt;/P&gt;&lt;P&gt;&lt;SPAN&gt;Projection: Lambert_Conformal_Conic False_Easting: 1968500.00000000&lt;/SPAN&gt;&lt;/P&gt;&lt;P&gt;&lt;SPAN&gt;False_Northing: 13123333.33333333&lt;/SPAN&gt;&lt;/P&gt;&lt;P&gt;&lt;SPAN&gt;Central_Meridian: -99.00000000&lt;/SPAN&gt;&lt;/P&gt;&lt;P&gt;&lt;SPAN&gt;Standard_Parallel_1: 28.38333333&lt;/SPAN&gt;&lt;/P&gt;&lt;P&gt;&lt;SPAN&gt;Standard_Parallel_2: 30.28333333&lt;/SPAN&gt;&lt;/P&gt;&lt;P&gt;&lt;SPAN&gt;Latitude_Of_Origin: 27.83333333&lt;/SPAN&gt;&lt;/P&gt;&lt;P&gt;&lt;SPAN&gt;Linear Unit: Foot_US&lt;/SPAN&gt;&lt;/P&gt;&lt;P&gt;&lt;SPAN&gt;Geographic Coordinate System: GCS_North_American_1983&lt;/SPAN&gt;&lt;/P&gt;&lt;P&gt;&lt;SPAN&gt;Horizontal Datum North American Datum of 1983 Vertical Datum North American Vertical Datum (NAVD) 88 with 2001 adjustment&lt;/SPAN&gt;&lt;/P&gt;&lt;P&gt;&lt;SPAN&gt;Prime Meridian: Greenwich&lt;/SPAN&gt;&lt;/P&gt;&lt;P&gt;&lt;SPAN&gt;Angular Unit: Degree&lt;/SPAN&gt;&lt;/P&gt;&lt;P&gt;&lt;SPAN&gt;The purpose of this document is to describe the requirements for geospatial information that must be submitted in support of studies that require preparation of a CLOMR or LOMR (revision or proposed revision to the effective Flood Insurance Rate Map [FIRM]), in addition to that required in direct support of hydrologic and hydraulic modeling&lt;/SPAN&gt;&lt;/P&gt;&lt;P&gt;&lt;SPAN STYLE="font-weight:bold;"&gt;Limitations: &lt;/SPAN&gt;&lt;SPAN&gt;This map is for use in adminstering the National FLood Insurance Program. It does not necessarily identify all areas subject to flooding, particularly from local drainage sources of small size.&lt;/SPAN&gt;&lt;/P&gt;&lt;P&gt;&lt;SPAN STYLE="font-weight:bold;"&gt;Contact Information:&lt;/SPAN&gt;&lt;/P&gt;&lt;P&gt;&lt;SPAN&gt;Todd Ward&lt;/SPAN&gt;&lt;/P&gt;&lt;P&gt;&lt;SPAN&gt;Project Manager, Harris County Flood Control District&lt;/SPAN&gt;&lt;/P&gt;&lt;P&gt;&lt;SPAN&gt;email todd.ward@hcfcd.org&lt;/SPAN&gt;&lt;/P&gt;&lt;/DIV&gt;&lt;/DIV&gt;&lt;/DIV&gt;</idAbs><idPurp>As of 03/09/2015, this dataset follows the new schema required for the submittal of geospatial data by FEMA.

These lines represent the locations of channel surveys performed for input into the hydraulic model used to calculate flood elevations. The spatial elements representing cross sections are lines generally extending from outside the floodplain, across the entire floodplain and out the other side.


</idPurp><searchKeys><keyword>HCFCD</keyword><keyword>FEMA</keyword><keyword>FIRM</keyword></searchKeys></dataIdInfo><mdLang><languageCode value="eng" Sync="TRUE"/><countryCode value="USA" Sync="TRUE"/></mdLang><distInfo><distFormat><formatName Sync="TRUE">SDE Feature Class</formatName></distFormat></distInfo><mdHrLv><ScopeCd value="005" Sync="TRUE"/></mdHrLv><mdHrLvName Sync="TRUE">dataset</mdHrLvName><refSysInfo><RefSystem><refSysID><identCode code="26915" Sync="TRUE" value="2278"/><idCodeSpace Sync="TRUE">EPSG</idCodeSpace><idVersion Sync="TRUE">7.9.4</idVersion></refSysID></RefSystem></refSysInfo><spatRepInfo><VectSpatRep><geometObjs Name="sde_ecd.SDE.S_XS_Final"><geoObjTyp><GeoObjTypCd value="002" Sync="TRUE"/></geoObjTyp><geoObjCnt Sync="TRUE">0</geoObjCnt></geometObjs><topLvl><TopoLevCd value="001" Sync="TRUE"/></topLvl></VectSpatRep></spatRepInfo><spdoinfo><ptvctinf><esriterm Name="sde_ecd.SDE.S_XS_Final"><efeatyp Sync="TRUE">Simple</efeatyp><efeageom code="3" Sync="TRUE"/><esritopo Sync="TRUE">FALSE</esritopo><efeacnt Sync="TRUE">0</efeacnt><spindex Sync="TRUE">TRUE</spindex><linrefer Sync="TRUE">FALSE</linrefer></esriterm></ptvctinf></spdoinfo><eainfo><detailed Name="sde_ecd.SDE.S_XS_Final"><enttyp><enttypl Sync="TRUE">sde_ecd.SDE.S_XS_Final</enttypl><enttypt Sync="TRUE">Feature Class</enttypt><enttypc Sync="TRUE">0</enttypc></enttyp><attr><attrlabl Sync="TRUE">OBJECTID</attrlabl><attalias Sync="TRUE">OBJECTID</attalias><attrtype Sync="TRUE">OID</attrtype><attwidth Sync="TRUE">4</attwidth><atprecis Sync="TRUE">10</atprecis><attscale Sync="TRUE">0</attscale><attrdef Sync="TRUE">Internal feature number.</attrdef><attrdefs Sync="TRUE">Esri</attrdefs><attrdomv><udom Sync="TRUE">Sequential unique whole numbers that are automatically generated.</udom></attrdomv></attr><attr><attrlabl Sync="TRUE">DFIRM_ID</attrlabl><attalias Sync="TRUE">DFIRM_ID</attalias><attrtype Sync="TRUE">String</attrtype><attwidth Sync="TRUE">6</attwidth><atprecis Sync="TRUE">0</atprecis><attscale Sync="TRUE">0</attscale></attr><attr><attrlabl Sync="TRUE">VERSION_ID</attrlabl><attalias Sync="TRUE">VERSION_ID</attalias><attrtype Sync="TRUE">String</attrtype><attwidth Sync="TRUE">11</attwidth><atprecis Sync="TRUE">0</atprecis><attscale Sync="TRUE">0</attscale></attr><attr><attrlabl Sync="TRUE">XS_LN_ID</attrlabl><attalias Sync="TRUE">XS_LN_ID</attalias><attrtype Sync="TRUE">String</attrtype><attwidth Sync="TRUE">32</attwidth><atprecis Sync="TRUE">0</atprecis><attscale Sync="TRUE">0</attscale></attr><attr><attrlabl Sync="TRUE">Shape</attrlabl><attalias Sync="TRUE">Shape</attalias><attrtype Sync="TRUE">Geometry</attrtype><attwidth Sync="TRUE">4</attwidth><atprecis Sync="TRUE">0</atprecis><attscale Sync="TRUE">0</attscale><attrdef Sync="TRUE">Feature geometry.</attrdef><attrdefs Sync="TRUE">Esri</attrdefs><attrdomv><udom Sync="TRUE">Coordinates defining the features.</udom></attrdomv></attr><attr><attrlabl Sync="TRUE">XS_LTR</attrlabl><attalias Sync="TRUE">XS_LTR</attalias><attrtype Sync="TRUE">String</attrtype><attwidth Sync="TRUE">12</attwidth><atprecis Sync="TRUE">0</atprecis><attscale Sync="TRUE">0</attscale></attr><attr><attrlabl Sync="TRUE">START_ID</attrlabl><attalias Sync="TRUE">START_ID</attalias><attrtype Sync="TRUE">String</attrtype><attwidth Sync="TRUE">32</attwidth><atprecis Sync="TRUE">0</atprecis><attscale Sync="TRUE">0</attscale></attr><attr><attrlabl Sync="TRUE">STREAM_STN</attrlabl><attalias Sync="TRUE">STREAM_STN</attalias><attrtype Sync="TRUE">Double</attrtype><attwidth Sync="TRUE">8</attwidth><atprecis Sync="TRUE">38</atprecis><attscale Sync="TRUE">8</attscale></attr><attr><attrlabl Sync="TRUE">XS_LN_TYP</attrlabl><attalias Sync="TRUE">XS_LN_TYP</attalias><attrtype Sync="TRUE">String</attrtype><attwidth Sync="TRUE">24</attwidth><atprecis Sync="TRUE">0</atprecis><attscale Sync="TRUE">0</attscale></attr><attr><attrlabl Sync="TRUE">WTR_NM</attrlabl><attalias Sync="TRUE">WTR_NM</attalias><attrtype Sync="TRUE">String</attrtype><attwidth Sync="TRUE">100</attwidth><atprecis Sync="TRUE">0</atprecis><attscale Sync="TRUE">0</attscale></attr><attr><attrlabl Sync="TRUE">STRMBED_EL</attrlabl><attalias Sync="TRUE">STRMBED_EL</attalias><attrtype Sync="TRUE">Double</attrtype><attwidth Sync="TRUE">8</attwidth><atprecis Sync="TRUE">38</atprecis><attscale Sync="TRUE">8</attscale></attr><attr><attrlabl Sync="TRUE">LEN_UNIT</attrlabl><attalias Sync="TRUE">LEN_UNIT</attalias><attrtype Sync="TRUE">String</attrtype><attwidth Sync="TRUE">16</attwidth><atprecis Sync="TRUE">0</atprecis><attscale Sync="TRUE">0</attscale></attr><attr><attrlabl Sync="TRUE">V_DATUM</attrlabl><attalias Sync="TRUE">V_DATUM</attalias><attrtype Sync="TRUE">String</attrtype><attwidth Sync="TRUE">17</attwidth><atprecis Sync="TRUE">0</atprecis><attscale Sync="TRUE">0</attscale></attr><attr><attrlabl Sync="TRUE">PROFXS_TXT</attrlabl><attalias Sync="TRUE">PROFXS_TXT</attalias><attrtype Sync="TRUE">String</attrtype><attwidth Sync="TRUE">80</attwidth><atprecis Sync="TRUE">0</atprecis><attscale Sync="TRUE">0</attscale></attr><attr><attrlabl Sync="TRUE">MODEL_ID</attrlabl><attalias Sync="TRUE">MODEL_ID</attalias><attrtype Sync="TRUE">String</attrtype><attwidth Sync="TRUE">100</attwidth><atprecis Sync="TRUE">0</atprecis><attscale Sync="TRUE">0</attscale></attr><attr><attrlabl Sync="TRUE">SEQ</attrlabl><attalias Sync="TRUE">SEQ</attalias><attrtype Sync="TRUE">Integer</attrtype><attwidth Sync="TRUE">4</attwidth><atprecis Sync="TRUE">10</atprecis><attscale Sync="TRUE">0</attscale></attr><attr><attrlabl Sync="TRUE">SOURCE_CIT</attrlabl><attalias Sync="TRUE">SOURCE_CIT</attalias><attrtype Sync="TRUE">String</attrtype><attwidth Sync="TRUE">21</attwidth><atprecis Sync="TRUE">0</atprecis><attscale Sync="TRUE">0</attscale></attr><attr><attrlabl Sync="TRUE">WSEL_REG</attrlabl><attalias Sync="TRUE">WSEL_REG</attalias><attrtype Sync="TRUE">Double</attrtype><attwidth Sync="TRUE">8</attwidth><atprecis Sync="TRUE">38</atprecis><attscale Sync="TRUE">8</attscale></attr><attr><attrlabl Sync="TRUE">Shape.STLength()</attrlabl><attalias Sync="TRUE">Shape.STLength()</attalias><attrtype Sync="TRUE">Double</attrtype><attwidth Sync="TRUE">0</attwidth><atprecis Sync="TRUE">0</atprecis><attscale Sync="TRUE">0</attscale></attr></detailed></eainfo><mdDateSt Sync="TRUE">20150317</mdDateSt></metadata>
